external_id;full_name;phone;email;birth_date;city
crm-2966;РИМСКИЙ-КОРСАКОВ ИЛЬЯ ДМИТРИЕВИЧ;964 501 06 60; USER2097.ИЛЬЯ@MAIL.RU ;1.12.1975;Ростов-на-Дону г.
crm-2785;Андреева Ирина Сергеевна;+79597641032;user1975.ирин@mail.ru;1967-08-05;Краснодар
crm-637;ПОПОВ СЕРГЕЙ ВАСИЛЬЕВИЧ;79347834249;;24.01.1995;КРАСНОЯРСК
crm-1944;Лебедева Анна Михайловна;+79975775591;user1384.анна@mail.ru;1976-06-23;Новосибирск
crm-1385;Кузнецова Наталья Юрьевна;+79637310706;user985.ната@mail.ru;1997-10-20;Новосибирск
crm-421;Григорьев Владимир Андреевич;+79443184632;user297.влад@mail.ru;1968-11-08;Воронеж
crm-1558;Григорьев Павел Михайлович;+79100347902;user1114.паве@mail.ru;1993-04-23;Санкт-Петербург
crm-3645;Макарова Полина Игоревна;+79292177958;user2586.поли@mail.ru;1992-05-11;Воронеж
crm-3888;Васильев Валентин Александрович;+79605731540;user2762.вале@mail.ru;1989-02-18;Омск
crm-247;Макарова Светлана Олеговна;+79037232147;user171.свет@mail.ru;1978-01-18;Воронеж
crm-3470;Степанов Даниил Васильевич;+79551708601;user2469.дани@mail.ru;1961-10-01;Ростов-на-Дону
crm-951;КОЗЛОВ ЯРОСЛАВ ИВАНОВИЧ;; USER671.ЯРОС@MAIL.RU ;08/04/1962;г. Новосибирск
crm-2769;Фёдорова Светлана Петровна;+79781787242;user1963.свет@mail.ru;1986-09-27;Новосибирск
crm-549;Воробьёв Владимир Николаевич;+79977994099;user387.влад@mail.ru;1956-10-18;Самара
crm-1846;Андреев Денис Юрьевич;+79303896170;user1321.дени@mail.ru;1980-03-24;Самара
crm-4173;Семёнова Ксения;+79974197170; USER2960.КСЕН@MAIL.RU ;22.3.1962;НОВОСИБИРСК
crm-953;Васильев Игорь Игоревич;+79931185266;user673.игор@mail.ru;1963-10-06;Москва
crm-4081;Волкова Ольга Юрьевна;+79359120828;user2901.ольг@mail.ru;1967-05-21;Омск
crm-933;Фёдоров Сергей Борисович;+79855435653;user661.серг@mail.ru;1964-08-22;Новосибирск
crm-392;Воробьёва Елена Олеговна;+79718920411;user275.елен@mail.ru;1990-01-05;Санкт-Петербург
crm-2137;Соколов Егор Владимирович;+79801804156;user1527.егор@mail.ru;1957-09-26;Пермь
crm-1809;Яковлев Олег Николаевич;+79659947872;user1299.олег@mail.ru;1974-04-08;Санкт-Петербург
crm-3011;Римский-Корсаков Дмитрий Олегович;+79680406159;user2127.дмит@mail.ru;1990-05-12;Санкт-Петербург
crm-1807;Степанов Ярослав Евгеньевич;+79908228484;user1297.ярос@mail.ru;1971-05-08;Москва
crm-1357;Соколов Игорь Николаевич;+79380128568;user963.игор@mail.ru;1969-04-03;Нижний Новгород
crm-1894;Лебедева Юлия Владимировна;+79214735963;user1353.юлия@mail.ru;1968-03-08;Пермь
crm-942;Фёдорова Полина Игоревна;+79202002247;user667.поли@mail.ru;1962-12-03;Пермь
crm-2495;Кузнецов Вадим;8-983-9839939293; USER1778.ВАДИ@MAIL.RU ;28/04/1959;Воронеж г.
crm-1084;Кирилл Орлов;79675993091;USER762.КИРИ@MAIL.RU;05.08.1981;г. Санкт-Петербург
crm-4307;;;;99.99.9999;
crm-1167;Павлов Пётр Петрович;+79086890835;user827.пeтр@mail.ru;1979-05-23;Екатеринбург
crm-723;Волкова Светлана Петровна;+79089413770;user516.свет@mail.ru;1959-10-02;Краснодар
crm-3462;ПЕТРОВА МАРИЯ ПЕТРОВНА;+79423885231; USER2461.МАРИ@MAIL.RU ;1997-11-25;ЕКАТЕРИНБУРГ
crm-52;РОМАНОВ БОРИС БОРИСОВИЧ;+79328349426; USER31.БОРИ@MAIL.RU ;05/06/1975;Уфа г.
crm-2512;Соколов Алексей Игоревич;+79852942797;user1793.алек@mail.ru;1957-12-19;Воронеж
crm-2325;Иванов Олег Борисович;+79068260186;user1667.олег@mail.ru;1958-02-18;Санкт-Петербург
crm-3232;Михайлов Михаил Юрьевич;+79000499666;user2297.миха@mail.ru;1955-04-08;Воронеж
crm-3722;Попова Ирина Олеговна;+79420347312;user2643.ирин@mail.ru;1995-02-08;Красноярск
crm-3113;Александров Григорий Игоревич;+79711917536;user2207.григ@mail.ru;1970-03-01;Пермь
crm-259;ПЕТРОВ ЯРОСЛАВ ЮРЬЕВИЧ;8-996-9967100790; USER179.ЯРОС@MAIL.RU ;11.08.1982;г. Ростов-на-Дону
crm-1943;Кузнецов Андрей Иванович;+79094238091;user1383.андр@mail.ru;1961-02-02;Омск
crm-956;Попов Дмитрий Сергеевич;+79325208367;user676.дмит@mail.ru;1973-02-08;Ростов-на-Дону
crm-1559;Волков Кирилл Евгеньевич;+79672789579;user1115.кири@mail.ru;1979-02-25;Санкт-Петербург
crm-3994;Соловьёв Олег Андреевич;+79570562137;user2838.олег@mail.ru;1969-11-03;Пермь
crm-4010;Фёдорова Светлана Александровна;+79737173642;user2848.свет@mail.ru;1967-01-25;Уфа
crm-2715;Степанов Григорий Васильевич;+79475590792;user1923.григ@mail.ru;1977-02-15;Казань
crm-3086;Макаров Ярослав Викторович;+79959506199;user2183.ярос@mail.ru;1974-08-19;Волгоград
crm-1754;Орлова Мария Олеговна;+79256533917;user1262.мари@mail.ru;1982-03-22;Пермь
crm-3563;Александров Никита;+79832554143;;19.08.1997;РОСТОВ-НА-ДОНУ
crm-3940;Кузнецов Антон Павлович;+79195057750;user2797.анто@mail.ru;1982-04-14;Краснодар
crm-3390;Павлова Наталья Евгеньевна;+79157677053;user2405.ната@mail.ru;1959-08-10;Красноярск
crm-2150;Петров-Водкин Наталья Ивановна;+79300921042;user1537.ната@mail.ru;1995-03-14;Красноярск
crm-3650;Козлов Дмитрий Борисович;+79492265237;user2590.дмит@mail.ru;1964-11-24;Самара
crm-608;Андреев Алексей Игоревич;+79995526708;user430.алек@mail.ru;1956-04-25;Екатеринбург
crm-202;Волков Денис Евгеньевич;+79733547756;user137.дени@mail.ru;1982-05-03;Омск
crm-1175;КОЗЛОВ НИКОЛАЙ АЛЕКСЕЕВИЧ;;USER832.НИКО@MAIL.RU;1995-11-10;г. Самара
crm-4297;???;12345;;99.99.9999;
crm-1450;Тимофей Смирнов;+79452137189;;08.01.1993;САМАРА
crm-3704;СОЛОВЬЁВА ЕЛЕНА ИВАНОВНА;;USER2627.ЕЛЕН@MAIL.RU;6.12.1990;г. Новосибирск
crm-1817;Воробьёв Вадим Сергеевич;+79769749781;user1305.вади@mail.ru;1992-05-07;Нижний Новгород
crm-1308;Лебедев Александр Иванович;+79907720585;user928.алек@mail.ru;1983-11-12;Ростов-на-Дону
crm-1968;Александров  Виктор  Сергеевич;8-976-9763400693;USER1401.ВИКТ@MAIL.RU;23/10/1969;Омск г.
crm-1882;Новиков Константин Юрьевич;+79705910731;user1342.конс@mail.ru;1957-01-24;Санкт-Петербург
crm-848;Романов Ёвгёний Пётрович;961 306 45 92; USER605.ЕВГЕ@MAIL.RU ;1956-02-27;ВОРОНЕЖ
crm-2862;Смирнов Виктор Борисович;+79140893895;user2029.викт@mail.ru;1967-12-20;Омск
crm-1356;Новиков Евгений Иванович;+79487445666;user962.евге@mail.ru;1979-05-23;Екатеринбург
crm-2866;Кузнецова Наталья Петровна;+79605085383;user2032.ната@mail.ru;1971-08-04;Воронеж
crm-2606;Кузнецов Вадим Борисович;+79557369673;user1855.вади@mail.ru;1961-11-06;Волгоград
crm-451;Кузнецов Игорь Евгеньевич;+79123201215;user318.игор@mail.ru;1988-05-27;Омск
crm-1607;Зайцева Юлия Николаевна;+79152711603;user1147.юлия@mail.ru;1962-11-17;Краснодар
crm-1923;Михайлова Вера Борисовна;+79510657081;user1371.вера@mail.ru;1974-06-28;Краснодар
crm-370;Соколова София Олеговна;+79954845635;user257.софи@mail.ru;1972-02-04;Краснодар
crm-982;Николаева Мария Дмитриевна;+79631907628;user691.мари@mail.ru;1994-06-06;Воронеж
crm-216;Иванов Дмитрий Дмитриевич;+79050770468;user149.дмит@mail.ru;1961-12-08;Омск
crm-918;Борисов Максим Михайлович;+79778460098;user649.макс@mail.ru;1986-05-25;Пермь
crm-256;КУЗНЕЦОВ АЛЕКСЕЙ ИГОРЕВИЧ;8-921-9211932786;;13/08/1997;Ростов-на-Дону г.
crm-3656;Семёнова Татьяна Евгеньевна;+79798628216;user2593.тать@mail.ru;1993-02-06;Красноярск
crm-4254;???;;;31.02.1990;
crm-2524;Петров-Водкин Илья Сергеевич;+79284646085;user1801.илья@mail.ru;1955-02-01;Новосибирск
crm-2757;НИКИТИНА ВИКТОРИЯ АНДРЕЕВНА;;USER1952.ВИКТ@MAIL.RU;12.5.1956;Уфа г.
crm-1637;Петров-Водкин Григорий Игоревич;+79491431592;user1170.григ@mail.ru;1971-02-04;Волгоград
crm-3364;Павлов  Вадим  Дмитриевич;8-931-9319736551; USER2384.ВАДИ@MAIL.RU ;17.5.1976;г. Казань
crm-2122;ВОЛКОВ ВЛАДИМИР АЛЕКСАНДРОВИЧ;958 238 74 58;;11.6.1998;Новосибирск г.
crm-3024;Сергеев Александр Викторович;+79232589966;user2133.алек@mail.ru;1973-07-08;Москва
crm-949;Козлов Ярослав Иванович;+79746371283;user671.ярос@mail.ru;1962-04-08;Новосибирск
crm-1631;Смирнова Ксения Михайловна;+79058453821;user1164.ксен@mail.ru;1985-08-06;Екатеринбург
crm-1550;Павлов Пётр Борисович;+79965996605;user1108.пeтр@mail.ru;1972-04-03;Екатеринбург
crm-333;Васильёв Борис Олёгович;+79918703774;;06.10.1988;г. Нижний Новгород
crm-1112;ПЕТРОВ ИВАН ПАВЛОВИЧ;79652465902; USER786.ИВАН@MAIL.RU ;18.10.1963;г. Уфа
crm-3459;Романов Денис Петрович;+79941535183;user2460.дени@mail.ru;1988-01-04;Красноярск
crm-3219;Петров Игорь Иванович;+79858732492;user2290.игор@mail.ru;1995-08-14;Новосибирск
crm-99;Степанов Никита Петрович;+79196634443;user70.ники@mail.ru;1973-10-02;Воронеж
crm-3535;Иванов Александр Алексеевич;+79715780421;user2512.алек@mail.ru;1973-11-19;Красноярск
crm-793;Сергеева Татьяна Михайловна;+79946511365;user563.тать@mail.ru;1969-04-01;Красноярск
crm-4102;Козлова Виктория Петровна;+79921873842;user2915.викт@mail.ru;1973-05-03;Краснодар
crm-967;Соколов Валентин Игоревич;+79139541078;user681.вале@mail.ru;1993-09-22;Волгоград
crm-1066;Григорьев Ярослав Александрович;+79038852836;user749.ярос@mail.ru;1974-02-20;Самара
crm-2206;Семёнова Виктория Викторовна;+79919108726;user1580.викт@mail.ru;1998-01-08;Самара
crm-581;ПЕТРОВ-ВОДКИН ИВАН ПЕТРОВИЧ;79712234368;USER411.ИВАН@MAIL.RU;16/07/1969;Красноярск г.
crm-2035;Павлов Михаил;8-936-9360577312; USER1455.МИХА@MAIL.RU ;01/01/1969;г. Волгоград
crm-3632;Зайцев Дмитрий Юрьевич;+79312697541;user2577.дмит@mail.ru;1974-03-23;Нижний Новгород
crm-2764;Макарова Юлия Алёксёёвна;+79713982035; USER1958.ЮЛИЯ@MAIL.RU ;2.3.1984;г. Уфа
crm-588;Козлова София Ивановна;+79129856642;user416.софи@mail.ru;1985-08-13;Красноярск
crm-4185;Кузнецова Дарья Евгеньевна;+79513119337;user2968.дарь@mail.ru;1961-11-05;Красноярск
crm-334;Сергеев Григорий Евгеньевич;+79404267267;user231.григ@mail.ru;1972-04-07;Новосибирск
crm-2873;Петрова Дарья Сергеевна;+79789308302;user2037.дарь@mail.ru;1997-02-14;Волгоград
crm-2991;Волков Иван Дмитриевич;+79211590998;user2112.иван@mail.ru;1981-07-21;Омск
crm-2963;Сергеев Кирилл Игоревич;+79757368380;user2095.кири@mail.ru;1994-01-17;Нижний Новгород
crm-812;НИКИТИНА СВЕТЛАНА ПЕТРОВНА;8 (984) 972-06-21;USER577.СВЕТ@MAIL.RU;01/12/1981;НОВОСИБИРСК
crm-3747;Зайцева Виктория Олеговна;+79887298598;user2660.викт@mail.ru;1976-07-20;Воронеж
crm-565;Морозова Екатерина Васильевна;+79376519158;user398.екат@mail.ru;1986-11-02;Нижний Новгород
crm-2728;Владимир Степанов;+79111373968; USER1934.ВЛАД@MAIL.RU ;28/03/1992;г. Ростов-на-Дону
crm-3293;Фролов Василий Игоревич;+79479405271;user2343.васи@mail.ru;1958-07-07;Красноярск
crm-3040;Алексеева София Владимировна;+79769378473;user2147.софи@mail.ru;1996-12-13;Самара
crm-2812;Григорьёв Антон Юрьёвич;79726068194; USER1995.АНТО@MAIL.RU ;11.9.1981;Нижний Новгород г.
crm-2986;семёнова ксения михайловна;924 210 41 57;;28.10.1990;Москва г.
crm-741;Попова Татьяна Васильевна;+79605455670;user529.тать@mail.ru;1971-10-09;Воронеж
crm-1225;Макаров Андрей Борисович;+79383423658;user870.андр@mail.ru;1959-12-08;Екатеринбург
crm-4247;;;;99.99.9999;
crm-4310;;;;99.99.9999;
crm-3179;петров егор олегович;; USER2257.ЕГОР@MAIL.RU ;5.5.1970;г. Санкт-Петербург
crm-1709;Петров Василий Андреевич;+79449882957;user1227.васи@mail.ru;1965-08-23;Воронеж
crm-66;Захарова Вера Юрьевна;+79259752714;user45.вера@mail.ru;1957-02-28;Волгоград
crm-1242;Попова Елена Дмитриевна;+79665289017;user883.елен@mail.ru;1971-05-10;Санкт-Петербург
crm-3716;Алексеева Полина Петровна;+79253183211;user2637.поли@mail.ru;1966-04-19;Омск
crm-1900;Григорьев  Артём  Евгеньевич;79311524508;;1986-03-28;САМАРА
crm-4016;Захаров Валентин Николаевич;+79866974937;user2852.вале@mail.ru;1997-07-24;Ростов-на-Дону
crm-2356;ФЁДОРОВ РОМАН ВЛАДИМИРОВИЧ;79951973904;USER1686.РОМА@MAIL.RU;27.01.1996;ОМСК
crm-3244;Макарова Елена Николаевна;+79143778209;user2304.елен@mail.ru;1963-05-06;Москва
crm-512;Алексеева Виктория Павловна;+79062040932;user363.викт@mail.ru;1970-04-12;Воронеж
crm-2069;Васильев Антон Дмитриевич;+79132130898;user1482.анто@mail.ru;1986-04-18;Екатеринбург
crm-330;Васильев Борис Олегович;+79918703774;user230.бори@mail.ru;1988-10-06;Нижний Новгород
crm-354;Егорова Валентина Борисовна;+79134823756;user246.вале@mail.ru;1958-03-12;Москва
crm-2713;Орлов Артём Борисович;;USER1921.АРТE@MAIL.RU;07/04/1965;РОСТОВ-НА-ДОНУ
crm-3548;Смирнов Фёдор Михайлович;+79862004831;user2522.фeдо@mail.ru;1966-04-13;Уфа
crm-1561;Кузнецов Роман Игоревич;+79073948542;user1117.рома@mail.ru;1988-04-01;Воронеж
crm-493;Михайлов Илья Юрьёвич;; USER350.ИЛЬЯ@MAIL.RU ;21/11/1965;г. Нижний Новгород
crm-3491;Романов Никита Викторович;+79379419735;user2481.ники@mail.ru;1961-06-13;Нижний Новгород
crm-2944;Яковлева Ольга Евгеньевна;+79741064481;user2081.ольг@mail.ru;1963-10-27;Волгоград
crm-2530;Козлов Андрей Борисович;+79700517913;user1805.андр@mail.ru;1969-06-16;Нижний Новгород
crm-2402;Воробьёва Валентина Александровна;+79353762355;user1712.вале@mail.ru;1980-02-08;Пермь
crm-3944;Попова Ирина Олеговна;+79504620364;user2801.ирин@mail.ru;1971-04-11;Красноярск
crm-1936;Яковлёва Вёра Васильёвна;926 876 01 97;;19/11/1992;Самара г.
crm-3354;Александрова Светлана Борисовна;+79311442877;user2375.свет@mail.ru;1994-11-26;Волгоград
crm-888;Козлов Владимир Иванович;+79579432413;user628.влад@mail.ru;1995-09-27;Волгоград
crm-4014;Фёдоров Никита Игоревич;+79041952092;user2850.ники@mail.ru;1995-05-02;Воронеж
crm-447;Петров-Водкин Василий Михайлович;+79154607945;user314.васи@mail.ru;1991-07-22;Самара
crm-2476;Орлов Роман Михайлович;+79694852130;user1767.рома@mail.ru;1997-06-08;Красноярск
crm-2151;Иванов Денис Павлович;+79003288095;user1538.дени@mail.ru;1983-11-24;Воронеж
crm-2962;Кузнецова Юлия Евгеньевна;+79123232416;user2094.юлия@mail.ru;1981-04-11;Уфа
crm-2275;Петров-Водкин Елена;; USER1631.ЕЛЕН@MAIL.RU ;15.07.1980;г. Самара
crm-3242;Иванов Тимофей Алексеевич;+79662492725;user2302.тимо@mail.ru;1969-07-26;Красноярск
crm-1618;АЛЕКСАНДРОВ МАКСИМ АЛЕКСАНДРОВИЧ;; USER1155.МАКС@MAIL.RU ;1995-10-10;Новосибирск г.
crm-1457;Фёдоров Константин Владимирович;+79351943850;user1036.конс@mail.ru;1988-11-03;Москва
crm-701;Петров-Водкин Илья Евгеньевич;+79732606203;user500.илья@mail.ru;1958-11-25;Самара
crm-1188;Никитин Илья Игоревич;+79746888802;user843.илья@mail.ru;1981-04-10;Уфа
crm-1408;Иванова Ольга Дмитриевна;+79575803862;user1006.ольг@mail.ru;1959-01-12;Красноярск
crm-2473;ФРОЛОВ ЮРИЙ ВЛАДИМИРОВИЧ;; USER1766.ЮРИЙ@MAIL.RU ;25.07.1994;г. Краснодар
crm-2835;Егоров Денис Олегович;+79007012326;user2014.дени@mail.ru;1993-06-26;Нижний Новгород
crm-301;Никитин Тимофей Сергеевич;+79584330235;user209.тимо@mail.ru;1955-09-06;Краснодар
crm-502;Александров  Максим  Павлович;79226435749;;18.05.1979;Нижний Новгород г.
crm-691;Фролов Егор Алексеевич;+79850083719;user493.егор@mail.ru;1957-08-12;Пермь
crm-2454;СОКОЛОВ ЯРОСЛАВ ДМИТРИЕВИЧ;8 (905) 637-44-83; USER1750.ЯРОС@MAIL.RU ;19.6.1966;КРАСНОЯРСК
crm-2726;Степанов Владимир Владимирович;+79111373968;user1934.влад@mail.ru;1992-03-28;Ростов-на-Дону
crm-470;Семёнов Юрий;79921472328;USER333.ЮРИЙ@MAIL.RU;25.1.1979;Казань г.
crm-560;Васильев Олег Владимирович;+79364579975;user394.олег@mail.ru;1966-02-19;Ростов-на-Дону
crm-101;Никита Степанов;; USER70.НИКИ@MAIL.RU ;1973-10-02;г. Воронеж
crm-4166;Сергеева Ольга;79072048475;USER2956.ОЛЬГ@MAIL.RU;1963-12-08;Омск г.
crm-1861;Николаев Денис Игоревич;+79405036364;user1331.дени@mail.ru;1985-10-11;Москва
crm-2481;Петров Павел Васильевич;+79939672875;user1771.паве@mail.ru;1996-03-17;Пермь
crm-3984;Соловьёва Анна Юрьевна;+79601913966;user2832.анна@mail.ru;1969-03-16;Уфа
crm-2285;РИМСКИЙ-КОРСАКОВ НИКИТА ИГОРЕВИЧ;8-967-9673382196;;26/06/1956;г. Екатеринбург
crm-1519;Петров-Водкин Вадим Евгеньевич;+79912260270;user1085.вади@mail.ru;1989-01-15;Омск
crm-2449;Попов Тимофей Юрьевич;+79055007812;user1748.тимо@mail.ru;1968-01-24;Уфа
crm-1366;Ксения Егорова;954 739 58 84;USER969.КСЕН@MAIL.RU;02/04/1993;Омск г.
crm-313;Орлов Василий Юрьевич;+79628954476;user221.васи@mail.ru;1969-12-26;Новосибирск
crm-2797;ЗАЙЦЕВ БОРИС ВЛАДИМИРОВИЧ;+79653027370; USER1985.БОРИ@MAIL.RU ;1963-06-13;Санкт-Петербург г.
crm-4104;Михайлов  Станислав  Васильевич;79999799719;USER2916.СТАН@MAIL.RU;6.4.1975;Красноярск г.
crm-778;Иванов Павел Васильевич;+79518686393;user551.паве@mail.ru;1978-07-07;Москва
crm-1566;Семёнов Максим Васильевич;+79054120033;user1121.макс@mail.ru;1960-06-25;Самара
crm-3605;Кирилл Волков;+79761324600; USER2558.КИРИ@MAIL.RU ;16.11.1963;ВОРОНЕЖ
crm-3561;Морозов Борис Игорёвич;959 656 57 02; USER2529.БОРИ@MAIL.RU ;1965-06-25;КРАСНОЯРСК
crm-2734;Павлова Екатерина Викторовна;+79525423249;user1939.екат@mail.ru;1995-10-07;Самара
crm-2301;СМИРНОВ ПЁТР ИГОРЕВИЧ;+79113128020;USER1647.ПEТР@MAIL.RU;1980-10-10;КРАСНОДАР
crm-2516;Степанова Галина Ивановна;+79223456937;user1795.гали@mail.ru;1981-06-18;Санкт-Петербург
crm-810;Никитина Светлана Петровна;+79849720621;user577.свет@mail.ru;1981-12-01;Новосибирск
crm-3072;Соловьёв Кирилл Юрьёвич;+79463068074;;21.04.1991;Новосибирск г.
crm-4274;;;;99.99.9999;
crm-513;Зайцева Ксения Васильевна;+79503354369;user364.ксен@mail.ru;1990-02-23;Москва
crm-2942;Васильева  Елена  Сергеевна;+79119389047;USER2080.ЕЛЕН@MAIL.RU;27.11.1974;Нижний Новгород г.
crm-1293;Кузнецов Артём Алексеевич;+79052046180;user917.артe@mail.ru;1980-11-06;Ростов-на-Дону
crm-224;Иванов Никита Юрьевич;+79195603050;user156.ники@mail.ru;1986-11-22;Пермь
crm-1352;Андреев Игорь Михайлович;+79401325375;user958.игор@mail.ru;1989-09-13;Москва
crm-1391;Михайлов Фёдор Юрьевич;+79188217053;user991.фeдо@mail.ru;1990-09-14;Красноярск
crm-3913;Романова Полина Владимировна;+79053489187;user2781.поли@mail.ru;1980-11-15;Ростов-на-Дону
crm-2717;Воробьёв Василий Владимирович;+79564533944;user1925.васи@mail.ru;1972-08-26;Волгоград
crm-2758;Кузнецова Виктория Сергеевна;+79959908188;user1953.викт@mail.ru;1964-05-09;Волгоград
crm-878;Лебедева Анна Игоревна;+79806312709;user623.анна@mail.ru;1958-08-23;Москва
crm-419;Петров Михаил Олегович;+79775527440;user295.миха@mail.ru;1982-04-06;Москва
crm-284;Козлов Александр Борисович;+79838939122;user195.алек@mail.ru;1998-06-23;Новосибирск
crm-3893;Волков  Валентин  Игоревич;79683645888;USER2765.ВАЛЕ@MAIL.RU;21.04.1984;Москва г.
crm-2876;Соколова  Галина  Сергеевна;989 558 92 37;;26.2.1982;РОСТОВ-НА-ДОНУ
crm-487;Попова Вера Владимировна;+79688964271;user345.вера@mail.ru;1995-07-07;Уфа
crm-2804;Сергеева Ольга Борисовна;+79250131243;user1990.ольг@mail.ru;1957-12-16;Пермь
crm-2833;Никитина Наталья Петровна;+79589592731;user2012.ната@mail.ru;1985-08-06;Краснодар
crm-989;Макарова Наталья Александровна;+79644656257;user695.ната@mail.ru;1985-09-25;Краснодар
crm-3639;Ольга Никитина;8-916-9161345000; USER2583.ОЛЬГ@MAIL.RU ;23.09.1963;РОСТОВ-НА-ДОНУ
crm-2667;Воробьёв Максим Михайлович;+79446775244;user1896.макс@mail.ru;1958-03-28;Уфа
crm-1916;Алёксандров Станислав Алёксандрович;8 (921) 339-85-65;USER1368.СТАН@MAIL.RU;14.6.1955;г. Краснодар
crm-1104;Михайлов Михаил Александрович;+79789208785;user779.миха@mail.ru;1984-07-12;Омск
crm-2331;ЛЕБЕДЕВ ЕГОР ОЛЕГОВИЧ;; USER1669.ЕГОР@MAIL.RU ;1960-02-22;УФА
crm-2207;Егоров Игорь Васильевич;+79639323924;user1581.игор@mail.ru;1985-09-22;Казань
crm-97;Лебедев Тимофей Владимирович;+79457598171;user68.тимо@mail.ru;1967-02-18;Красноярск
crm-2536;Макаров Лев Алексеевич;+79842199584;user1810.лев@mail.ru;1974-03-06;Красноярск
crm-1146;Фролов Тимофей Павлович;+79356019601;user813.тимо@mail.ru;1972-02-23;Новосибирск
crm-2565;римский-корсаков виктор викторович;8 (900) 840-95-95;USER1828.ВИКТ@MAIL.RU;04.12.1982;ВОЛГОГРАД
crm-715;Кузнецова Юлия Владимировна;+79552856133;user509.юлия@mail.ru;1966-02-03;Санкт-Петербург
crm-3522;БОРИСОВ АЛЕКСЕЙ ВАСИЛЬЕВИЧ;79962071010;;18/03/1975;г. Екатеринбург
crm-4064;Смирнова Елена Игоревна;+79421975762;user2888.елен@mail.ru;1967-08-23;Волгоград
crm-3251;Римский-Корсаков Фёдор Александрович;+79334719602;user2308.фeдо@mail.ru;1991-02-24;Воронеж
crm-966;Фролова Татьяна Дмитриёвна;8 (961) 952-62-15; USER680.ТАТЬ@MAIL.RU ;1984-08-05;Уфа г.
crm-779;Смирнов Алексей Александрович;+79543533500;user552.алек@mail.ru;1992-11-26;Красноярск
crm-3868;Романова Ксения Дмитриевна;+79943084911;user2743.ксен@mail.ru;1997-07-21;Пермь
crm-2208;Алексеева Ксения Борисовна;+79355235667;user1582.ксен@mail.ru;1965-09-27;Казань
crm-2662;Захарова Анна Евгеньевна;+79154423415;user1891.анна@mail.ru;1975-07-13;Краснодар
crm-871;Волков Тимофёй Павлович;981 860 94 02;USER619.ТИМО@MAIL.RU;28.2.1990;ВОРОНЕЖ
crm-1927;Михайлов Василий Николаевич;+79053245492;user1375.васи@mail.ru;1991-08-11;Екатеринбург
crm-2820;Степанов Тимофей;8 (907) 347-92-63; USER2000.ТИМО@MAIL.RU ;7.10.1959;г. Екатеринбург
crm-979;Орлов Даниил Сергеевич;+79011791960;user689.дани@mail.ru;1990-05-03;Омск
crm-2185;Фролов Даниил Андреевич;+79731212072;user1566.дани@mail.ru;1991-01-27;Москва
crm-4006;Сергеева Татьяна Павловна;+79979332336;user2846.тать@mail.ru;1991-05-18;Воронеж
crm-390;Макарова Елена Сергеевна;+79966198491;user273.елен@mail.ru;1961-12-03;Краснодар
crm-3857;Елена Николаева;8 (923) 528-31-68;USER2737.ЕЛЕН@MAIL.RU;1964-12-15;г. Самара
crm-3647;Козлов Денис Иванович;+79640626509;user2587.дени@mail.ru;1955-05-28;Самара
crm-214;Макарова Елена Андреевна;+79873378515;user147.елен@mail.ru;1982-03-24;Волгоград
crm-3591;Фёдоров Фёдор Алексеевич;+79234693566;user2548.фeдо@mail.ru;1985-10-10;Пермь
crm-276;Фёдорова Людмила Борисовна;+79829485153;user189.людм@mail.ru;1990-10-22;Омск
crm-3972;Орлова Елена Васильевна;+79710867603;user2823.елен@mail.ru;1967-02-13;Пермь
crm-1537;Соколова Мария Алексеевна;+79918425119;user1097.мари@mail.ru;1965-07-03;Самара
crm-4129;Козлова Полина Павловна;+79355919512;user2931.поли@mail.ru;1956-04-20;Новосибирск
crm-2031;Яковлев Андрей Андреевич;+79982941483;user1452.андр@mail.ru;1969-03-07;Уфа
crm-3319;Ярослав Николаев;982 731 61 43;USER2357.ЯРОС@MAIL.RU;16.05.1971;г. Нижний Новгород
crm-2528;Соколова Ольга Петровна;+79752519879;user1804.ольг@mail.ru;1976-12-26;Санкт-Петербург
crm-879;Павлов Виктор Иванович;+79095878690;user624.викт@mail.ru;1963-11-20;Омск
crm-3463;Иванов Тимофей Алексеевич;+79835763034;user2462.тимо@mail.ru;1976-08-14;Ростов-на-Дону
crm-279;Семёнов Фёдор Викторович;+79175957341;user192.фeдо@mail.ru;1980-11-04;Волгоград
crm-3917;Александров Антон Владимирович;+79316772732;user2782.анто@mail.ru;1976-12-08;Самара
crm-1908;Фёдорова Анна Игоревна;+79990680237;user1364.анна@mail.ru;1990-04-11;Нижний Новгород
crm-2380;Пётр Кузнецов;;USER1700.ПEТР@MAIL.RU;27/07/1988;Екатеринбург г.
crm-3411;Соколов Владимир Пётрович;;USER2420.ВЛАД@MAIL.RU;01.05.1959;РОСТОВ-НА-ДОНУ
crm-1303;Даниил Михайлов;991 432 74 62;;11.04.1964;г. Самара
crm-391;Смирнов Григорий Иванович;+79225813523;user274.григ@mail.ru;1984-09-25;Омск
crm-2287;Римский-Корсаков Никита Игорёвич;967 338 21 96;USER1638.НИКИ@MAIL.RU;26.06.1956;г. Екатеринбург
crm-2167;алексеев пётр алексеевич;;USER1550.ПEТР@MAIL.RU;1988-08-14;Новосибирск г.
crm-1474;Андреев Глеб Иванович;+79209215060;user1047.глеб@mail.ru;1981-11-01;Екатеринбург
crm-766;АЛЕКСАНДРОВ НИКИТА СЕРГЕЕВИЧ;79951304935;;27.5.1987;г. Самара
crm-2367;Захаров Максим Павлович;+79776393141;user1691.макс@mail.ru;1970-11-06;Воронеж
crm-120;Александров Николай Петрович;+79035356789;user84.нико@mail.ru;1995-09-05;Омск
crm-977;Петров-Водкин Юлия Евгеньевна;+79836341724;user687.юлия@mail.ru;1975-06-08;Казань
crm-1353;Макарова Наталья Борисовна;+79575315660;user959.ната@mail.ru;1991-02-06;Нижний Новгород
crm-1669;Воробьёва Екатерина Михайловна;+79258228876;user1194.екат@mail.ru;1980-12-17;Нижний Новгород
crm-882;ПАВЛОВ ВИКТОР ИВАНОВИЧ;+79095878690;USER624.ВИКТ@MAIL.RU;20.11.1963;Омск г.
crm-2831;Николаев Алексей Петрович;+79382969903;user2010.алек@mail.ru;1970-01-25;Казань
crm-1108;Соколов Егор Иванович;+79698263518;user783.егор@mail.ru;1991-07-27;Новосибирск
crm-2270;Фёдоров Николай Дмитриевич;+79125421719;user1627.нико@mail.ru;1998-08-06;Уфа
crm-1724;Петров Игорь Михайлович;+79731751161;user1238.игор@mail.ru;1983-06-03;Москва
crm-961;никитин александр александрович;8 (904) 185-86-43;USER678.АЛЕК@MAIL.RU;1999-10-23;г. Екатеринбург
crm-503;АЛЕКСАНДРОВ МАКСИМ ПАВЛОВИЧ;;USER354.МАКС@MAIL.RU;18.5.1979;Нижний Новгород г.
crm-204;Никитина Татьяна Михайловна;+79215842349;user139.тать@mail.ru;1979-12-07;Новосибирск
crm-4287;???;12345;;99.99.9999;
crm-3248;Соколов Дмитрий Юрьевич;+79677207592;user2306.дмит@mail.ru;1961-06-16;Самара
crm-1413;Захаров Василий Михайлович;+79710985465;user1011.васи@mail.ru;1988-09-26;Москва
crm-3697;Семёнов Борис Игоревич;+79578224795;user2624.бори@mail.ru;1969-05-16;Самара
crm-3758;Макарова Галина Андреевна;+79427730084;user2669.гали@mail.ru;1986-03-28;Казань
crm-1361;Григорий Лебедев;79721938470;;18.12.1993;г. Самара
crm-3158;Николаев Пётр Дмитриевич;+79682903349;user2241.пeтр@mail.ru;1972-06-28;Омск
crm-2298;Макарова Виктория Борисовна;+79965019121;user1645.викт@mail.ru;1984-09-23;Казань
crm-2338;Петров Фёдор Евгеньевич;+79090425627;user1676.фeдо@mail.ru;1984-10-15;Красноярск
crm-2832;Лебедев Кирилл Викторович;+79362616055;user2011.кири@mail.ru;1974-02-09;Санкт-Петербург
crm-480;Григорьев Юрий Сергеевич;+79465927745;user341.юрий@mail.ru;1956-05-06;Казань
crm-1886;Андреев Максим Петрович;+79288682756;user1346.макс@mail.ru;1955-01-08;Красноярск
crm-1848;Никитин Лев Александрович;+79465766952;user1323.лев@mail.ru;1958-01-01;Пермь
crm-2365;васильев валентин павлович;;USER1690.ВАЛЕ@MAIL.RU;04.09.1967;г. Ростов-на-Дону
crm-1377;Сергеев Никита Петрович;+79901098052;user980.ники@mail.ru;1981-05-03;Самара
crm-2826;Макарова София Игоревна;+79867536567;user2005.софи@mail.ru;1974-01-07;Самара
crm-626;Козлов Андрей Борисович;+79969685306;user446.андр@mail.ru;1980-09-22;Пермь
crm-1702;Морозова Наталья Евгеньевна;+79250151485;user1220.ната@mail.ru;1993-03-07;Екатеринбург
crm-4286;???;;;31.02.1990;
crm-566;Кузнецов Тимофей Васильевич;+79508479955;user399.тимо@mail.ru;1995-08-15;Ростов-на-Дону
crm-3226;Петров-Водкин  Денис  Сергеевич;8-900-9006464224; USER2293.ДЕНИ@MAIL.RU ;15.02.1992;ЕКАТЕРИНБУРГ
crm-1030;Алёксандрова Валёнтина Павловна;954 490 33 73; USER725.ВАЛЕ@MAIL.RU ;03.10.1967;Пермь г.
crm-3018;Борисова Ольга Игоревна;+79333804223;user2129.ольг@mail.ru;1959-09-18;Пермь
crm-2508;Егоров Кирилл Борисович;+79930194589;user1789.кири@mail.ru;1994-02-24;Казань
crm-264;Васильев Роман Евгеньевич;+79789686721;user184.рома@mail.ru;1965-04-24;Казань
crm-2012;Александрова София Олеговна;+79483754253;user1434.софи@mail.ru;1993-12-11;Ростов-на-Дону
crm-2399;петров-водкин александр сергеевич;8-980-9800637300;USER1710.АЛЕК@MAIL.RU;18.5.1986;Волгоград г.
crm-4201;Павлов Лев Сергеевич;+79365228801;user2980.лев@mail.ru;1976-06-11;Ростов-на-Дону
crm-1444;Зайцева София Андреевна;+79251688053;user1030.софи@mail.ru;1998-02-14;Волгоград
crm-562;Захаров Вадим Михайлович;+79835670098;user396.вади@mail.ru;1981-04-02;Казань
crm-3133;михайлов егор михайлович;; USER2219.ЕГОР@MAIL.RU ;28.06.1987;КРАСНОДАР
crm-1915;Станислав Александров;921 339 85 65; USER1368.СТАН@MAIL.RU ;14.6.1955;Краснодар г.
crm-1428;фролова екатерина игоревна;; USER1020.ЕКАТ@MAIL.RU ;1975-04-17;г. Пермь
crm-1049;Егоров Даниил Владимирович;+79757317875;user738.дани@mail.ru;1955-02-19;Ростов-на-Дону
crm-2098;Кузнецов Егор Александрович;+79784484639;user1501.егор@mail.ru;1998-07-23;Екатеринбург
crm-606;Никитин Кирилл Павлович;+79813263351;user428.кири@mail.ru;1974-11-01;Самара
crm-3356;Воробьёва Анна Олеговна;+79124404559;user2377.анна@mail.ru;1999-09-03;Пермь
crm-3382;Яковлев Александр Александрович;+79735306886;user2397.алек@mail.ru;1975-07-03;Пермь
crm-366;Николаев Олег Павлович;+79214674780;user253.олег@mail.ru;1984-05-27;Краснодар
crm-344;Николаев Валентин Олегович;+79870971020;user238.вале@mail.ru;1974-06-01;Екатеринбург
crm-2465;Фролов Пётр Михайлович;+79914128656;user1759.пeтр@mail.ru;1975-04-02;Волгоград
crm-155;Морозов Валентин Олегович;+79252246995;user106.вале@mail.ru;1991-05-16;Воронеж
crm-2070;Васильев Антон;;USER1482.АНТО@MAIL.RU;1986-04-18;ЕКАТЕРИНБУРГ
crm-4285;???;;;31.02.1990;
crm-132;Козлова  София  Петровна;+79097187352;USER90.СОФИ@MAIL.RU;22.11.1982;САНКТ-ПЕТЕРБУРГ
crm-2160;ПОПОВ ФЁДОР ПЕТРОВИЧ;931 012 96 70;;1961-01-10;г. Казань
crm-3686;Алексеев Роман Юрьевич;+79750755060;user2614.рома@mail.ru;1955-09-17;Пермь
crm-641;Петров Валентин Дмитриевич;+79650422730;user456.вале@mail.ru;1987-02-23;Пермь
crm-4230;???;12345;;99.99.9999;
crm-2192;Лебедев Тимофей Борисович;+79564504806;user1571.тимо@mail.ru;1973-01-07;Уфа
crm-1065;Григорьев Борис Викторович;+79917951269;user748.бори@mail.ru;1957-06-17;Воронеж
crm-3038;Кузнецов Андрей Юрьевич;+79541805895;user2145.андр@mail.ru;1993-10-19;Новосибирск
crm-1026;Волков Пётр Викторович;+79382087623;user722.пeтр@mail.ru;1984-03-05;Уфа
crm-3209;Николаев Юрий Евгеньевич;+79296125605;user2283.юрий@mail.ru;1989-02-21;Екатеринбург
crm-2784;Петрова Полина Павловна;+79481001110;user1974.поли@mail.ru;1956-11-23;Уфа
crm-1140;Светлана Романова;;USER809.СВЕТ@MAIL.RU;1969-01-01;Уфа г.
crm-1855;Морозов Константин Васильевич;+79436688062;user1328.конс@mail.ru;1985-08-13;Нижний Новгород
crm-2567;Полина Орлова;79505354303;;04/11/1969;Омск г.
crm-3841;АНДРЕЕВ ПАВЕЛ НИКОЛАЕВИЧ;8-911-9113243011;USER2726.ПАВЕ@MAIL.RU;20.12.1967;Краснодар г.
crm-3800;Семёнов  Сергей  Иванович;+79269771144; USER2697.СЕРГ@MAIL.RU ;06.02.1955;г. Волгоград
crm-3889;Никитин Кирилл Петрович;+79031576427;user2763.кири@mail.ru;1966-05-12;Санкт-Петербург
crm-1296;Волков Олег Евгеньевич;+79049319731;user920.олег@mail.ru;1990-08-17;Екатеринбург
crm-3142;Васильев  Константин  Павлович;+79451290662;;1967-02-10;г. Красноярск
crm-3400;Иванова София Юрьевна;+79900132758;user2414.софи@mail.ru;1970-01-27;Омск
crm-2018;Павлов Борис Иванович;+79667406036;user1440.бори@mail.ru;1959-03-13;Красноярск
crm-1920;Егоров Николай Петрович;+79407450244;user1370.нико@mail.ru;1983-10-15;Волгоград
crm-3412;Римский-Корсаков Николай Андреевич;+79806933994;user2421.нико@mail.ru;1984-02-04;Омск
crm-3054;Попов Егор Викторович;+79143612168;user2156.егор@mail.ru;1976-02-06;Казань
crm-2968;Илья Римский-Корсаков;;USER2097.ИЛЬЯ@MAIL.RU;01/12/1975;г. Ростов-на-Дону
crm-2458;Макаров Виктор Викторович;+79929984071;user1752.викт@mail.ru;1959-08-25;Красноярск
crm-3679;Сергеев Дмитрий Андреевич;+79213313793;user2607.дмит@mail.ru;1975-03-04;Воронеж
crm-2159;Попов Фёдор Петрович;+79310129670;user1546.фeдо@mail.ru;1961-01-10;Казань
crm-1901;Артём Григорьев;8-931-9311524508;USER1358.АРТE@MAIL.RU;28/03/1986;Самара г.
crm-738;Алексеев Егор Евгеньевич;+79004644774;user526.егор@mail.ru;1956-02-22;Екатеринбург
crm-2227;МОРОЗОВ КИРИЛЛ ЕВГЕНЬЕВИЧ;8 (982) 198-38-71; USER1597.КИРИ@MAIL.RU ;5.4.1997;ВОЛГОГРАД
crm-2039;ПОПОВА ВИКТОРИЯ ПЕТРОВНА;;USER1456.ВИКТ@MAIL.RU;1984-10-11;г. Казань
crm-4140;ИВАНОВ ВАДИМ ЮРЬЕВИЧ;8 (926) 564-09-40;;12/07/1995;КРАСНОЯРСК
crm-1992;Захаров  Андрей  Владимирович;+79733878216;USER1418.АНДР@MAIL.RU;24.07.1984;САМАРА
crm-1622;козлов денис владимирович;954 912 17 89; USER1158.ДЕНИ@MAIL.RU ;18.3.1999;г. Нижний Новгород
crm-4261;???;;;31.02.1990;
crm-2762;Петров-Водкин Никита Евгеньевич;+79301101484;user1957.ники@mail.ru;1978-05-22;Самара
crm-56;Иванов Николай Игоревич;+79813586520;user35.нико@mail.ru;1968-02-18;Волгоград
crm-2621;Орлов Никита Николаевич;+79657189749;user1862.ники@mail.ru;1994-05-12;Красноярск
crm-1888;Павлова Светлана Ивановна;+79843080488;user1348.свет@mail.ru;1961-06-18;Самара
crm-1949;Яковлева София Васильевна;+79369085890;user1388.софи@mail.ru;1993-03-06;Воронеж
crm-1984;Волкова Виктория Александровна;+79001320262;user1413.викт@mail.ru;1968-04-07;Волгоград
crm-88;Волков Денис Алексеевич;+79971730292;user62.дени@mail.ru;1972-02-15;Новосибирск
crm-3201;Захаров Глеб Борисович;+79302853061;user2275.глеб@mail.ru;1998-08-04;Екатеринбург
crm-3172;Борисов Сергей Олегович;+79615646485;user2251.серг@mail.ru;1987-09-15;Екатеринбург
crm-3690;Фёдоров Борис Николаевич;+79201168578;user2618.бори@mail.ru;1988-07-18;Пермь
crm-1351;Козлов Валентин Дмитриевич;+79398403690;user957.вале@mail.ru;1964-12-05;Москва
crm-3933;Петров-Водкин Иван Петрович;+79995935200;user2790.иван@mail.ru;1965-02-24;Волгоград
crm-3398;Яковлев Илья Олегович;+79506372419;user2412.илья@mail.ru;1959-09-24;Уфа
crm-1419;Новиков Алексей Борисович;+79731737439;user1014.алек@mail.ru;1997-11-14;Казань
crm-1958;романова юлия петровна;8-998-9984964706; USER1395.ЮЛИЯ@MAIL.RU ;1964-01-07;г. Омск
crm-453;Егорова Валентина Викторовна;+79925782187;user320.вале@mail.ru;1986-01-19;Пермь
crm-3964;Фролов Егор Игоревич;+79556945682;user2818.егор@mail.ru;1962-09-03;Москва
crm-1217;Смирнова Виктория Владимировна;+79778811407;user866.викт@mail.ru;1955-06-19;Уфа
crm-4011;ФЁДОРОВА СВЕТЛАНА АЛЕКСАНДРОВНА;+79737173642;USER2848.СВЕТ@MAIL.RU;1967-01-25;Уфа г.
crm-475;Яковлев Валентин Дмитриевич;+79674887033;user336.вале@mail.ru;1985-11-19;Казань
crm-2171;Никитин Игорь Александрович;+79183374117;user1554.игор@mail.ru;1995-01-02;Волгоград
crm-2271;Михайлов Дмитрий Андреевич;+79814089105;user1628.дмит@mail.ru;1996-06-24;Казань
crm-2047;ЕГОРОВ ЯРОСЛАВ СЕРГЕЕВИЧ;8 (934) 401-80-24; USER1463.ЯРОС@MAIL.RU ;10.6.1990;НОВОСИБИРСК
crm-561;Семёнов Евгений Игоревич;+79410767412;user395.евге@mail.ru;1991-11-04;Красноярск
crm-3160;Алексеев Игорь Васильевич;+79042224396;user2243.игор@mail.ru;1969-11-18;Пермь
crm-630;Смирнов Вадим Юрьёвич;8 (945) 596-21-33;USER449.ВАДИ@MAIL.RU;14/01/1998;КРАСНОЯРСК
crm-1616;Борисов Борис Дмитриевич;+79628157628;user1154.бори@mail.ru;1960-12-14;Новосибирск
crm-4148;Петров-Водкин Иван Николаевич;+79802367675;user2943.иван@mail.ru;1977-05-19;Екатеринбург
crm-3663;кузнецов даниил васильевич;8 (992) 762-06-21;USER2596.ДАНИ@MAIL.RU;21.4.1994;г. Нижний Новгород
crm-1170;Петров-Водкин Дарья Михайловна;+79081444150;user830.дарь@mail.ru;1984-04-12;Санкт-Петербург
crm-3051;Юрий Петров-Водкин;8-903-9033351135;;26.10.1992;КРАСНОДАР
crm-137;смирнов лев олегович;8 (975) 870-63-34;;16.03.1963;Волгоград г.
crm-1733;Иванов Валентин Иванович;+79836846820;user1247.вале@mail.ru;1971-05-11;Самара
crm-1975;Волков Дмитрий Петрович;+79725626047;user1404.дмит@mail.ru;1977-02-13;Краснодар
crm-2307;иванов борис викторович;8-955-9551231115;USER1649.БОРИ@MAIL.RU;08.06.1994;Красноярск г.
crm-1285;Андреева Валентина Юрьевна;+79698132428;user911.вале@mail.ru;1998-10-12;Пермь
crm-228;Романов Валентин Андреевич;+79887802098;user158.вале@mail.ru;1963-05-25;Омск
crm-2008;Соловьёва Наталья Александровна;+79514641671;user1430.ната@mail.ru;1974-07-08;Красноярск
crm-2573;Соловьёв Антон Петрович;+79221531270;user1831.анто@mail.ru;1993-08-22;Новосибирск
crm-1628;Смирнов Лев Евгеньевич;+79421431718;user1161.лев@mail.ru;1981-06-01;Санкт-Петербург
crm-2286;Никита Римский-Корсаков;; USER1638.НИКИ@MAIL.RU ;26.06.1956;ЕКАТЕРИНБУРГ
crm-3445;Кузнецов Глеб Владимирович;+79850579903;user2450.глеб@mail.ru;1977-08-18;Краснодар
crm-1290;Андреев Лев Дмитриевич;+79670755573;user914.лев@mail.ru;1988-11-25;Москва
crm-1930;Иванов  Евгений  Евгеньевич;8 (959) 327-02-38; USER1376.ЕВГЕ@MAIL.RU ;1986-12-07;САНКТ-ПЕТЕРБУРГ
crm-2450;Николаев Василий Андреевич;+79975398487;user1749.васи@mail.ru;1979-07-23;Пермь
crm-2987;Попов Лев Иванович;+79639433383;user2108.лев@mail.ru;1989-01-18;Краснодар
crm-3890;Алексеева Людмила Александровна;+79219025501;user2764.людм@mail.ru;1959-06-27;Красноярск
crm-4121;ГРИГОРЬЕВА ПОЛИНА АЛЕКСАНДРОВНА;953 750 15 48;;1997-04-26;САНКТ-ПЕТЕРБУРГ
crm-70;Григорьев Сергей Олегович;+79311621771;user49.серг@mail.ru;1966-10-14;Екатеринбург
crm-3831;Сергеев Денис Павлович;+79038662246;user2721.дени@mail.ru;1994-04-09;Ростов-на-Дону
crm-1708;Зайцев Пётр Иванович;+79644250881;user1226.пeтр@mail.ru;1967-03-19;Санкт-Петербург
crm-530;Волкова Ёкатёрина Ивановна;957 340 65 89;USER373.ЕКАТ@MAIL.RU;1991-08-24;г. Омск
crm-4046;Новиков Тимофей Евгеньевич;+79076995766;user2873.тимо@mail.ru;1969-12-03;Воронеж
crm-3621;Козлов Василий Юрьевич;+79055960185;user2568.васи@mail.ru;1991-02-28;Ростов-на-Дону
crm-3348;Никитин Тимофей Алексеевич;+79482921702;user2372.тимо@mail.ru;1987-07-21;Екатеринбург
crm-1339;Соловьёва Вера Михайловна;+79406976730;user947.вера@mail.ru;1978-03-05;Новосибирск
crm-2999;Морозов Валентин;+79035566388; USER2119.ВАЛЕ@MAIL.RU ;27/06/1976;г. Нижний Новгород
crm-2491;ФЁДОРОВА АННА ЕВГЕНЬЕВНА;79941958296; USER1777.АННА@MAIL.RU ;16/04/1992;Красноярск г.
crm-2915;Михайлов Глеб Владимирович;+79763856326;user2065.глеб@mail.ru;1966-08-18;Казань
crm-1109;Никитин Юрий Андреевич;+79138521798;user784.юрий@mail.ru;1986-11-14;Красноярск
crm-4164;Алексеев Николай Иванович;+79078170496;user2955.нико@mail.ru;1988-01-02;Краснодар
crm-499;Воробьёва Ксения Олеговна;+79484375678;user353.ксен@mail.ru;1968-08-10;Ростов-на-Дону
crm-2096;Иванов Александр Николаевич;+79052811167;user1499.алек@mail.ru;1962-09-09;Пермь
crm-1194;Александров Егор Андреевич;+79514884391;user846.егор@mail.ru;1968-11-20;Нижний Новгород
crm-2502;Морозов Ярослав Игоревич;+79250843512;user1785.ярос@mail.ru;1973-01-08;Нижний Новгород
crm-3045;Андреева Наталья Игоревна;+79883453712;user2149.ната@mail.ru;1967-07-21;Екатеринбург
crm-2612;Смирнова  Анна  Дмитриевна;8 (944) 447-61-11; USER1858.АННА@MAIL.RU ;13.03.1979;КРАСНОЯРСК
crm-2649;Захаров Николай Александрович;+79343131902;user1880.нико@mail.ru;1959-11-23;Волгоград
crm-1773;Захаров Валентин Васильевич;+79741268916;user1275.вале@mail.ru;1963-10-28;Казань
crm-2189;Макарова Ксения Владимировна;+79945911818;user1570.ксен@mail.ru;1967-08-01;Ростов-на-Дону
crm-2803;Васильева Ирина Игоревна;+79940641842;user1989.ирин@mail.ru;1999-06-12;Москва
crm-3580;Васильев Кирилл;976 243 63 29; USER2542.КИРИ@MAIL.RU ;18/09/1958;Казань г.
crm-2360;Соколов  Юрий  Сергеевич;8 (998) 317-36-98;;1997-05-23;ПЕРМЬ
crm-518;Соколова Наталья Николаевна;+79426887467;user366.ната@mail.ru;1987-01-10;Краснодар
crm-2000;Воробьёва Елена Васильевна;+79015290032;user1424.елен@mail.ru;1984-06-24;Красноярск
crm-4311;???;12345;;99.99.9999;
crm-2056;Захаров Тимофей Петрович;+79298837626;user1471.тимо@mail.ru;1989-12-03;Волгоград
crm-2245;Петров-Водкин Анна Алексеевна;+79636622966;user1607.анна@mail.ru;1991-10-03;Екатеринбург
crm-2165;АЛЕКСЕЕВ ПЁТР АЛЕКСЕЕВИЧ;8-927-9271236084;USER1550.ПEТР@MAIL.RU;1988-08-14;НОВОСИБИРСК
crm-2484;Анна Волкова;8-913-9134482409; USER1773.АННА@MAIL.RU ;19.4.1986;г. Санкт-Петербург
crm-2767;Алексеев Пётр Сергеевич;+79774176625;user1961.пeтр@mail.ru;1968-06-04;Красноярск
crm-4182;Смирнова Галина Петровна;+79597702714;user2965.гали@mail.ru;1978-03-25;Уфа
crm-2743;Константин Новиков;+79056900441; USER1946.КОНС@MAIL.RU ;27.12.1995;г. Краснодар
crm-867;Николаева Елена Юрьевна;+79826603289;user618.елен@mail.ru;1988-12-13;Москва
crm-2780;Фёдорова Светлана Дмитриевна;+79233534765;user1971.свет@mail.ru;1972-03-03;Краснодар
crm-203;Алексеева Ольга Юрьевна;+79953653505;user138.ольг@mail.ru;1972-01-26;Ростов-на-Дону
crm-2950;Петров-Водкин Николай Алексеевич;+79986012179;user2085.нико@mail.ru;1959-05-21;Краснодар
crm-3427;Борисов Вадим Александрович;+79788827310;user2433.вади@mail.ru;1963-05-15;Уфа
crm-579;Михайлов Павел Алексеевич;+79127330986;user410.паве@mail.ru;1999-04-01;Омск
crm-4218;Фёдорова Валентина Евгеньевна;+79992780533;user2994.вале@mail.ru;1986-11-15;Краснодар
crm-18;Борисова Вера;8 (986) 238-02-95;USER15.ВЕРА@MAIL.RU;09/05/1967;Пермь г.
crm-1077;Семёнова Светлана Сергеевна;+79925735304;user757.свет@mail.ru;1962-09-11;Новосибирск
crm-755;Фролов Михаил Петрович;+79578719889;user537.миха@mail.ru;1990-11-04;Самара
crm-912;яковлева юлия васильевна;8 (957) 130-94-24; USER647.ЮЛИЯ@MAIL.RU ;4.11.1958;г. Волгоград
crm-3358;Новиков Станислав Петрович;+79249870194;user2379.стан@mail.ru;1993-02-19;Санкт-Петербург
crm-477;Волков Михаил Игоревич;+79656513554;user338.миха@mail.ru;1984-11-26;Самара
crm-917;Вера Никитина;79187841935;USER648.ВЕРА@MAIL.RU;3.8.1993;РОСТОВ-НА-ДОНУ
crm-1183;Лебедев Александр Андреевич;+79260974036;user840.алек@mail.ru;1973-10-09;Омск
crm-3437;Фёдоров Кирилл Иванович;+79838163203;user2442.кири@mail.ru;1967-05-27;Волгоград
crm-3185;Макаров Николай Олегович;+79179399980;user2262.нико@mail.ru;1961-06-14;Самара
crm-1707;Новикова Светлана Павловна;+79688883671;user1225.свет@mail.ru;1999-09-20;Уфа
crm-541;Волков Артём Алексеевич;+79643193410;user381.артe@mail.ru;1955-08-14;Волгоград
crm-3568;Петров-Водкин Ксения Юрьевна;+79101983609;user2535.ксен@mail.ru;1960-06-27;Красноярск
crm-4142;Андреев Кирилл Александрович;+79950765546;user2939.кири@mail.ru;1996-10-05;Екатеринбург
crm-1867;Виктор Павлов;8 (985) 959-38-58;;21.11.1989;Москва г.
crm-2558;Римский-Корсаков Александр Андреевич;+79617455783;user1825.алек@mail.ru;1964-12-21;Волгоград
crm-1785;Петров-Водкин Борис Евгеньевич;+79006916384;user1281.бори@mail.ru;1968-02-03;Воронеж
crm-1687;Яковлев Василий Борисович;+79908204179;user1208.васи@mail.ru;1990-09-17;Санкт-Петербург
crm-3992;Макарова Елена Юрьевна;+79161951422;user2836.елен@mail.ru;1996-01-20;Казань
crm-1218;Петров-Водкин Даниил Петрович;+79247747165;user867.дани@mail.ru;1958-01-12;Нижний Новгород
crm-659;Захаров Алексей Андреевич;+79539943881;user471.алек@mail.ru;1973-10-09;Ростов-на-Дону
crm-3486;Смирнов Иван Викторович;+79181719444;user2477.иван@mail.ru;1983-06-07;Ростов-на-Дону
crm-3760;Новиков Игорь;; USER2670.ИГОР@MAIL.RU ;1971-11-04;РОСТОВ-НА-ДОНУ
crm-3301;Воробьёв Тимофей Николаевич;+79744414030;user2348.тимо@mail.ru;1961-12-09;Москва
crm-1255;Александров  Антон  Николаевич;8-984-9844840439;;01.12.1980;г. Екатеринбург
crm-1889;Смирнов Константин Сергеевич;+79432473324;user1349.конс@mail.ru;1959-04-10;Воронеж
crm-3180;Пётров Ёгор Олёгович;79876887277;USER2257.ЕГОР@MAIL.RU;05.05.1970;г. Санкт-Петербург
crm-35;Макаров Глеб Петрович;+79745694233;user22.глеб@mail.ru;1955-06-01;Омск
crm-3039;Козлова Людмила Борисовна;+79797325840;user2146.людм@mail.ru;1976-09-16;Волгоград
crm-2490;Фёдорова Анна Евгеньевна;+79941958296;user1777.анна@mail.ru;1992-04-16;Красноярск
crm-72;Сергеев Олег Викторович;+79576317304;user51.олег@mail.ru;1978-06-02;Красноярск
crm-2357;Соколов Юрий Сергеевич;+79983173698;user1687.юрий@mail.ru;1997-05-23;Пермь
crm-839;Фролова Галина Сергеевна;+79345826885;user598.гали@mail.ru;1993-09-22;Пермь
crm-3673;ВОЛКОВ КИРИЛЛ АЛЕКСАНДРОВИЧ;8-932-9323313752; USER2601.КИРИ@MAIL.RU ;1.10.1992;Москва г.
crm-3740;Петров Сергей Васильевич;+79999211845;user2655.серг@mail.ru;1956-09-03;Нижний Новгород
crm-4212;Римский-Корсаков Антон Юрьевич;+79339344838;user2989.анто@mail.ru;1989-05-26;Самара
crm-294;Волкова Ольга;;USER203.ОЛЬГ@MAIL.RU;1993-02-06;г. Волгоград
crm-3774;Петров  Максим  Павлович;; USER2683.МАКС@MAIL.RU ;11.04.1976;г. Красноярск
crm-415;Козлова Наталья Павловна;+79273162687;user291.ната@mail.ru;1970-08-24;Пермь
crm-3440;Григорьев Антон Иванович;+79330302333;user2445.анто@mail.ru;1971-11-28;Новосибирск
crm-2824;Михайлов Николай Алексеевич;+79551639727;user2003.нико@mail.ru;1979-07-21;Казань
crm-4138;Андреев Александр Павлович;+79725688834;user2937.алек@mail.ru;1964-04-13;Волгоград
crm-2829;Соколов Юрий Олегович;+79340442354;user2008.юрий@mail.ru;1999-08-20;Москва
crm-889;Романов Сергей Олегович;+79822253868;user629.серг@mail.ru;1969-09-14;Ростов-на-Дону
crm-2183;Морозов Тимофей Дмитриевич;+79734618565;user1564.тимо@mail.ru;1965-06-13;Волгоград
crm-24;Михайлова София Евгеньевна;+79956236867;user17.софи@mail.ru;1958-12-15;Уфа
crm-1002;Лебедев Антон;79148861629;USER707.АНТО@MAIL.RU;1971-12-04;НИЖНИЙ НОВГОРОД
crm-3214;Попова Ксения;8-900-9001486811;USER2287.КСЕН@MAIL.RU;05.06.1956;г. Екатеринбург
crm-586;Михайлов Олег Борисович;+79918935651;user414.олег@mail.ru;1963-02-26;Краснодар
crm-1023;Павлов Михаил Васильевич;+79567270383;user719.миха@mail.ru;1964-08-09;Нижний Новгород
crm-935;Петров-Водкин Григорий Александрович;+79800741566;user663.григ@mail.ru;1987-12-01;Екатеринбург
crm-380;Романов Юрий Борисович;+79433470607;user264.юрий@mail.ru;1955-05-21;Воронеж
crm-2363;Васильев Валентин Павлович;+79121060515;user1690.вале@mail.ru;1967-09-04;Ростов-на-Дону
crm-621;Николаев Фёдор Борисович;+79979631784;user441.фeдо@mail.ru;1964-01-17;Самара
crm-3695;Лебедев Владимир Игоревич;+79853824437;user2622.влад@mail.ru;1974-08-20;Нижний Новгород
crm-2001;Лебедев Сергей Викторович;+79194655122;user1425.серг@mail.ru;1979-02-09;Пермь
crm-4211;Смирнова Ольга Петровна;+79542237821;user2988.ольг@mail.ru;1957-11-25;Омск
crm-907;Макаров Роман Васильевич;+79770368725;user643.рома@mail.ru;1956-01-06;Омск
crm-1426;Захаров Олег Павлович;+79303209748;user1019.олег@mail.ru;1957-07-07;Воронеж
crm-1364;Степанова Вера Михайловна;+79946728396;user968.вера@mail.ru;1972-07-18;Краснодар
crm-4302;???;;;31.02.1990;
crm-3067;Морозов Игорь Николаевич;+79005297638;user2169.игор@mail.ru;1959-04-16;Воронеж
crm-397;Никитина Екатерина Дмитриевна;+79686495248;user280.екат@mail.ru;1968-04-17;Краснодар
crm-3810;Морозов Иван Иванович;+79717480142;user2705.иван@mail.ru;1970-03-10;Новосибирск
crm-1154;Никитин Артём Игоревич;+79259394169;user819.артe@mail.ru;1973-05-17;Уфа
crm-3419;Егоров Николай Владимирович;+79343815562;user2425.нико@mail.ru;1955-01-12;Краснодар
crm-510;Захаров Сергей Юрьевич;+79182291406;user361.серг@mail.ru;1970-06-02;Воронеж
crm-3783;ЯКОВЛЕВ ЕГОР ОЛЕГОВИЧ;8-960-9604192123;USER2687.ЕГОР@MAIL.RU;1978-02-21;Москва г.
crm-2848;Егоров Валентин Николаевич;+79906299557;user2022.вале@mail.ru;1991-06-07;Воронеж
crm-3512;Фролов Олёг Борисович;; USER2498.ОЛЕГ@MAIL.RU ;23.05.1984;САНКТ-ПЕТЕРБУРГ
crm-2007;Соколова Светлана Павловна;+79044677420;user1429.свет@mail.ru;1961-01-14;Омск
crm-4186;Петров-Водкин Роман Олегович;+79378716399;user2969.рома@mail.ru;1955-05-09;Красноярск
crm-3649;Павлова Наталья Сергеевна;+79656263871;user2589.ната@mail.ru;1955-03-15;Красноярск
crm-3855;Фёдоров Вадим Васильевич;+79966539843;user2736.вади@mail.ru;1983-11-01;Краснодар
crm-605;Борисова Анна Петровна;+79992845643;user427.анна@mail.ru;1992-12-07;Волгоград
crm-31;МАКАРОВ БОРИС ДМИТРИЕВИЧ;79272997397;USER20.БОРИ@MAIL.RU;03.02.1970;г. Екатеринбург
crm-955;Борисова Анна Викторовна;+79983721200;user675.анна@mail.ru;1981-04-28;Казань
crm-3993;Семёнов Илья Николаевич;+79101456231;user2837.илья@mail.ru;1998-03-22;Красноярск
crm-902;Фёдоров Пётр Алексеевич;+79292684455;user638.пeтр@mail.ru;1962-06-23;Санкт-Петербург
crm-4251;???;12345;;99.99.9999;
crm-266;Петров-Водкин Вадим Владимирович;+79606910961;user186.вади@mail.ru;1969-11-01;Москва
crm-3119;Кузнецов Валентин Игоревич;+79042185754;user2213.вале@mail.ru;1979-04-13;Воронеж
crm-2955;АЛЕКСАНДРОВ НИКОЛАЙ ВЛАДИМИРОВИЧ;+79760506247;;12/05/1981;г. Ростов-на-Дону
crm-4309;???;;;31.02.1990;
crm-1897;Алексеев Кирилл Николаевич;+79754243846;user1356.кири@mail.ru;1987-08-16;Воронеж
crm-219;Степанова Людмила Сергеевна;+79440970406;user152.людм@mail.ru;1957-03-26;Красноярск
crm-87;Никитина  София  Николаевна;8 (908) 136-76-10;;14.03.1960;г. Казань
crm-4281;;;;99.99.9999;
crm-238;Захарова Анна Евгеньевна;+79229623436;user166.анна@mail.ru;1999-08-08;Красноярск
crm-1039;Андреев Станислав Владимирович;+79307388391;user731.стан@mail.ru;1989-08-16;Казань
crm-500;Александров Максим Павлович;+79226435749;user354.макс@mail.ru;1979-05-18;Нижний Новгород
crm-887;Петров-Водкин Андрей Иванович;+79278452435;user627.андр@mail.ru;1979-07-22;Самара
crm-3472;Михайлов Борис Николаевич;+79921314355;user2471.бори@mail.ru;1981-08-24;Нижний Новгород
crm-3268;Борисов Роман Евгеньевич;+79544853423;user2319.рома@mail.ru;1984-05-22;Нижний Новгород
crm-2442;Фролов Алексей Олегович;+79889936863;user1743.алек@mail.ru;1962-09-23;Воронеж
crm-1127;Сергеев Владимир Александрович;+79565569240;user799.влад@mail.ru;1961-08-28;Красноярск
crm-3702;Фролов  Григорий  Васильевич;79951477939;USER2626.ГРИГ@MAIL.RU;15.4.1994;НОВОСИБИРСК
crm-46;Васильев Евгений Игоревич;+79653664146;user28.евге@mail.ru;1995-07-11;Красноярск
crm-996;Алексеева Татьяна Сергеевна;+79295590530;user702.тать@mail.ru;1962-01-14;Новосибирск
crm-1407;АЛЕКСЕЕВ ТИМОФЕЙ ОЛЕГОВИЧ;;USER1005.ТИМО@MAIL.RU;13/02/1987;Красноярск г.
crm-353;Егоров Дмитрий Васильевич;+79834218535;user245.дмит@mail.ru;1972-10-16;Нижний Новгород
crm-1245;ВОЛКОВ СЕРГЕЙ ЕВГЕНЬЕВИЧ;+79086120871;;08/01/1999;НИЖНИЙ НОВГОРОД
crm-1324;АЛЕКСАНДРОВ БОРИС АЛЕКСЕЕВИЧ;;USER936.БОРИ@MAIL.RU;09/11/1980;г. Санкт-Петербург
crm-795;Захарова Ксения Александровна;+79386436361;user565.ксен@mail.ru;1983-01-12;Ростов-на-Дону
crm-3982;Михайлов Игорь Сергеевич;+79333952354;user2830.игор@mail.ru;1978-03-22;Пермь
crm-3264;Егорова Наталья Александровна;+79874385044;user2315.ната@mail.ru;1964-11-15;Нижний Новгород
crm-4208;Иван Новиков;; USER2986.ИВАН@MAIL.RU ;24/02/1979;МОСКВА
crm-569;Михайлова Ольга Дмитриевна;+79848299175;user402.ольг@mail.ru;1988-01-01;Москва
crm-1982;Васильева Людмила Викторовна;+79121613975;user1411.людм@mail.ru;1966-04-15;Москва
crm-768;Морозова Анна Юрьевна;+79900733434;user546.анна@mail.ru;1988-06-19;Пермь
crm-3218;Никитин Тимофей Михайлович;+79223033848;user2289.тимо@mail.ru;1956-05-10;Уфа
crm-3583;Смирнов Егор Игоревич;+79445920875;user2544.егор@mail.ru;1994-08-07;Красноярск
crm-1604;Алексеева  Людмила  Дмитриевна;;USER1145.ЛЮДМ@MAIL.RU;03.09.1968;Омск г.
crm-3089;ВОЛКОВ ЛЕВ МИХАЙЛОВИЧ;; USER2185.ЛЕВ@MAIL.RU ;23.02.1980;г. Красноярск
crm-2197;Ольга Борисова;903 574 47 02;USER1574.ОЛЬГ@MAIL.RU;11/08/1995;РОСТОВ-НА-ДОНУ
crm-2737;Римский-Корсаков Владимир Сергеевич;+79939083932;user1942.влад@mail.ru;1986-11-28;Казань
crm-1206;Фёдорова Дарья Евгеньевна;+79989116451;user857.дарь@mail.ru;1993-07-08;Казань
crm-3492;Никитина Ирина Игоревна;+79241935374;user2482.ирин@mail.ru;1956-03-20;Красноярск
crm-3598;Соловьёв Михаил Олегович;+79275109930;user2552.миха@mail.ru;1982-06-04;Нижний Новгород
crm-3601;Фролов Глеб Андреевич;+79240925936;user2555.глеб@mail.ru;1979-12-03;Нижний Новгород
crm-3321;Лебедева Татьяна Александровна;+79897451207;user2359.тать@mail.ru;1977-03-26;Нижний Новгород
crm-1997;Васильев Дмитрий Викторович;+79844808861;user1422.дмит@mail.ru;1974-12-09;Краснодар
crm-3771;Кузнецов Михаил Петрович;+79981371107;user2681.миха@mail.ru;1975-02-21;Пермь
crm-3507;Козлов Антон Васильевич;+79631903573;user2494.анто@mail.ru;1974-11-13;Новосибирск
crm-2234;Игорь Захаров;8 (920) 850-50-67; USER1599.ИГОР@MAIL.RU ;1984-05-09;Ростов-на-Дону г.
crm-2638;Соловьёв Виктор Олегович;+79725830230;user1873.викт@mail.ru;1999-12-08;Нижний Новгород
crm-2345;Смирнова Анна Евгеньевна;+79834281057;user1680.анна@mail.ru;1999-03-26;Красноярск
crm-278;Воробьёв Игорь Михайлович;+79444243748;user191.игор@mail.ru;1984-04-15;Самара
crm-215;Лебедев Игорь Евгеньевич;+79856963343;user148.игор@mail.ru;1960-01-03;Красноярск
crm-185;Захарова Светлана Дмитриевна;+79133766018;user125.свет@mail.ru;1977-11-18;Екатеринбург
crm-3767;Семёнова Ирина Дмитриевна;+79699766354;user2677.ирин@mail.ru;1988-09-07;Новосибирск
crm-3784;Александрова София Михайловна;+79762446661;user2688.софи@mail.ru;1981-08-24;Москва
crm-3481;Романов Даниил Игоревич;+79366831294;user2474.дани@mail.ru;1997-05-20;Новосибирск
crm-1816;Иванова Мария Павловна;+79896556975;user1304.мари@mail.ru;1993-08-14;Омск
crm-4007;Андреев Тимофей Евгеньевич;+79805212524;user2847.тимо@mail.ru;1971-09-14;Пермь
crm-2553;Орлова Елена Васильевна;+79909025186;user1821.елен@mail.ru;1975-08-01;Казань
crm-3196;александров роман иванович;;USER2271.РОМА@MAIL.RU;1978-03-13;ПЕРМЬ
crm-165;Макаров Алексей Борисович;+79342665703;user113.алек@mail.ru;1984-08-25;Красноярск
crm-625;Борисов Глеб Иванович;+79984204400;user445.глеб@mail.ru;1996-11-04;Екатеринбург
crm-384;Алексеев Дмитрий Борисович;+79746125516;user268.дмит@mail.ru;1972-10-20;Волгоград
crm-678;Алексей Николаев;8-940-9407275334; USER485.АЛЕК@MAIL.RU ;19/04/1994;Красноярск г.
crm-3592;Николаев Василий Алексеевич;+79451946275;user2549.васи@mail.ru;1993-04-08;Москва
crm-3071;Соловьёв Кирилл Юрьевич;+79463068074;user2173.кири@mail.ru;1991-04-21;Новосибирск
crm-1272;Васильев  Даниил  Павлович;8-929-9296861342;USER903.ДАНИ@MAIL.RU;12/02/1999;г. Нижний Новгород
crm-2120;Сергеев Дмитрий Павлович;+79135295751;user1513.дмит@mail.ru;1997-12-22;Омск
crm-506;Соловьёв Андрей Васильевич;+79335368467;user357.андр@mail.ru;1964-04-14;Санкт-Петербург
crm-797;Фёдоров Сергей Евгеньевич;+79132915484;user567.серг@mail.ru;1993-10-15;Ростов-на-Дону
crm-91;Сёргёёв Ёгор Ёвгёньёвич;8-982-9820425618;;12.12.1957;Новосибирск г.
crm-1960;романова юлия петровна;;USER1395.ЮЛИЯ@MAIL.RU;7.1.1964;ОМСК
crm-676;НИКОЛАЕВ АЛЕКСЕЙ ИВАНОВИЧ;8 (940) 727-53-34;;19.04.1994;г. Красноярск
crm-2872;Лебедев Валентин Викторович;+79645225992;user2036.вале@mail.ru;1966-01-07;Уфа
crm-2683;Алексеев Егор Павлович;+79113734300;user1903.егор@mail.ru;1976-03-01;Новосибирск
crm-3478;ЗАЙЦЕВ ДЕНИС ПАВЛОВИЧ;928 614 49 44; USER2473.ДЕНИ@MAIL.RU ;25.05.1974;КАЗАНЬ
crm-1659;Никитина Людмила Петровна;+79633668766;user1185.людм@mail.ru;1966-07-01;Пермь
crm-2228;МОРОЗОВ КИРИЛЛ ЕВГЕНЬЕВИЧ;8-982-9821983871;;05/04/1997;Волгоград г.
crm-950;Козлов Ярослав;8-974-9746371283;;08/04/1962;г. Новосибирск
crm-3146;Волков Игорь Иванович;+79473549433;user2230.игор@mail.ru;1959-08-27;Санкт-Петербург
crm-2697;Фролов  Василий  Олегович;;USER1912.ВАСИ@MAIL.RU;25.10.1970;г. Ростов-на-Дону
crm-3766;Васильева Людмила Андреевна;+79351757109;user2676.людм@mail.ru;1976-10-17;Пермь
crm-3475;ЗАЙЦЕВА ЕЛЕНА АЛЕКСЕЕВНА;; USER2472.ЕЛЕН@MAIL.RU ;1965-02-13;КРАСНОЯРСК
crm-3638;Никитина Ольга Владимировна;+79161345000;user2583.ольг@mail.ru;1963-09-23;Ростов-на-Дону
crm-1988;Смирнова София Игоревна;+79271165163;user1415.софи@mail.ru;1972-07-17;Уфа
crm-448;Григорьев Егор Петрович;+79076928924;user315.егор@mail.ru;1972-10-24;Уфа
crm-749;Кузнецов Станислав Юрьевич;+79405731291;user534.стан@mail.ru;1989-06-13;Омск
crm-1935;Вера Яковлева;; USER1379.ВЕРА@MAIL.RU ;1992-11-19;САМАРА
crm-4123;Морозов Денис Васильевич;+79936699760;user2928.дени@mail.ru;1959-06-10;Казань
crm-3281;Петров Фёдор Алексеевич;+79810481195;user2331.фeдо@mail.ru;1987-11-02;Пермь
crm-261;Романов Тимофей Борисович;+79483135489;user181.тимо@mail.ru;1961-07-09;Омск
crm-3803;Александров Сергей Олегович;+79087683977;user2698.серг@mail.ru;1964-01-27;Нижний Новгород
crm-4003;Новиков  Владимир  Алексеевич;997 044 10 41;;21/01/1994;КРАСНОЯРСК
crm-1925;Николаева Ольга Владимировна;+79043180894;user1373.ольг@mail.ru;1997-02-11;Волгоград
crm-1874;Семёнов Михаил Владимирович;+79742038220;user1338.миха@mail.ru;1968-10-23;Волгоград
crm-2921;КУЗНЕЦОВ ЯРОСЛАВ АЛЕКСЕЕВИЧ;998 335 50 33; USER2069.ЯРОС@MAIL.RU ;03.05.1975;Екатеринбург г.
crm-2492;Фёдорова Анна;994 195 82 96;USER1777.АННА@MAIL.RU;16.04.1992;Красноярск г.
crm-3585;СМИРНОВ ЕГОР ИГОРЕВИЧ;944 592 08 75; USER2544.ЕГОР@MAIL.RU ;07.08.1994;Красноярск г.
crm-1171;Захаров Сергей Викторович;+79929660145;user831.серг@mail.ru;1967-06-18;Красноярск
crm-3367;Семёнов Борис Павлович;+79577621113;user2386.бори@mail.ru;1994-09-13;Нижний Новгород
crm-3426;Козлова Елена Андреевна;+79539333430;user2432.елен@mail.ru;1975-04-09;Санкт-Петербург
crm-2854;ЛЕБЕДЕВ ВИКТОР ИГОРЕВИЧ;; USER2025.ВИКТ@MAIL.RU ;1996-07-06;ОМСК
crm-2132;Кузнецов Олег Михайлович;+79112464271;user1522.олег@mail.ru;1994-10-20;Омск
crm-802;Петров-Водкин Илья Юрьевич;+79716320420;user572.илья@mail.ru;1989-04-14;Казань
crm-3878;Иванов Лев Петрович;+79682122860;user2752.лев@mail.ru;1990-08-16;Пермь
crm-1452;Орлов Юрий Алексеевич;+79091199378;user1034.юрий@mail.ru;1956-12-03;Казань
crm-332;Васильёв Борис Олёгович;+79918703774;;6.10.1988;г. Нижний Новгород
crm-3243;Кузнецова Екатерина Александровна;+79766160526;user2303.екат@mail.ru;1967-10-23;Омск
crm-1864;Павлов Виктор Игоревич;+79859593858;user1334.викт@mail.ru;1989-11-21;Москва
crm-1734;Фролова Мария Петровна;+79035843717;user1248.мари@mail.ru;1968-01-23;Воронеж
crm-3456;Петров-Водкин Ксения Игоревна;+79547628125;user2457.ксен@mail.ru;1988-10-14;Уфа
crm-938;Григорий Петров-Водкин;8 (980) 074-15-66; USER663.ГРИГ@MAIL.RU ;01.12.1987;ЕКАТЕРИНБУРГ
crm-400;Римский-Корсаков Галина Михайловна;+79031658240;user283.гали@mail.ru;1996-02-17;Санкт-Петербург
crm-1465;Попов Валентин Дмитриевич;+79046564861;user1040.вале@mail.ru;1958-07-24;Ростов-на-Дону
crm-368;Григорьев Владимир Александрович;+79805222978;user255.влад@mail.ru;1966-05-05;Волгоград
crm-2119;Никитина Юлия Дмитриевна;+79300960431;user1512.юлия@mail.ru;1975-03-28;Нижний Новгород
crm-3912;Борисов Михаил Николаевич;+79968780949;user2780.миха@mail.ru;1979-11-15;Краснодар
crm-1229;воробьёв павел васильевич;; USER872.ПАВЕ@MAIL.RU ;1966-07-02;Волгоград г.
crm-2423;Захаров Иван Викторович;+79043630390;user1728.иван@mail.ru;1965-10-26;Санкт-Петербург
crm-2584;Степанов Фёдор Сергеевич;+79047058841;user1838.фeдо@mail.ru;1974-05-03;Нижний Новгород
crm-471;Сёмёнов Юрий Ёвгёньёвич;79921472328;;1979-01-25;г. Казань
crm-293;ВОЛКОВА ОЛЬГА БОРИСОВНА;;USER203.ОЛЬГ@MAIL.RU;06.02.1993;г. Волгоград
crm-1748;Александрова Дарья Петровна;+79027447618;user1257.дарь@mail.ru;1959-12-25;Пермь
crm-8;Павлов Ярослав Александрович;+79592720829;user8.ярос@mail.ru;1966-09-13;Москва
crm-498;васильев игорь сергеевич;906 590 58 44;USER352.ИГОР@MAIL.RU;1999-06-02;г. Воронеж
crm-1615;Захаров Алёксёй Андрёёвич;79591575308;USER1153.АЛЕК@MAIL.RU;1985-03-06;МОСКВА
crm-3683;Алексеев Егор Васильевич;+79702317046;user2611.егор@mail.ru;1969-09-21;Москва
crm-1974;Кузнецова Ольга Михайловна;+79787467977;user1403.ольг@mail.ru;1993-10-21;Новосибирск
crm-734;григорьева татьяна дмитриевна;8 (934) 674-26-68; USER522.ТАТЬ@MAIL.RU ;1998-06-23;г. Екатеринбург
crm-239;Захарова Анна Ёвгёньёвна;8 (922) 962-34-36;USER166.АННА@MAIL.RU;1999-08-08;Красноярск г.
crm-3057;Волков Михаил Иванович;+79231937436;user2159.миха@mail.ru;1967-08-18;Пермь
crm-3768;Александрова Полина Дмитриевна;+79070082057;user2678.поли@mail.ru;1979-07-16;Уфа
crm-2278;Григорьева Дарья Павловна;+79525930166;user1632.дарь@mail.ru;1987-07-25;Нижний Новгород
crm-492;Михайлов Илья Юрьевич;+79859393216;user350.илья@mail.ru;1965-11-21;Нижний Новгород
crm-4296;???;;not-an-email;99.99.9999;
crm-1788;Соколов Дмитрий Викторович;+79104724229;user1282.дмит@mail.ru;1996-02-01;Казань
crm-315;Зайцев Михаил Николаевич;+79670719010;user223.миха@mail.ru;1955-06-03;Казань
crm-3017;ПЕТРОВ ВИКТОР ЮРЬЕВИЧ;79868730830;USER2128.ВИКТ@MAIL.RU;19.04.1987;г. Пермь
crm-594;Макаров Николай Николаевич;+79471780067;user421.нико@mail.ru;1978-04-27;Пермь
crm-1461;Волков Константин Юрьевич;+79497866098;user1039.конс@mail.ru;1963-06-23;Пермь
crm-941;Иванова София Сергеевна;+79487156339;user666.софи@mail.ru;1986-12-25;Самара
crm-1262;Волков Василий Олегович;+79181329014;user898.васи@mail.ru;1986-07-21;Казань
crm-1970;Романов Юрий Дмитриевич;+79765440285;user1402.юрий@mail.ru;1976-07-09;Уфа
crm-1601;Романова  Валентина  Юрьевна;8-990-9906675294; USER1143.ВАЛЕ@MAIL.RU ;27/12/1978;г. Пермь
crm-770;петров-водкин николай петрович;; USER547.НИКО@MAIL.RU ;22.01.1994;Москва г.
crm-1726;Григорьев Александр Андреевич;+79659204822;user1240.алек@mail.ru;1965-04-01;Санкт-Петербург
crm-965;ФРОЛОВА ТАТЬЯНА ДМИТРИЕВНА;+79619526215;USER680.ТАТЬ@MAIL.RU;05.08.1984;г. Уфа
crm-1963;Сергеев Владимир Дмитриевич;+79835309647;user1397.влад@mail.ru;1990-11-26;Уфа
crm-4153;Соколов Никита Сёргёёвич;;USER2946.НИКИ@MAIL.RU;03/08/1975;РОСТОВ-НА-ДОНУ
crm-1078;Павлова Людмила Петровна;+79877346430;user758.людм@mail.ru;1982-02-09;Санкт-Петербург
crm-844;Соловьёв Евгений Дмитриевич;+79675364461;user603.евге@mail.ru;1992-07-04;Уфа
crm-1024;Александров Пётр Александрович;+79348025222;user720.пeтр@mail.ru;1981-07-22;Санкт-Петербург
crm-3737;григорьева людмила петровна;+79765196926; USER2652.ЛЮДМ@MAIL.RU ;1995-03-23;Красноярск г.
crm-2263;Соколов Василий Александрович;+79392275263;user1622.васи@mail.ru;1982-04-13;Омск
crm-404;Морозова Юлия;79989141161;;14.04.1960;Нижний Новгород г.
crm-1227;Воробьёв Павел Васильевич;+79497897092;user872.паве@mail.ru;1966-07-02;Волгоград
crm-2273;Григорьев Михаил Александрович;+79147131893;user1630.миха@mail.ru;1975-09-27;Казань
crm-746;Иванов Андрей Михайлович;+79244955576;user532.андр@mail.ru;1987-07-07;Красноярск
crm-1472;Новикова Ольга Владимировна;+79149343145;user1045.ольг@mail.ru;1989-11-25;Воронеж
crm-2842;Петров-Водкин Даниил Евгеньевич;+79338715454;user2019.дани@mail.ru;1996-08-18;Пермь
crm-2924;СТЕПАНОВА ВАЛЕНТИНА ВИКТОРОВНА;; USER2070.ВАЛЕ@MAIL.RU ;1983-04-13;РОСТОВ-НА-ДОНУ
crm-3998;Попова Людмила Петровна;+79073167614;user2841.людм@mail.ru;1977-04-20;Нижний Новгород
crm-3233;михайлов михаил юрьевич;;USER2297.МИХА@MAIL.RU;08/04/1955;Воронеж г.
crm-818;Воробьёва Елена Олеговна;+79632583140;user583.елен@mail.ru;1996-04-08;Волгоград
crm-255;КУЗНЕЦОВ АЛЕКСЕЙ ИГОРЕВИЧ;;USER178.АЛЕК@MAIL.RU;13/08/1997;РОСТОВ-НА-ДОНУ
crm-919;Алексеев Константин Иванович;+79720457691;user650.конс@mail.ru;1972-03-02;Краснодар
crm-2513;соколов алексей игоревич;+79852942797; USER1793.АЛЕК@MAIL.RU ;1957-12-19;ВОРОНЕЖ
crm-1337;Кузнецов Валентин Иванович;+79217352125;user945.вале@mail.ru;1971-01-14;Москва
crm-2057;Попов Григорий Васильевич;+79777426980;user1472.григ@mail.ru;1998-10-21;Санкт-Петербург
crm-1424;кузнецов василий дмитриевич;8-938-9385905638;;15.08.1992;КРАСНОДАР
crm-2562;Андреев  Андрей  Васильевич;975 908 72 56;USER1827.АНДР@MAIL.RU;04/09/1981;Ростов-на-Дону г.
crm-1675;Соловьёва Ирина Евгеньевна;+79428645460;user1199.ирин@mail.ru;1992-07-17;Волгоград
crm-2815;Яковлев Алексей Сергеевич;+79760798208;user1998.алек@mail.ru;1978-04-14;Новосибирск
crm-2060;Соловьёв Василий Юрьевич;+79771771632;user1474.васи@mail.ru;1981-09-08;Самара
crm-2394;николаев павел алексеевич;995 577 60 64;USER1708.ПАВЕ@MAIL.RU;1987-11-08;г. Волгоград
crm-523;Романова Елена;; USER368.ЕЛЕН@MAIL.RU ;1988-08-19;г. Самара
crm-3646;Макарова Полина Игорёвна;8 (929) 217-79-58; USER2586.ПОЛИ@MAIL.RU ;11.5.1992;ВОРОНЕЖ
crm-1489;Иванов Илья Викторович;+79079144322;user1061.илья@mail.ru;1982-12-20;Нижний Новгород
crm-3550;Петров-Водкин Глеб Алексеевич;+79383576073;user2524.глеб@mail.ru;1956-11-14;Красноярск
crm-2740;Соколов Тимофей Олегович;+79997129409;user1945.тимо@mail.ru;1957-11-27;Красноярск
crm-36;Макаров Глеб;974 569 42 33; USER22.ГЛЕБ@MAIL.RU ;01.06.1955;г. Омск
crm-1297;Новиков Дмитрий Петрович;+79344827943;user921.дмит@mail.ru;1960-02-24;Пермь
crm-4045;Соловьёв Тимофей Петрович;+79048644048;user2872.тимо@mail.ru;1982-10-12;Красноярск
crm-240;Захарова Анна;8-922-9229623436;USER166.АННА@MAIL.RU;8.8.1999;Красноярск г.
crm-2519;Кузнецов Владимир Игоревич;+79805298830;user1798.влад@mail.ru;1959-03-05;Санкт-Петербург
crm-149;Римский-Корсаков Наталья Сергеевна;+79911867625;user103.ната@mail.ru;1956-11-12;Москва
crm-2560;Андреев Андрей Васильевич;+79759087256;user1827.андр@mail.ru;1981-09-04;Ростов-на-Дону
crm-570;Козлов Пётр Сергеевич;+79428063191;user403.пeтр@mail.ru;1982-01-19;Волгоград
crm-3069;Борисов Павел Сергеевич;+79866482016;user2171.паве@mail.ru;1962-11-08;Пермь
crm-2022;Васильев Дмитрий Васильевич;+79987609303;user1444.дмит@mail.ru;1967-08-24;Ростов-на-Дону
crm-1349;Григорьев Фёдор Павлович;+79609253183;user955.фeдо@mail.ru;1985-06-18;Санкт-Петербург
crm-3745;Римский-Корсаков Григорий Евгеньевич;+79605850438;user2658.григ@mail.ru;1993-12-20;Краснодар
crm-2958;Волков Владимир Васильевич;+79227402011;user2090.влад@mail.ru;1978-11-27;Москва
crm-383;Смирнова Ольга Евгеньевна;+79661222285;user267.ольг@mail.ru;1991-12-21;Москва
crm-2106;Фёдоров Фёдор;+79491281342;;01.10.1996;Казань г.
crm-1650;Николаев Константин Алексеевич;+79266366045;user1177.конс@mail.ru;1959-06-25;Воронеж
crm-1156;Петрова Валентина Юрьевна;+79402190952;user821.вале@mail.ru;1956-03-28;Самара
crm-3423;Римский-Корсаков Никита Евгеньевич;+79154880710;user2429.ники@mail.ru;1996-01-06;Воронеж
crm-3308;Кузнёцова Юлия Сёргёёвна;79540730235;USER2351.ЮЛИЯ@MAIL.RU;03.08.1980;г. Воронеж
crm-1747;Римский-Корсаков Вадим Андреевич;+79833797307;user1256.вади@mail.ru;1999-11-16;Нижний Новгород
crm-1837;Римский-Корсаков Полина Ивановна;+79352549529;user1315.поли@mail.ru;1975-07-17;Санкт-Петербург
crm-3394;Алексеева Людмила Игоревна;+79895063980;user2409.людм@mail.ru;1993-02-15;Новосибирск
crm-1627;Степанов Николай;989 880 35 19;USER1160.НИКО@MAIL.RU;15/10/1963;НИЖНИЙ НОВГОРОД
crm-71;Фёдоров Антон Дмитриевич;+79052942560;user50.анто@mail.ru;1992-02-15;Москва
crm-2634;Воробьёв Константин;8 (974) 199-73-07; USER1870.КОНС@MAIL.RU ;1.12.1964;РОСТОВ-НА-ДОНУ
crm-2024;Яковлева Юлия Михайловна;+79918920824;user1446.юлия@mail.ru;1957-05-11;Москва
crm-302;Новиков Константин Борисович;+79914284332;user210.конс@mail.ru;1995-03-13;Самара
crm-342;Егоров Даниил Васильевич;+79693756702;user236.дани@mail.ru;1962-01-18;Волгоград
crm-1417;Никитина Наталья Васильёвна;921 862 51 84; USER1012.НАТА@MAIL.RU ;1980-01-07;г. Краснодар
crm-2293;Борисов Тимофей;935 127 79 60;USER1641.ТИМО@MAIL.RU;12/02/1998;Екатеринбург г.
crm-829;ОРЛОВА ЮЛИЯ СЕРГЕЕВНА;; USER588.ЮЛИЯ@MAIL.RU ;25.8.1955;г. Омск
crm-1487;Павлов Олег Сергеевич;+79672825610;user1059.олег@mail.ru;1971-11-18;Краснодар
crm-2062;Борисов Олег Борисович;+79113034983;user1476.олег@mail.ru;1965-10-07;Красноярск
crm-2863;Виктор Смирнов;79140893895; USER2029.ВИКТ@MAIL.RU ;20/12/1967;Омск г.
crm-769;Петров-Водкин Николай Петрович;+79198943958;user547.нико@mail.ru;1994-01-22;Москва
crm-3936;Соколов Егор Юрьевич;+79274997677;user2793.егор@mail.ru;1985-09-18;Новосибирск
crm-2892;Попов  Иван  Игоревич;+79776162143;;22/12/1981;Волгоград г.
crm-348;Фролова Валентина Викторовна;+79166570289;user242.вале@mail.ru;1963-07-09;Воронеж
crm-4087;ВАСИЛЬЕВА ЮЛИЯ МИХАЙЛОВНА;; USER2903.ЮЛИЯ@MAIL.RU ;05.10.1967;Пермь г.
crm-1266;Волков Валентин;8-989-9897582164;USER900.ВАЛЕ@MAIL.RU;07/10/1959;г. Нижний Новгород
crm-2529;Соколова Ольга Пётровна;8 (975) 251-98-79;USER1804.ОЛЬГ@MAIL.RU;1976-12-26;г. Санкт-Петербург
crm-3729;Григорьева  Анна  Юрьевна;939 178 12 84;USER2646.АННА@MAIL.RU;15.07.1979;Красноярск г.
crm-2679;Козлов Никита Евгеньевич;+79199172698;user1902.ники@mail.ru;1963-09-06;Самара
crm-1917;Зайцев Григорий Дмитриевич;+79322396962;user1369.григ@mail.ru;1990-12-11;Ростов-на-Дону
crm-414;СОКОЛОВ СТАНИСЛАВ ПАВЛОВИЧ;8-909-9095170918; USER290.СТАН@MAIL.RU ;1979-06-04;г. Казань
crm-1132;Григорьева Людмила Юрьевна;+79591462435;user804.людм@mail.ru;1978-08-20;Нижний Новгород
crm-1744;НОВИКОВ ЮРИЙ ИГОРЕВИЧ;982 718 41 85; USER1254.ЮРИЙ@MAIL.RU ;13.2.1955;г. Санкт-Петербург
crm-3520;Борисов Алексей Васильевич;+79962071010;user2503.алек@mail.ru;1975-03-18;Екатеринбург
crm-2738;Соловьёва Полина Дмитриевна;+79967027211;user1943.поли@mail.ru;1970-02-19;Нижний Новгород
crm-3854;Михайлова Ольга Петровна;+79564869012;user2735.ольг@mail.ru;1978-09-04;Санкт-Петербург
crm-3781;яковлев егор олегович;+79604192123;USER2687.ЕГОР@MAIL.RU;21.02.1978;МОСКВА
crm-2550;Борисов Пётр Михайлович;+79578748115;user1818.пeтр@mail.ru;1994-05-12;Волгоград
crm-1583;Морозов Григорий Игоревич;+79301732716;user1134.григ@mail.ru;1958-11-25;Новосибирск
crm-1244;Волков Сергей Евгеньевич;+79086120871;user885.серг@mail.ru;1999-01-08;Нижний Новгород
crm-1427;Фролова Екатерина Игоревна;+79078787924;user1020.екат@mail.ru;1975-04-17;Пермь
crm-2466;Сергеева Вера Владимировна;+79956806551;user1760.вера@mail.ru;1997-10-15;Москва
crm-3842;Андреев Павел;911 324 30 11; USER2726.ПАВЕ@MAIL.RU ;20.12.1967;КРАСНОДАР
crm-272;Фёдоров Алексей Александрович;+79704475533;user188.алек@mail.ru;1981-06-14;Екатеринбург
crm-1135;Петров Борис Васильевич;+79876771985;user807.бори@mail.ru;1955-04-14;Самара
crm-1523;михайлов борис александрович;79833403663;USER1087.БОРИ@MAIL.RU;09.07.1988;Уфа г.
crm-2699;Михайлов Андрей Васильевич;+79664140258;user1914.андр@mail.ru;1989-07-04;Красноярск
crm-54;Михайлов Антон Сергеевич;+79079312169;user33.анто@mail.ru;1976-05-13;Казань
crm-461;Екатерина Лебедева;956 592 96 29;;1987-09-11;г. Нижний Новгород
crm-2636;Николаева Юлия Дмитриевна;+79231126668;user1871.юлия@mail.ru;1983-08-09;Омск
crm-3246;Морозов Даниил Сёргёёвич;920 134 37 77; USER2305.ДАНИ@MAIL.RU ;06.06.1975;г. Краснодар
crm-104;Дмитрий Сергеев;79735743735;USER72.ДМИТ@MAIL.RU;14.6.1963;г. Волгоград
crm-2303;Смирнов Пётр;79113128020;USER1647.ПEТР@MAIL.RU;1980-10-10;КРАСНОДАР
crm-2920;Ярослав Кузнецов;79983355033;USER2069.ЯРОС@MAIL.RU;1975-05-03;Екатеринбург г.
crm-1469;Фролова  Ирина  Дмитриевна;8 (958) 913-33-07;;02/09/1972;Ростов-на-Дону г.
crm-1056;Яковлев Евгений Николаевич;+79486611252;user741.евге@mail.ru;1999-09-06;Нижний Новгород
crm-2582;Римский-Корсаков Галина;8 (951) 208-24-27;USER1836.ГАЛИ@MAIL.RU;1989-11-07;НИЖНИЙ НОВГОРОД
crm-2434;Морозов Егор Павлович;+79383999402;user1737.егор@mail.ru;1957-02-22;Самара
crm-2988;Сергеева Виктория Юрьевна;+79800473401;user2109.викт@mail.ru;1955-04-23;Ростов-на-Дону
crm-1113;Пётров Иван Павлович;;USER786.ИВАН@MAIL.RU;18.10.1963;г. Уфа
crm-3945;Волков Пётр Владимирович;+79228016114;user2802.пeтр@mail.ru;1971-07-16;Казань
crm-1714;Никитина Татьяна Владимировна;+79372990646;user1229.тать@mail.ru;1981-12-24;Краснодар
crm-1378;Яковлева Ксения Олеговна;+79137717948;user981.ксен@mail.ru;1962-03-19;Уфа
crm-4034;Андреева Наталья Евгеньевна;+79886955517;user2863.ната@mail.ru;1965-10-20;Самара
crm-2297;Захаров Константин Владимирович;+79844597420;user1644.конс@mail.ru;1965-09-21;Пермь
crm-4039;ЗАХАРОВА ГАЛИНА ВЛАДИМИРОВНА;983 625 95 27;USER2866.ГАЛИ@MAIL.RU;4.4.1985;НИЖНИЙ НОВГОРОД
crm-3566;Иванова Дарья Юрьевна;+79967091547;user2533.дарь@mail.ru;1976-03-08;Краснодар
crm-1525;Николаев Алексей Дмитриевич;+79451398584;user1089.алек@mail.ru;1988-02-28;Воронеж
crm-121;Николаев Валентин Иванович;+79312303772;user85.вале@mail.ru;1974-09-16;Нижний Новгород
crm-2366;Васильев  Валентин  Павлович;912 106 05 15;USER1690.ВАЛЕ@MAIL.RU;04/09/1967;РОСТОВ-НА-ДОНУ
crm-1259;Андреев Фёдор Игоревич;+79983231622;user895.фeдо@mail.ru;1974-11-02;Казань
crm-2747;Борисов Роман Николаевич;+79630309858;user1948.рома@mail.ru;1998-03-21;Казань
crm-2362;Григорьев Даниил Алексеевич;+79204138231;user1689.дани@mail.ru;1999-09-12;Москва
crm-2344;Павлов Даниил Алексеевич;+79279709355;user1679.дани@mail.ru;1970-02-24;Нижний Новгород
crm-3671;Кирилл Волков;8-932-9323313752;;1992-10-01;г. Москва
crm-1684;Соколова  Вера  Владимировна;79657695167; USER1205.ВЕРА@MAIL.RU ;25/12/1968;САНКТ-ПЕТЕРБУРГ
crm-4076;Ольга Борисова;;USER2897.ОЛЬГ@MAIL.RU;28/06/1981;Екатеринбург г.
crm-924;Зайцёва Юлия Игорёвна;79406924692;;24/07/1959;г. Санкт-Петербург
crm-3254;Романова Екатерина Ивановна;+79123801667;user2311.екат@mail.ru;1998-11-08;Красноярск
crm-1630;Александров Алексей Евгеньевич;+79125625903;user1163.алек@mail.ru;1977-03-19;Воронеж
crm-2088;Алексеева Екатерина Андреевна;+79344231910;user1492.екат@mail.ru;1962-02-15;Москва
crm-3957;ФРОЛОВА ЕКАТЕРИНА ОЛЕГОВНА;79959091893;;2.10.1985;г. Волгоград
crm-2135;Соловьёва Светлана Николаевна;+79706481458;user1525.свет@mail.ru;1993-01-22;Ростов-на-Дону
crm-1602;Никитин Валентин Васильевич;+79089630920;user1144.вале@mail.ru;1997-05-09;Воронеж
crm-1884;Иванова Валентина Алексеевна;+79189994478;user1344.вале@mail.ru;1955-03-09;Краснодар
crm-378;Васильев Алексей Михайлович;+79970693947;user262.алек@mail.ru;1964-02-10;Новосибирск
crm-948;романов лев михайлович;+79589412922;USER670.ЛЕВ@MAIL.RU;9.1.1979;Санкт-Петербург г.
crm-2720;Петрова Вера Владимировна;+79816333175;user1928.вера@mail.ru;1960-09-15;Уфа
crm-1102;Романова Ирина Петровна;+79492420754;user777.ирин@mail.ru;1994-01-28;Уфа
crm-2065;Смирнова Галина Павловна;+79416387523;user1478.гали@mail.ru;1982-04-25;Краснодар
crm-1020;Лебедев Артём Олегович;+79479005350;user718.артe@mail.ru;1995-02-06;Нижний Новгород
crm-1847;Егоров Глеб Олегович;+79055317540;user1322.глеб@mail.ru;1976-01-09;Уфа
crm-913;Юлия Яковлева;957 130 94 24; USER647.ЮЛИЯ@MAIL.RU ;04.11.1958;г. Волгоград
crm-2319;Егорова Елена Юрьевна;+79606805878;user1661.елен@mail.ru;1970-10-22;Ростов-на-Дону
crm-2985;Ксения Семёнова;8-924-9242104157; USER2107.КСЕН@MAIL.RU ;28.10.1990;Москва г.
crm-3374;Семёнова Мария Владимировна;+79069109289;user2390.мари@mail.ru;1987-01-02;Новосибирск
crm-2437;ВОРОБЬЁВ МАКСИМ ВИКТОРОВИЧ;79167051162;;07/04/1961;г. Самара
crm-1418;Фёдоров Олег Алексеевич;+79506168570;user1013.олег@mail.ru;1957-05-25;Новосибирск
crm-3965;ФРОЛОВ ЕГОР ИГОРЕВИЧ;;USER2818.ЕГОР@MAIL.RU;03.09.1962;Москва г.
crm-2110;петров-водкин елена игоревна;942 124 04 36;;1987-04-21;г. Воронеж
crm-2746;Пётров Валёнтин Павлович;;USER1947.ВАЛЕ@MAIL.RU;26/10/1997;г. Воронеж
crm-2268;Яковлев Никита Иванович;+79510344797;user1625.ники@mail.ru;1993-09-28;Пермь
crm-1597;Яковлев Андрей Евгеньевич;+79788750603;user1140.андр@mail.ru;1969-12-08;Краснодар
crm-2972;Зайцев  Роман  Иванович;976 100 30 94; USER2100.РОМА@MAIL.RU ;26.04.1962;Ростов-на-Дону г.
crm-1435;Григорьев Константин Иванович;+79665497209;user1025.конс@mail.ru;1997-02-16;Красноярск
crm-3403;Михайлов Николай Алёксёёвич;;USER2416.НИКО@MAIL.RU;17.3.1965;ВОРОНЕЖ
crm-2067;Петров-Водкин Наталья Николаевна;+79247761969;user1480.ната@mail.ru;1959-07-09;Москва
crm-2997;Соколов Алексей Михайлович;+79749002008;user2118.алек@mail.ru;1993-11-08;Уфа
crm-2348;Степанов Антон Петрович;+79488869264;user1682.анто@mail.ru;1972-09-07;Красноярск
crm-252;Фёдоров Евгений Олегович;+79926738719;user176.евге@mail.ru;1960-02-09;Волгоград
crm-2169;Яковлева Екатерина Александровна;+79620093115;user1552.екат@mail.ru;1982-10-17;Воронеж
crm-3372;Павлова Елена Алексеевна;+79142876762;user2388.елен@mail.ru;1984-03-16;Самара
crm-4269;;;;99.99.9999;
crm-3056;Степанов Александр Дмитриевич;+79570788540;user2158.алек@mail.ru;1981-08-02;Воронеж
crm-3343;Макаров Станислав Дмитриевич;+79794029793;user2370.стан@mail.ru;1991-09-04;Самара
crm-4111;никитин лев алексеевич;8-912-9122185340; USER2922.ЛЕВ@MAIL.RU ;12.03.1998;г. Екатеринбург
crm-2198;Петров-Водкин Олег Васильевич;+79706634529;user1575.олег@mail.ru;1965-05-19;Москва
crm-426;Яковлев Максим Борисович;+79972945350;user299.макс@mail.ru;1999-06-12;Омск
crm-307;Семёнов Владимир Петрович;+79815445914;user215.влад@mail.ru;1993-07-17;Самара
crm-1779;Иванов Валентин Юрьевич;+79627264144;user1278.вале@mail.ru;1977-09-18;Ростов-на-Дону
crm-2602;Макаров Лёв Викторович;933 302 46 75;USER1853.ЛЕВ@MAIL.RU;1983-05-22;РОСТОВ-НА-ДОНУ
crm-1771;Соловьёв Владимир;+79473422513;;1982-12-16;г. Санкт-Петербург
crm-2395;Павел Николаев;8-995-9955776064; USER1708.ПАВЕ@MAIL.RU ;1987-11-08;г. Волгоград
crm-3509;Фролова Галина Александровна;+79709670019;user2496.гали@mail.ru;1960-02-21;Новосибирск
crm-2187;Романов Лев Иванович;+79965934637;user1568.лев@mail.ru;1984-09-03;Ростов-на-Дону
crm-1479;Александров Григорий Олегович;+79946904238;user1051.григ@mail.ru;1992-03-08;Екатеринбург
crm-3480;Денис Зайцев;8-928-9286144944;;25.5.1974;г. Казань
crm-1574;Петров Егор Васильевич;+79776376959;user1128.егор@mail.ru;1981-01-12;Омск
crm-1834;Орлов Егор Олегович;+79535014671;user1313.егор@mail.ru;1957-02-15;Волгоград
crm-997;Соколов Кирилл Дмитриевич;+79439674779;user703.кири@mail.ru;1972-03-26;Воронеж
crm-1967;Александров Виктор Сергеевич;+79763400693;user1401.викт@mail.ru;1969-10-23;Омск
crm-4174;Семёнова Ксения;8 (997) 419-71-70;USER2960.КСЕН@MAIL.RU;22.03.1962;г. Новосибирск
crm-2577;Фролов Андрей Павлович;+79425465337;user1833.андр@mail.ru;1962-12-18;Красноярск
crm-172;Лебедев Алексей Игоревич;+79672519217;user117.алек@mail.ru;1995-02-26;Воронеж
crm-2483;Волкова Анна Владимировна;+79134482409;user1773.анна@mail.ru;1986-04-19;Санкт-Петербург
crm-1919;ЗАЙЦЕВ ГРИГОРИЙ ДМИТРИЕВИЧ;8-932-9322396962;USER1369.ГРИГ@MAIL.RU;11/12/1990;г. Ростов-на-Дону
crm-4133;Волков Дмитрий Алексеевич;+79074385829;user2932.дмит@mail.ru;1968-10-23;Уфа
crm-3450;Романова Ольга Николаевна;+79736356377;user2454.ольг@mail.ru;1995-06-24;Екатеринбург
crm-33;Макаров Борис Дмитриёвич;; USER20.БОРИ@MAIL.RU ;03/02/1970;г. Екатеринбург
crm-863;Андреев Артём Сергеевич;+79822580149;user614.артe@mail.ru;1999-07-28;Екатеринбург
crm-1055;Денис Иванов;+79204541319; USER740.ДЕНИ@MAIL.RU ;1985-04-21;г. Омск
crm-3144;Фёдорова Анна Дмитриевна;+79662907804;user2228.анна@mail.ru;1958-01-02;Пермь
crm-2054;Воробьёва Анна Павловна;+79621888055;user1470.анна@mail.ru;1960-08-15;Пермь
crm-3341;Захарова Ольга Владимировна;+79654657665;USER2369.ОЛЬГ@MAIL.RU;1979-12-09;Новосибирск г.
crm-3088;Волков Лев Михайлович;+79267438358;user2185.лев@mail.ru;1980-02-23;Красноярск
crm-1638;Романова Наталья Евгеньевна;+79940723158;user1171.ната@mail.ru;1993-05-01;Казань
crm-3224;Петров-Водкин Денис Сергеевич;+79006464224;user2293.дени@mail.ru;1992-02-15;Екатеринбург
crm-2457;Егоров Кирилл Васильевич;+79094490640;user1751.кири@mail.ru;1981-08-19;Омск
crm-2643;АЛЕКСАНДРОВ ДАНИИЛ АЛЕКСАНДРОВИЧ;79304943121; USER1874.ДАНИ@MAIL.RU ;03.05.1977;НОВОСИБИРСК
crm-2708;ЛЕБЕДЕВА МАРИЯ ПЕТРОВНА;;USER1919.МАРИ@MAIL.RU;22.10.1976;МОСКВА
crm-2391;Борисов  Игорь  Петрович;8 (913) 102-33-95;;23.10.1979;САМАРА
crm-2716;Петров-Водкин Ольга Сергеевна;+79079946648;user1924.ольг@mail.ru;1978-11-13;Новосибирск
crm-2774;Фёдоров  Максим  Олегович;8 (926) 208-37-56; USER1966.МАКС@MAIL.RU ;16.09.1986;Санкт-Петербург г.
crm-2671;Римский-Корсаков Алексей Михайлович;+79857662488;user1898.алек@mail.ru;1999-07-26;Волгоград
crm-607;Новиков Иван Юрьевич;+79941918576;user429.иван@mail.ru;1987-04-01;Казань
crm-2392;Николаев Павел Алексеевич;+79955776064;user1708.паве@mail.ru;1987-11-08;Волгоград
crm-3234;Михаил Михайлов;79000499666; USER2297.МИХА@MAIL.RU ;8.4.1955;г. Воронеж
crm-1484;Морозов Вадим Иванович;+79106410132;user1056.вади@mail.ru;1964-01-06;Волгоград
crm-2635;Воробьёв  Константин  Борисович;; USER1870.КОНС@MAIL.RU ;01/12/1964;РОСТОВ-НА-ДОНУ
crm-1868;Морозов Глеб Николаевич;+79030294233;user1335.глеб@mail.ru;1988-05-09;Нижний Новгород
crm-479;Яковлев Андрей Михайлович;+79872293677;user340.андр@mail.ru;1992-08-15;Уфа
crm-2043;Александров Олег Михайлович;+79744035059;user1460.олег@mail.ru;1989-01-04;Красноярск
crm-2004;Захарова Дарья Александровна;+79328293136;user1426.дарь@mail.ru;1964-10-09;Нижний Новгород
crm-4275;???;;not-an-email;99.99.9999;
crm-298;Егоров Алексей Олегович;+79391509736;user206.алек@mail.ru;1965-01-05;Москва
crm-4090;Николаев Григорий Сергеевич;+79805622922;user2906.григ@mail.ru;1990-12-15;Нижний Новгород
crm-3963;Петров Борис Иванович;+79807810160;user2817.бори@mail.ru;1957-08-16;Новосибирск
crm-1114;Попова Дарья Евгеньевна;+79984883383;user787.дарь@mail.ru;1991-09-01;Краснодар
crm-123;Павлов Ёгор Владимирович;+79131569730;USER86.ЕГОР@MAIL.RU;1986-01-07;НИЖНИЙ НОВГОРОД
crm-3840;Андреев Павел Николаевич;+79113243011;user2726.паве@mail.ru;1967-12-20;Краснодар
crm-2355;Фёдоров Роман Владимирович;+79951973904;user1686.рома@mail.ru;1996-01-27;Омск
crm-1105;Андреева Полина Васильевна;+79606253662;user780.поли@mail.ru;1987-10-05;Ростов-на-Дону
crm-3005;смирнов виктор борисович;+79139616840; USER2122.ВИКТ@MAIL.RU ;1981-05-18;ЕКАТЕРИНБУРГ
crm-3546;Захаров Михаил Михайлович;+79345335439;user2520.миха@mail.ru;1968-09-24;Санкт-Петербург
crm-3808;Семёнов Лев Юрьевич;+79252816436;user2703.лев@mail.ru;1993-09-06;Краснодар
crm-3865;романов валентин васильевич;; USER2742.ВАЛЕ@MAIL.RU ;26/11/1955;г. Новосибирск
crm-1883;Семёнов Никита Олегович;+79159592151;user1343.ники@mail.ru;1960-12-20;Омск
crm-2032;Николаев Евгений Николаевич;+79472802992;user1453.евге@mail.ru;1967-09-26;Краснодар
crm-1221;Попов Борис;8-918-9188508017;;14.3.1963;Москва г.
crm-3124;Римский-Корсаков Виктор Владимирович;+79829849498;user2216.викт@mail.ru;1989-08-14;Самара
crm-2249;Семёнов Дмитрий Владимирович;+79884157363;user1611.дмит@mail.ru;1969-01-07;Москва
crm-1712;ПЕТРОВ ВАСИЛИЙ АНДРЕЕВИЧ;;USER1227.ВАСИ@MAIL.RU;23/08/1965;г. Воронеж
crm-865;Никитин Олег Михайлович;+79929624565;user616.олег@mail.ru;1972-12-11;Екатеринбург
crm-1564;Смирнова Ирина;8-986-9866665556;USER1119.ИРИН@MAIL.RU;11.11.1963;ВОРОНЕЖ
crm-13;Николаев Артём Евгеньевич;+79461213035;user11.артe@mail.ru;1992-05-08;Санкт-Петербург
crm-4306;???;;;31.02.1990;
crm-3861;Макаров Максим Петрович;+79893341711;user2739.макс@mail.ru;1978-08-19;Санкт-Петербург
crm-1197;Васильева Полина Сергеевна;+79127187917;user849.поли@mail.ru;1993-07-11;Казань
crm-4080;Макаров Евгений Андреевич;+79529081792;user2900.евге@mail.ru;1963-05-12;Воронеж
crm-1624;КОЗЛОВ ДЕНИС ВЛАДИМИРОВИЧ;79549121789;USER1158.ДЕНИ@MAIL.RU;18/03/1999;НИЖНИЙ НОВГОРОД
crm-3015;Петров Виктор Юрьевич;+79868730830;user2128.викт@mail.ru;1987-04-19;Пермь
crm-1625;Андреев Денис Павлович;+79808881290;user1159.дени@mail.ru;1982-09-26;Волгоград
crm-2639;Соловьёв Виктор Олёгович;8 (972) 583-02-30; USER1873.ВИКТ@MAIL.RU ;08.12.1999;Нижний Новгород г.
crm-1214;Орлова Вера Юрьевна;+79353689544;user863.вера@mail.ru;1990-03-06;Красноярск
crm-3200;Степанова Елена Олеговна;+79907267212;user2274.елен@mail.ru;1958-08-19;Казань
crm-4150;Соколова Светлана Борисовна;+79205877440;user2945.свет@mail.ru;1976-07-04;Екатеринбург
crm-3147;Павлов Роман Борисович;+79076828501;user2231.рома@mail.ru;1973-01-08;Красноярск
crm-1207;Иванов Иван Иванович;+79558341605;user858.иван@mail.ru;1993-01-10;Самара
crm-1871;Егоров Андрей;79521644787; USER1337.АНДР@MAIL.RU ;1965-08-09;г. Краснодар
crm-2274;Петров-Водкин Елена Павловна;+79861101789;user1631.елен@mail.ru;1980-07-15;Самара
crm-893;Попов Михаил Евгеньевич;+79810015344;user633.миха@mail.ru;1979-06-19;Казань
crm-3905;Лебедев Фёдор Сергеевич;+79135885431;user2774.фeдо@mail.ru;1997-01-26;Санкт-Петербург
crm-2961;Михайлов Виктор Павлович;+79085870062;user2093.викт@mail.ru;1977-02-28;Казань
crm-4284;???;;;31.02.1990;
crm-3296;Дарья Макарова;; USER2344.ДАРЬ@MAIL.RU ;03.07.1968;г. Краснодар
crm-2105;Фёдоров Фёдор Андрёёвич;79491281342;USER1506.ФEДО@MAIL.RU;1996-10-01;г. Казань
crm-632;Иванов Борис Андреевич;+79582333058;user450.бори@mail.ru;1956-12-15;Краснодар
crm-1115;Андреев Даниил Павлович;+79447151500;user788.дани@mail.ru;1956-10-05;Красноярск
crm-241;Михайлов Роман Михайлович;+79056847184;user167.рома@mail.ru;1989-07-22;Краснодар
crm-2058;ПОПОВ ГРИГОРИЙ ВАСИЛЬЕВИЧ;79777426980;USER1472.ГРИГ@MAIL.RU;21.10.1998;САНКТ-ПЕТЕРБУРГ
crm-3340;Захарова Ольга;8-965-9654657665;;9.12.1979;НОВОСИБИРСК
crm-1600;Романова Валентина Юрьевна;+79906675294;user1143.вале@mail.ru;1978-12-27;Пермь
crm-2127;Никитин Владимир Борисович;+79226497907;user1517.влад@mail.ru;1968-11-12;Казань
crm-4124;Денис Морозов;79936699760;;10/06/1959;КАЗАНЬ
crm-2019;Яковлев Валентин Михайлович;+79962356883;user1441.вале@mail.ru;1981-02-09;Красноярск
crm-1219;Попов Борис Николаевич;+79188508017;user868.бори@mail.ru;1963-03-14;Москва
crm-148;Морозова Анна Васильевна;+79299929443;user102.анна@mail.ru;1965-10-10;Уфа
crm-1710;ПЕТРОВ ВАСИЛИЙ АНДРЕЕВИЧ;;USER1227.ВАСИ@MAIL.RU;23/08/1965;ВОРОНЕЖ
crm-2478;Петрова Валентина Дмитриевна;+79411041085;user1769.вале@mail.ru;1988-09-04;Казань
crm-2779;Орлова Ольга Игоревна;+79588340563;user1970.ольг@mail.ru;1962-11-08;Москва
crm-808;ПОПОВА ЛЮДМИЛА ВЛАДИМИРОВНА;;USER575.ЛЮДМ@MAIL.RU;09.06.1990;Санкт-Петербург г.
crm-3877;Фролова Полина Олеговна;+79820409083;user2751.поли@mail.ru;1960-08-21;Нижний Новгород
crm-1942;Никитин Ярослав Дмитриевич;+79690665358;user1382.ярос@mail.ru;1980-06-20;Пермь
crm-1697;Фёдоров Александр Юрьевич;+79953979328;user1215.алек@mail.ru;1970-02-28;Казань
crm-128;Степанов Александр Николаевич;+79106496100;user89.алек@mail.ru;1961-05-21;Екатеринбург
crm-1072;Михайлов  Виктор  Дмитриевич;+79769871934;USER753.ВИКТ@MAIL.RU;26/12/1989;МОСКВА
crm-2332;Александров Григорий Борисович;+79847975878;user1670.григ@mail.ru;1995-02-28;Екатеринбург
crm-1806;Григорьева Галина Андреевна;+79559042918;user1296.гали@mail.ru;1957-05-25;Нижний Новгород
crm-1291;Сергеев Григорий Борисович;+79707673810;user915.григ@mail.ru;1978-04-16;Екатеринбург
crm-787;Никитин Никита Александрович;+79706625296;user558.ники@mail.ru;1997-06-22;Ростов-на-Дону
crm-537;михайлова ирина александровна;79112930552;USER377.ИРИН@MAIL.RU;4.10.1979;г. Самара
crm-3719;Петров Вадим Александрович;+79094083352;user2640.вади@mail.ru;1979-01-18;Воронеж
crm-1842;КУЗНЕЦОВА СВЕТЛАНА ПАВЛОВНА;906 291 48 18;USER1317.СВЕТ@MAIL.RU;1966-09-27;ЕКАТЕРИНБУРГ
crm-1885;Соловьёва Ирина Алексеевна;+79095630648;user1345.ирин@mail.ru;1955-06-28;Ростов-на-Дону
crm-3279;Римский-Корсаков Артём Олегович;+79776478573;user2329.артe@mail.ru;1960-11-03;Екатеринбург
crm-3794;Козлова  София  Борисовна;8 (989) 970-07-81;USER2693.СОФИ@MAIL.RU;08/04/1997;Волгоград г.
crm-112;Кузнецова София Михайловна;+79721558866;user77.софи@mail.ru;1993-09-03;Екатеринбург
crm-782;Егор Борисов;8-927-9274884424; USER554.ЕГОР@MAIL.RU ;17/07/1975;МОСКВА
crm-4038;Захарова Галина Владимировна;8-983-9836259527;USER2866.ГАЛИ@MAIL.RU;1985-04-04;Нижний Новгород г.
crm-4117;Васильёва Галина Дмитриёвна;8 (976) 812-91-80;USER2924.ГАЛИ@MAIL.RU;1975-12-16;НОВОСИБИРСК
crm-314;Романова Мария Евгеньевна;+79942955573;user222.мари@mail.ru;1963-05-03;Ростов-на-Дону
crm-3325;Козлов Ярослав Владимирович;+79495836024;user2360.ярос@mail.ru;1957-10-11;Санкт-Петербург
crm-3498;Павлов Илья Борисович;+79248890941;user2486.илья@mail.ru;1990-07-02;Новосибирск
crm-3530;Макарова Виктория Игоревна;+79978244810;user2510.викт@mail.ru;1998-04-02;Самара
crm-2994;Васильев Лев Борисович;+79998329078;user2115.лев@mail.ru;1955-09-13;Казань
crm-1074;Смирнов Максим Александрович;+79478236931;user754.макс@mail.ru;1977-09-04;Самара
crm-2700;Александров Никита Михайлович;+79471676478;user1915.ники@mail.ru;1988-08-03;Омск
crm-1201;Михайлова Юлия Андреевна;+79615953198;user853.юлия@mail.ru;1978-01-28;Самара
crm-532;Римский-Корсаков Иван Иванович;+79104134987;user374.иван@mail.ru;1958-10-12;Краснодар
crm-1794;Фёдоров Вадим Сергеевич;+79557836125;user1285.вади@mail.ru;1975-02-18;Санкт-Петербург
crm-3970;Орлова Ксения;; USER2822.КСЕН@MAIL.RU ;9.1.1972;г. Москва
crm-346;Соловьёв Тимофей Васильевич;+79052949167;user240.тимо@mail.ru;1971-09-21;Краснодар
crm-4209;Иван Новиков;933 812 02 89; USER2986.ИВАН@MAIL.RU ;1979-02-24;МОСКВА
crm-1595;Орлов Максим Олегович;+79589290844;user1138.макс@mail.ru;1958-05-01;Уфа
crm-4279;???;;not-an-email;99.99.9999;
crm-4023;Фёдоров Григорий Сергеевич;+79615834936;user2856.григ@mail.ru;1996-09-18;Ростов-на-Дону
crm-2525;ПЕТРОВ-ВОДКИН ИЛЬЯ СЕРГЕЕВИЧ;; USER1801.ИЛЬЯ@MAIL.RU ;1955-02-01;Новосибирск г.
crm-2046;Егоров Ярослав Сергеевич;+79344018024;user1463.ярос@mail.ru;1990-06-10;Новосибирск
crm-555;Кузнецова Ирина Игоревна;+79974346818;user392.ирин@mail.ru;1971-02-12;Нижний Новгород
crm-1603;Алексеева Людмила Дмитриевна;+79981340463;user1145.людм@mail.ru;1968-09-03;Омск
crm-3997;Зайцев Фёдор Юрьевич;+79743909886;user2840.фeдо@mail.ru;1996-12-23;Нижний Новгород
crm-1545;Зайцева Валентина Васильевна;+79212631343;user1104.вале@mail.ru;1959-09-27;Нижний Новгород
crm-880;Павлов  Виктор  Иванович;909 587 86 90;USER624.ВИКТ@MAIL.RU;20.11.1963;ОМСК
crm-2914;Морозов Ярослав Юрьевич;+79389796807;user2064.ярос@mail.ru;1995-07-19;Краснодар
crm-864;Смирнов Борис Павлович;+79767468079;user615.бори@mail.ru;1977-05-27;Ростов-на-Дону
crm-195;Захаров Максим Петрович;+79730974043;user130.макс@mail.ru;1997-10-20;Екатеринбург
crm-3775;Петров Максим;;USER2683.МАКС@MAIL.RU;11.04.1976;г. Красноярск
crm-3177;Степанова Галина Олеговна;+79453897961;user2256.гали@mail.ru;1992-06-12;Уфа
crm-3613;Орлов Илья Викторович;+79749349941;user2563.илья@mail.ru;1974-11-26;Пермь
crm-1718;Николаев Максим Игоревич;+79294669837;user1233.макс@mail.ru;1998-09-16;Волгоград
crm-3772;Кузнецов Владимир Владимирович;+79360443139;user2682.влад@mail.ru;1955-10-27;Красноярск
crm-2656;Фролов Пётр Юрьевич;+79608764434;user1885.пeтр@mail.ru;1967-06-07;Пермь
crm-2735;Борисов Юрий Павлович;+79753514022;user1940.юрий@mail.ru;1981-03-24;Казань
crm-286;Николаев Павел Дмитриевич;+79912647606;user197.паве@mail.ru;1989-01-25;Воронеж
crm-1376;Зайцев Валентин Викторович;+79895521590;user979.вале@mail.ru;1970-06-07;Нижний Новгород
crm-2326;Борисов Ярослав Петрович;+79954211922;user1668.ярос@mail.ru;1973-09-10;Санкт-Петербург
crm-2469;Смирнов Юрий Владимирович;+79485533300;user1763.юрий@mail.ru;1980-12-15;Нижний Новгород
crm-4271;???;;;31.02.1990;
crm-1815;Васильев Алексей Сергеевич;+79705586215;user1303.алек@mail.ru;1978-09-18;Воронеж
crm-1179;Яковлев Андрей Владимирович;+79291155205;user836.андр@mail.ru;1986-07-11;Воронеж
crm-1354;Фролов Валентин Александрович;+79337038315;user960.вале@mail.ru;1998-02-27;Волгоград
crm-1025;Макаров Артём Васильевич;+79205264209;user721.артe@mail.ru;1997-11-09;Москва
crm-3280;Яковлев Николай Павлович;+79993336750;user2330.нико@mail.ru;1978-02-27;Екатеринбург
crm-388;Фролов Иван;8-933-9336019055;;08.03.1982;г. Ростов-на-Дону
crm-2497;Лебедев Егор Иванович;+79807876002;user1780.егор@mail.ru;1991-01-01;Новосибирск
crm-3577;Петров  Иван  Борисович;; USER2541.ИВАН@MAIL.RU ;18.07.1977;САМАРА
crm-4149;Морозова Татьяна Ивановна;+79205882198;user2944.тать@mail.ru;1996-06-22;Москва
crm-750;КУЗНЕЦОВ СТАНИСЛАВ ЮРЬЕВИЧ;8-940-9405731291; USER534.СТАН@MAIL.RU ;1989-06-13;Омск г.
crm-3786;Иванов Роман Алексеевич;+79573760131;user2690.рома@mail.ru;1989-03-26;Волгоград
crm-881;павлов виктор иванович;8-909-9095878690; USER624.ВИКТ@MAIL.RU ;20.11.1963;г. Омск
crm-1658;Петров-Водкин Анна Николаевна;+79433033292;user1184.анна@mail.ru;1961-03-24;Самара
crm-2294;Захарова Ирина Алексеевна;+79788786595;user1642.ирин@mail.ru;1959-04-19;Красноярск
crm-489;Андреев Виктор Васильевич;+79790268278;user347.викт@mail.ru;1977-09-28;Воронеж
crm-2658;Павлов Тимофей Евгеньевич;+79034970649;user1887.тимо@mail.ru;1982-01-09;Екатеринбург
crm-2935;Яковлёв Вадим Олёгович;984 759 83 49;;15/06/1987;г. Уфа
crm-1279;Александров Сергей Владимирович;+79114065419;user908.серг@mail.ru;1955-02-01;Ростов-на-Дону
crm-1148;Фролов Тимофёй Павлович;;USER813.ТИМО@MAIL.RU;23/02/1972;г. Новосибирск
crm-2608;Романова Анна Алексеевна;+79227260295;user1857.анна@mail.ru;1977-04-09;Уфа
crm-30;Макаров Борис Дмитриевич;+79272997397;user20.бори@mail.ru;1970-02-03;Екатеринбург
crm-3435;Воробьёв Вадим Андреевич;+79181551132;user2440.вади@mail.ru;1967-07-23;Нижний Новгород
crm-1019;Козлов Виктор Иванович;+79775152045;user717.викт@mail.ru;1971-08-21;Москва
crm-1904;Иванов Денис Владимирович;+79061517084;user1361.дени@mail.ru;1978-03-22;Новосибирск
crm-3294;Макарова Дарья Михайловна;+79730407022;user2344.дарь@mail.ru;1968-07-03;Краснодар
crm-1203;Егоров Борис Евгеньевич;+79767031281;user855.бори@mail.ru;1957-03-08;Омск
crm-662;Фролова Ирина Ивановна;+79552832274;user474.ирин@mail.ru;1974-03-02;Уфа
crm-4144;Козлов Роман;+79027661222; USER2940.РОМА@MAIL.RU ;18/01/1972;г. Самара
crm-4206;Яковлев Лев Дмитриевич;+79427149666;user2985.лев@mail.ru;1956-06-24;Москва
crm-3190;Петров Илья Александрович;+79961265043;user2267.илья@mail.ru;1968-09-23;Уфа
crm-1593;Светлана Михайлова;;USER1137.СВЕТ@MAIL.RU;18/04/1987;НОВОСИБИРСК
crm-3557;Соколов Сёргёй Игорёвич;; USER2527.СЕРГ@MAIL.RU ;6.8.1967;Екатеринбург г.
crm-4116;ВАСИЛЬЕВА ГАЛИНА ДМИТРИЕВНА;8-976-9768129180;USER2924.ГАЛИ@MAIL.RU;1975-12-16;г. Новосибирск
crm-3915;Романова  Полина  Владимировна;+79053489187;;1980-11-15;РОСТОВ-НА-ДОНУ
crm-1336;Борис Павлов;980 926 87 00; USER944.БОРИ@MAIL.RU ;15.3.1960;ВОРОНЕЖ
crm-61;Соколов Фёдор Игоревич;+79657446275;user40.фeдо@mail.ru;1956-09-15;Санкт-Петербург
crm-267;Петров-Водкин  Вадим  Владимирович;8 (960) 691-09-61;;1969-11-01;МОСКВА
crm-1827;Борисова София Сёргёёвна;8-999-9998544611; USER1309.СОФИ@MAIL.RU ;1999-06-01;Омск г.
crm-815;Фролов Дмитрий Олегович;+79741985944;user580.дмит@mail.ru;1971-02-07;Нижний Новгород
crm-1053;Иванов  Денис  Борисович;920 454 13 19; USER740.ДЕНИ@MAIL.RU ;21/04/1985;Омск г.
crm-1767;Фёдорова Светлана Васильевна;+79061885035;user1272.свет@mail.ru;1975-09-10;Краснодар
crm-1061;Егоров Константин Игоревич;+79326571487;user745.конс@mail.ru;1959-06-27;Нижний Новгород
crm-1761;Римский-Корсаков Владимир Михайлович;+79008981290;user1269.влад@mail.ru;1970-09-11;Новосибирск
crm-374;Андреев  Борис  Андреевич;;USER258.БОРИ@MAIL.RU;20.11.1970;г. Ростов-на-Дону
crm-3085;Воробьёв Станислав Юрьевич;+79374694746;user2182.стан@mail.ru;1970-09-04;Воронеж
crm-53;Макарова Мария Ивановна;+79893425840;user32.мари@mail.ru;1997-12-21;Самара
crm-193;ИВАНОВ МАКСИМ АЛЕКСАНДРОВИЧ;8 (955) 091-88-71;USER128.МАКС@MAIL.RU;07/06/1974;Нижний Новгород г.
crm-1617;Александров Максим Александрович;+79067513637;user1155.макс@mail.ru;1995-10-10;Новосибирск
crm-3809;Алексеев Василий Сергеевич;+79833636510;user2704.васи@mail.ru;1993-02-05;Москва
crm-1512;Степанов Игорь Викторович;+79635468729;user1079.игор@mail.ru;1971-05-27;Волгоград
crm-473;Кузнецова Вера Викторовна;+79985643909;user334.вера@mail.ru;1991-07-22;Омск
crm-1083;Орлов Кирилл Николаевич;+79675993091;user762.кири@mail.ru;1981-08-05;Санкт-Петербург
crm-1912;Волков Григорий Васильевич;+79272384715;user1367.григ@mail.ru;1957-03-26;Казань
crm-4073;Фёдорова  Полина  Алексеевна;+79735199635; USER2896.ПОЛИ@MAIL.RU ;06/07/1956;Самара г.
crm-773;Воробьёв  Евгений  Петрович;8 (928) 581-63-19; USER548.ЕВГЕ@MAIL.RU ;1990-04-16;САМАРА
crm-2906;римский-корсаков артём владимирович;8 (913) 823-40-59;USER2057.АРТE@MAIL.RU;1968-07-16;ПЕРМЬ
crm-4243;???;;not-an-email;99.99.9999;
crm-2839;Новиков Андрей Игоревич;+79307921754;user2018.андр@mail.ru;1982-01-06;Омск
crm-1439;Алексеев Артём Павлович;+79214821317;user1028.артe@mail.ru;1983-07-10;Уфа
crm-3827;Римский-Корсаков Елена Андреевна;+79131987999;user2717.елен@mail.ru;1993-10-25;Москва
crm-1437;Петров Дмитрий;8-904-9047444848;;14.04.1971;г. Краснодар
crm-4032;Николаева Виктория Сергеевна;+79494022884;user2861.викт@mail.ru;1962-08-13;Самара
crm-980;Орлов  Даниил  Сергеевич;+79011791960; USER689.ДАНИ@MAIL.RU ;1990-05-03;г. Омск
crm-2343;Соколова Дарья Владимировна;+79282517411;user1678.дарь@mail.ru;1965-11-23;Волгоград
crm-1496;Михайлова Полина Олеговна;+79330469580;user1065.поли@mail.ru;1986-07-27;Уфа
crm-3065;Соловьёв Даниил Михайлович;+79933944822;user2167.дани@mail.ru;1982-07-03;Новосибирск
crm-2235;Соловьёва Анна Васильевна;+79275709293;user1600.анна@mail.ru;1988-02-04;Нижний Новгород
crm-3117;Фёдоров Никита Сергеевич;+79990777750;user2211.ники@mail.ru;1970-11-19;Омск
crm-719;Петрова Вера Игоревна;+79982628820;user513.вера@mail.ru;1968-12-25;Санкт-Петербург
crm-1328;Иванов Лев;79065507240;;13.09.1990;г. Краснодар
crm-3162;Алексеев Константин Алексеевич;+79231277767;user2245.конс@mail.ru;1956-03-20;Воронеж
crm-1720;Семёнов Роман Михайлович;+79314105823;user1234.рома@mail.ru;1963-09-10;Новосибирск
crm-3245;Морозов Даниил Сергеевич;+79201343777;user2305.дани@mail.ru;1975-06-06;Краснодар
crm-4165;Сергеева Ольга Павловна;+79072048475;user2956.ольг@mail.ru;1963-12-08;Омск
crm-785;Яковлева София Борисовна;+79229270346;user556.софи@mail.ru;1957-05-21;Волгоград
crm-2791;Васильева Дарья Евгеньевна;+79142332128;user1981.дарь@mail.ru;1987-06-17;Нижний Новгород
crm-2871;Воробьёв Андрей Юрьевич;+79360329549;user2035.андр@mail.ru;1983-06-27;Ростов-на-Дону
crm-751;Кузнецов Станислав;79405731291;USER534.СТАН@MAIL.RU;13.6.1989;г. Омск
crm-4096;Павлов Олег Игоревич;+79267195277;user2910.олег@mail.ru;1985-02-23;Новосибирск
crm-3594;Николаев  Евгений  Иванович;999 970 78 91;;1996-07-20;г. Пермь
crm-2664;Захаров Станислав Васильевич;+79439193921;user1893.стан@mail.ru;1964-03-02;Казань
crm-1757;Орлова Людмила Викторовна;+79416633456;user1265.людм@mail.ru;1986-01-21;Нижний Новгород
crm-2984;СЕМЁНОВА КСЕНИЯ МИХАЙЛОВНА;79242104157; USER2107.КСЕН@MAIL.RU ;28.10.1990;Москва г.
crm-3298;Иванов Антон Николаевич;+79624819994;user2345.анто@mail.ru;1987-07-07;Волгоград
crm-827;Орлова  Юлия  Сергеевна;; USER588.ЮЛИЯ@MAIL.RU ;1955-08-25;г. Омск
crm-77;Павлов Андрей;;USER54.АНДР@MAIL.RU;14.07.1961;г. Санкт-Петербург
crm-2865;Макарова Ольга Андреевна;+79602559595;user2031.ольг@mail.ru;1999-12-24;Нижний Новгород
crm-2320;Егоров Павел Юрьевич;+79582171607;user1662.паве@mail.ru;1973-04-09;Красноярск
crm-1584;Морозов Григорий Игорёвич;8 (930) 173-27-16; USER1134.ГРИГ@MAIL.RU ;25/11/1958;Новосибирск г.
crm-1563;Смирнова Ирина Андреевна;+79866665556;user1119.ирин@mail.ru;1963-11-11;Воронеж
crm-3202;Римский-Корсаков Полина Васильевна;+79353494384;user2276.поли@mail.ru;1978-08-10;Москва
crm-321;Козлов Максим Михайлович;+79339423553;user226.макс@mail.ru;1983-08-14;Санкт-Петербург
crm-3091;Петров-Водкин Лев Владимирович;+79483357996;user2186.лев@mail.ru;1980-08-01;Москва
crm-352;Андреев Станислав Олегович;+79546385679;user244.стан@mail.ru;1992-09-28;Москва
crm-3733;Григорьев Борис Дмитриевич;+79898791201;user2649.бори@mail.ru;1955-01-07;Екатеринбург
crm-328;Никитин Андрей Евгеньевич;+79597889725;user228.андр@mail.ru;1993-05-26;Воронеж
crm-3603;Попов Денис Михайлович;+79918315436;user2557.дени@mail.ru;1993-05-26;Екатеринбург
crm-505;Егорова Галина Викторовна;+79958510227;user356.гали@mail.ru;1970-05-05;Красноярск
crm-3977;Васильев Никита Игоревич;+79531817740;user2827.ники@mail.ru;1980-11-25;Воронеж
crm-3631;Лебедев Валентин Павлович;+79481178011;user2576.вале@mail.ru;1983-06-26;Нижний Новгород
crm-159;Новикова Юлия Викторовна;+79415832575;user109.юлия@mail.ru;1997-03-12;Москва
crm-21;РИМСКИЙ-КОРСАКОВ ЯРОСЛАВ АЛЕКСАНДРОВИЧ;8-916-9168288133;USER16.ЯРОС@MAIL.RU;1962-09-09;НОВОСИБИРСК
crm-800;Никитина Елена Владимировна;+79884096152;user570.елен@mail.ru;1955-03-07;Екатеринбург
crm-4065;Романов Сергей Александрович;+79102292857;user2889.серг@mail.ru;1979-10-13;Воронеж
crm-686;Михайлова Ирина Михайловна;+79949996982;user491.ирин@mail.ru;1986-03-13;Москва
crm-3123;Козлова Вера Викторовна;+79344812959;user2215.вера@mail.ru;1956-10-12;Самара
crm-2834;Волкова Юлия Борисовна;+79652496621;user2013.юлия@mail.ru;1960-03-12;Москва
crm-1013;Козлов Лев Викторович;+79018993116;user714.лев@mail.ru;1972-07-23;Москва
crm-84;Никитина София Николаевна;+79081367610;user61.софи@mail.ru;1960-03-14;Казань
crm-2982;Петров-Водкин Юлия Евгеньевна;+79042284005;user2106.юлия@mail.ru;1996-06-26;Ростов-на-Дону
crm-763;Фёдорова Виктория Михайловна;+79392484226;user544.викт@mail.ru;1961-07-23;Воронеж
crm-600;Орлова Виктория Олеговна;+79771169538;user424.викт@mail.ru;1979-09-19;Воронеж
crm-3432;Орлова Вера Викторовна;+79954821331;user2437.вера@mail.ru;1963-01-14;Самара
crm-1633;Лебедев Никита Владимирович;+79642589903;user1166.ники@mail.ru;1975-04-12;Санкт-Петербург
crm-4276;???;;not-an-email;99.99.9999;
crm-2102;Козлов Василий Александрович;+79486499215;user1505.васи@mail.ru;1967-05-17;Казань
crm-3966;Морозова Полина Юрьевна;+79127715204;user2819.поли@mail.ru;1961-10-06;Краснодар
crm-2654;Степанов Валентин Дмитриевич;+79287520428;user1883.вале@mail.ru;1981-04-25;Волгоград
crm-932;Павлов Иван Николаевич;+79464558614;user660.иван@mail.ru;1972-12-06;Волгоград
crm-2373;Кузнецов Дмитрий Павлович;+79691432409;user1696.дмит@mail.ru;1984-06-03;Санкт-Петербург
crm-1690;Никитин Илья Юрьевич;+79526159198;user1209.илья@mail.ru;1993-08-15;Воронеж
crm-2711;орлов артём борисович;79158020543; USER1921.АРТE@MAIL.RU ;1965-04-07;Ростов-на-Дону г.
crm-2141;Соколов Николай Олегович;+79475975567;user1530.нико@mail.ru;1955-08-28;Екатеринбург
crm-4079;Сергеев Антон Игоревич;+79558984179;user2899.анто@mail.ru;1964-04-01;Самара
crm-1476;Павлова София Михайловна;+79589760113;user1049.софи@mail.ru;1987-02-28;Москва
crm-2044;Соловьёв Илья Николаевич;+79360630562;user1461.илья@mail.ru;1988-08-08;Уфа
crm-357;Фролов Владимир Михайлович;+79954617966;user247.влад@mail.ru;1985-04-27;Омск
crm-1475;Римский-Корсаков Артём Иванович;+79259018500;user1048.артe@mail.ru;1970-11-28;Самара
crm-2702;Соловьёв Иван Евгеньевич;+79183312246;user1917.иван@mail.ru;1997-12-01;Нижний Новгород
crm-435;Воробьёва Дарья Викторовна;+79392638792;user308.дарь@mail.ru;1981-07-18;Пермь
crm-991;Соловьёв Артём Андреевич;+79361937347;user697.артe@mail.ru;1982-11-03;Краснодар
crm-1011;Воробьёв Глеб Борисович;+79603465665;user712.глеб@mail.ru;1994-02-11;Краснодар
crm-1750;Захарова Светлана Сергеевна;+79827433014;user1259.свет@mail.ru;1977-03-01;Санкт-Петербург
crm-1573;Семёнов  Михаил  Игоревич;; USER1127.МИХА@MAIL.RU ;09/07/1979;ОМСК
crm-650;НИКОЛАЕВ ЯРОСЛАВ ДМИТРИЕВИЧ;934 497 89 22; USER463.ЯРОС@MAIL.RU ;1974-04-17;Москва г.
crm-3152;Яковлева Светлана Игоревна;+79509506115;user2236.свет@mail.ru;1957-07-15;Воронеж
crm-1680;Волкова Елена Васильевна;+79999308775;user1204.елен@mail.ru;1967-10-04;Красноярск
crm-2086;орлов владимир александрович;79001938574;USER1490.ВЛАД@MAIL.RU;21/01/1995;Самара г.
crm-3793;Козлова София Борисовна;+79899700781;user2693.софи@mail.ru;1997-04-08;Волгоград
crm-3320;Михайлов Станислав Владимирович;+79524534915;user2358.стан@mail.ru;1998-01-19;Санкт-Петербург
crm-3850;Фёдорова Елена Сергеевна;+79600573260;user2731.елен@mail.ru;1984-06-07;Ростов-на-Дону
crm-2115;НИКОЛАЕВ АРТЁМ ПАВЛОВИЧ;8-915-9158016956;;24.7.1966;НОВОСИБИРСК
crm-2707;ЛЕБЕДЕВА МАРИЯ ПЕТРОВНА;8 (982) 653-79-53;USER1919.МАРИ@MAIL.RU;22/10/1976;г. Москва
crm-3275;Соловьёва Виктория Васильевна;+79047755288;user2325.викт@mail.ru;1957-06-02;Екатеринбург
crm-2041;Степанова Полина Игоревна;+79779390812;user1458.поли@mail.ru;1965-03-22;Красноярск
crm-1956;михайлов денис юрьевич;79053037974;;19.9.1997;МОСКВА
crm-1556;Алексеев Даниил Борисович;+79357957045;user1112.дани@mail.ru;1996-02-22;Москва
crm-2267;Борисова Вера Игоревна;+79849134277;user1624.вера@mail.ru;1997-04-24;Нижний Новгород
crm-2462;Зайцева Валентина Владимировна;+79410229843;user1756.вале@mail.ru;1964-07-25;Воронеж
crm-612;Новиков Фёдор Борисович;+79687709394;user434.фeдо@mail.ru;1977-09-06;Санкт-Петербург
crm-3241;Никитина Ксения Михайловна;+79320032907;user2301.ксен@mail.ru;1965-06-04;Москва
crm-2675;ЗАХАРОВ ДЕНИС АНДРЕЕВИЧ;+79899196255;USER1899.ДЕНИ@MAIL.RU;03/02/1973;Пермь г.
crm-2798;Борис Зайцев;8 (965) 302-73-70; USER1985.БОРИ@MAIL.RU ;13.6.1963;САНКТ-ПЕТЕРБУРГ
crm-4223;СОКОЛОВ СЕРГЕЙ БОРИСОВИЧ;8-935-9359963084;;17/12/1970;г. Ростов-на-Дону
crm-169;Александров Андрей Павлович;+79926730081;user114.андр@mail.ru;1991-11-15;Нижний Новгород
crm-1374;Егорова Елена Евгеньевна;+79939513184;user977.елен@mail.ru;1996-05-24;Краснодар
crm-222;Полина Соколова;922 776 35 10; USER154.ПОЛИ@MAIL.RU ;18.8.1968;г. Краснодар
crm-1017;НОВИКОВА ТАТЬЯНА АЛЕКСАНДРОВНА;8-919-9190929070;USER716.ТАТЬ@MAIL.RU;05/04/1985;г. Воронеж
crm-1038;Михайлов Алексей;+79255470115;USER730.АЛЕК@MAIL.RU;10.02.1983;г. Екатеринбург
crm-2055;ВОРОБЬЁВА АННА ПАВЛОВНА;79621888055;USER1470.АННА@MAIL.RU;15.8.1960;ПЕРМЬ
crm-1249;ЗАЙЦЕВ ИГОРЬ ОЛЕГОВИЧ;8-944-9449572721;USER887.ИГОР@MAIL.RU;16.07.1961;г. Казань
crm-663;Римский-Корсаков Максим Евгеньевич;+79573645309;user475.макс@mail.ru;1975-02-20;Екатеринбург
crm-4215;Смирнова Мария Алексеевна;+79829338122;user2991.мари@mail.ru;1987-03-17;Казань
crm-2725;Попов Владимир Александрович;+79543388502;user1933.влад@mail.ru;1993-07-27;Воронеж
crm-1929;Иванов  Евгений  Евгеньевич;79593270238;USER1376.ЕВГЕ@MAIL.RU;07/12/1986;Санкт-Петербург г.
crm-1307;Кузнецов Кирилл Викторович;+79038346209;user927.кири@mail.ru;1968-12-08;Красноярск
crm-582;петров-водкин иван петрович;; USER411.ИВАН@MAIL.RU ;16.07.1969;г. Красноярск
crm-3029;Воробьёв Антон Дмитриевич;+79584948599;user2138.анто@mail.ru;1990-11-23;Ростов-на-Дону
crm-2118;Максим Зайцев;8 (903) 445-66-82;USER1511.МАКС@MAIL.RU;1989-10-27;г. Краснодар
crm-3136;Николаев Тимофей Васильевич;+79157682200;user2222.тимо@mail.ru;1983-10-26;Нижний Новгород
crm-1951;Зайцева Ксения Алексеевна;+79461915257;user1390.ксен@mail.ru;1984-07-04;Нижний Новгород
crm-50;Романов  Борис  Борисович;8-932-9328349426; USER31.БОРИ@MAIL.RU ;05/06/1975;УФА
crm-1766;Козлова Ксения Юрьевна;+79531539165;user1271.ксен@mail.ru;1988-04-03;Самара
crm-4055;Орлов Денис Николаевич;+79977237203;user2879.дени@mail.ru;1965-11-17;Казань
crm-3986;Григорьева  Елена  Владимировна;; USER2833.ЕЛЕН@MAIL.RU ;1969-01-12;Уфа г.
crm-3531;Макарова  Виктория  Игоревна;8-997-9978244810;;2.4.1998;Самара г.
crm-4106;Зайцев Валентин Иванович;+79285958838;user2918.вале@mail.ru;1972-05-18;Красноярск
crm-147;Соколов Илья Владимирович;+79997313701;user101.илья@mail.ru;1990-06-12;Самара
crm-643;Борисов Василий Васильевич;+79958938170;user458.васи@mail.ru;1987-11-19;Волгоград
crm-3464;Николаева Полина Андреевна;+79632448167;user2463.поли@mail.ru;1990-06-16;Москва
crm-1060;Васильев Максим Николаевич;+79772752146;user744.макс@mail.ru;1960-11-20;Самара
crm-3449;Захарова Вера Павловна;+79595747434;user2453.вера@mail.ru;1965-07-09;Казань
crm-1058;Петрова Полина;; USER742.ПОЛИ@MAIL.RU ;20.03.1964;г. Самара
crm-140;Козлова Светлана Владимировна;+79008886395;user97.свет@mail.ru;1958-12-06;Красноярск
crm-2225;Романов Олег Александрович;+79328596170;user1596.олег@mail.ru;1955-06-10;Самара
crm-856;Иванов Роман Петрович;+79403852889;user610.рома@mail.ru;1958-05-08;Воронеж
crm-3826;Захаров Павел Петрович;+79979276274;user2716.паве@mail.ru;1996-01-16;Омск
crm-3366;Романов Роман Игоревич;+79000962149;user2385.рома@mail.ru;1968-04-23;Москва
crm-89;Соловьёва Ирина Евгеньевна;+79574442277;user63.ирин@mail.ru;1974-11-19;Уфа
crm-516;ЗАЙЦЕВ МАКСИМ ИВАНОВИЧ;; USER365.МАКС@MAIL.RU ;23/05/1998;Пермь г.
crm-1067;Григорьев Сергей Михайлович;+79451812485;user750.серг@mail.ru;1967-10-08;Новосибирск
crm-1685;Андреева София Алексеевна;+79093093742;user1206.софи@mail.ru;1993-06-02;Омск
crm-1257;Волков Дмитрий Олегович;+79669706778;user893.дмит@mail.ru;1985-05-16;Казань
crm-3928;Стёпанов Кирилл Дмитриёвич;+79297297950; USER2786.КИРИ@MAIL.RU ;14/04/1972;г. Екатеринбург
crm-2540;Смирнова Галина Алёксёёвна;; USER1813.ГАЛИ@MAIL.RU ;1999-05-08;г. Уфа
crm-1334;Павлов Борис Петрович;+79809268700;user944.бори@mail.ru;1960-03-15;Воронеж
crm-144;Попов  Иван  Александрович;+79860846113; USER98.ИВАН@MAIL.RU ;1961-08-11;ПЕРМЬ
crm-1031;Павлов Артём Николаевич;+79432831807;user726.артe@mail.ru;1956-07-20;Самара
crm-1515;Яковлев Валентин Александрович;+79667142590;user1082.вале@mail.ru;1981-01-09;Волгоград
crm-1802;Фёдорова Ирина Игоревна;+79302619296;user1292.ирин@mail.ru;1998-09-08;Москва
crm-2756;Никитина Виктория Андреевна;+79384413398;user1952.викт@mail.ru;1956-05-12;Уфа
crm-3896;Попов Григорий Павлович;+79984088637;user2768.григ@mail.ru;1962-04-23;Краснодар
crm-1856;МОРОЗОВ КОНСТАНТИН ВАСИЛЬЕВИЧ;943 668 80 62;USER1328.КОНС@MAIL.RU;13.08.1985;Нижний Новгород г.
crm-1033;Фролова Валентина Евгеньевна;+79022519036;user728.вале@mail.ru;1984-09-12;Нижний Новгород
crm-361;Никитина Виктория Олеговна;+79423732269;user251.викт@mail.ru;1991-09-02;Москва
crm-2335;Кузнецова Людмила Дмитриевна;+79307586448;user1673.людм@mail.ru;1984-01-14;Новосибирск
crm-2917;Никитин Владимир Николаевич;+79457946262;user2067.влад@mail.ru;1978-02-14;Санкт-Петербург
crm-2996;Смирнова Полина Петровна;+79462485547;user2117.поли@mail.ru;1991-01-03;Самара
crm-3208;Андреев Даниил Александрович;+79951190135;user2282.дани@mail.ru;1977-06-21;Нижний Новгород
crm-4000;Григорьева Полина Андреевна;+79100967126;user2843.поли@mail.ru;1996-07-25;Москва
crm-2845;Орлов Максим Васильевич;+79287586180;user2021.макс@mail.ru;1995-05-19;Уфа
crm-349;Павлов Борис Николаевич;+79584230225;user243.бори@mail.ru;1999-11-28;Новосибирск
crm-2959;Смирнов Александр Александрович;+79773334491;user2091.алек@mail.ru;1991-04-21;Екатеринбург
crm-3684;Яковлев Глеб Васильевич;+79526798204;user2612.глеб@mail.ru;1977-03-06;Уфа
crm-1416;Никитина Наталья;+79218625184; USER1012.НАТА@MAIL.RU ;07.01.1980;Краснодар г.
crm-1578;римский-корсаков дмитрий сергеевич;+79081952182;USER1130.ДМИТ@MAIL.RU;21.7.1992;ПЕРМЬ
crm-2299;Римский-Корсаков Вадим Игоревич;+79240889210;user1646.вади@mail.ru;1967-01-22;Нижний Новгород
crm-3211;Васильев Николай Сергеевич;+79362618737;user2285.нико@mail.ru;1976-01-13;Уфа
crm-4072;Фёдорова Полина Алексеевна;+79735199635;user2896.поли@mail.ru;1956-07-06;Самара
crm-3316;Макаров Борис Сергеевич;+79283317513;user2356.бори@mail.ru;1970-10-07;Омск
crm-154;СЕРГЕЕВ ТИМОФЕЙ ВИКТОРОВИЧ;8-918-9181297237; USER105.ТИМО@MAIL.RU ;24/04/1987;МОСКВА
crm-2350;СТЕПАНОВ БОРИС АЛЕКСАНДРОВИЧ;+79918273853;;18/07/1988;г. Пермь
crm-2075;Лебедев Фёдор Николаевич;+79711420840;user1484.фeдо@mail.ru;1955-04-16;Казань
crm-4219;Смирнов Тимофей Андреевич;+79209332280;user2995.тимо@mail.ru;1969-01-08;Казань
crm-2095;Петров Станислав Дмитриевич;+79828600073;user1498.стан@mail.ru;1956-09-05;Екатеринбург
crm-367;Иванов Михаил Александрович;+79239398392;user254.миха@mail.ru;1955-03-07;Екатеринбург
crm-2290;Борисов Тимофей Юрьевич;+79351277960;user1641.тимо@mail.ru;1998-02-12;Екатеринбург
crm-2811;ГРИГОРЬЕВ АНТОН ЮРЬЕВИЧ;8 (972) 606-81-94;;11/09/1981;г. Нижний Новгород
crm-3060;Кузнецов Василий Игоревич;+79411989485;user2162.васи@mail.ru;1972-05-17;Уфа
crm-3034;Волков Дмитрий Васильевич;+79790711994;user2141.дмит@mail.ru;1985-01-23;Казань
crm-3802;Семёнов Сергей;+79269771144;USER2697.СЕРГ@MAIL.RU;1955-02-06;ВОЛГОГРАД
crm-3122;Смирнов Глеб Владимирович;+79234870358;user2214.глеб@mail.ru;1965-05-27;Санкт-Петербург
crm-1159;Волков Максим Дмитриевич;+79676758338;user822.макс@mail.ru;1992-07-04;Екатеринбург
crm-3506;Алексеев Ярослав Николаевич;+79702426962;user2493.ярос@mail.ru;1971-11-07;Самара
crm-858;Орлов Евгений Васильевич;+79558132837;user611.евге@mail.ru;1991-03-23;Воронеж
crm-1514;Григорьев Егор Алексеевич;+79159044614;user1081.егор@mail.ru;1989-12-09;Новосибирск
crm-1683;Соколова Вера;8-965-9657695167; USER1205.ВЕРА@MAIL.RU ;25.12.1968;САНКТ-ПЕТЕРБУРГ
crm-3819;Воробьёва  Полина  Викторовна;+79170267565;USER2711.ПОЛИ@MAIL.RU;04.04.1966;НОВОСИБИРСК
crm-1251;Кузнецова София Николаевна;+79022797693;user888.софи@mail.ru;1977-10-15;Краснодар
crm-4047;Егоров Егор Олегович;+79501490411;user2874.егор@mail.ru;1983-04-01;Нижний Новгород
crm-1998;васильев дмитрий викторович;984 480 88 61; USER1422.ДМИТ@MAIL.RU ;09/12/1974;Краснодар г.
crm-3502;Попов Иван Олегович;+79780614680;user2490.иван@mail.ru;1978-11-13;Ростов-на-Дону
crm-208;Павлов Константин Павлович;+79276588952;user143.конс@mail.ru;1988-03-05;Нижний Новгород
crm-4112;Никитин Лёв Алёксёёвич;912 218 53 40;USER2922.ЛЕВ@MAIL.RU;12/03/1998;г. Екатеринбург
crm-2504;Козлова Ирина Павловна;+79061234804;user1787.ирин@mail.ru;1986-10-21;Красноярск
crm-3083;Павлов Фёдор Викторович;+79868604169;user2180.фeдо@mail.ru;1993-07-07;Уфа
crm-432;Орлов Пётр Евгеньевич;+79547319207;user305.пeтр@mail.ru;1958-11-24;Волгоград
crm-3490;Римский-Корсаков Алексей Алексеевич;+79798124817;user2480.алек@mail.ru;1959-03-12;Новосибирск
crm-1582;Никитин Василий Алексеевич;+79590026657;user1133.васи@mail.ru;1991-05-14;Самара
crm-1434;Иванова Наталья Михайловна;+79501083256;user1024.ната@mail.ru;1970-01-13;Омск
crm-1174;КОЗЛОВ НИКОЛАЙ АЛЕКСЕЕВИЧ;79372290224; USER832.НИКО@MAIL.RU ;10.11.1995;Самара г.
crm-1200;Александрова Ольга Алексеевна;+79438024705;user852.ольг@mail.ru;1978-09-27;Казань
crm-1260;Попов Даниил Юрьевич;+79590183390;user896.дани@mail.ru;1976-10-10;Ростов-на-Дону
crm-2152;Борисова Анна Андреевна;+79780968390;user1539.анна@mail.ru;1959-09-15;Новосибирск
crm-2231;Захаров Игорь Сергеевич;+79208505067;user1599.игор@mail.ru;1984-05-09;Ростов-на-Дону
crm-2257;Попов Юрий Петрович;+79625776367;user1616.юрий@mail.ru;1999-10-22;Ростов-на-Дону
crm-2622;орлов никита николаевич;965 718 97 49; USER1862.НИКИ@MAIL.RU ;12/05/1994;г. Красноярск
crm-325;Воробьёв Юрий Олегович;+79232688961;user227.юрий@mail.ru;1995-03-16;Красноярск
crm-1642;Николаева Ольга Борисовна;+79427458160;user1173.ольг@mail.ru;1988-04-12;Новосибирск
crm-1738;Петров-Водкин Ирина Олеговна;+79634682724;user1251.ирин@mail.ru;1972-02-15;Новосибирск
crm-3001;Фролов Игорь Михайлович;+79002177784;user2120.игор@mail.ru;1965-09-03;Самара
crm-3902;Иванова Анна Николаевна;+79858753298;user2772.анна@mail.ru;1982-12-07;Екатеринбург
crm-4255;???;12345;;99.99.9999;
crm-2858;ЗАЙЦЕВА СВЕТЛАНА МИХАЙЛОВНА;977 836 62 44; USER2026.СВЕТ@MAIL.RU ;19.09.1975;г. Москва
crm-372;андреев борис андреевич;;USER258.БОРИ@MAIL.RU;20/11/1970;г. Ростов-на-Дону
crm-450;Кузнецов Максим Николаевич;+79514994343;user317.макс@mail.ru;1960-02-11;Омск
crm-3236;Иванова Вера Алексеевна;+79897499138;user2299.вера@mail.ru;1985-05-28;Омск
crm-899;Никитин Василий;;USER635.ВАСИ@MAIL.RU;05/07/1989;Воронеж г.
crm-1700;Смирнов Максим Алексеевич;+79328771191;user1218.макс@mail.ru;1982-02-26;Воронеж
crm-1411;Волкова Виктория Николаевна;+79945249634;user1009.викт@mail.ru;1967-03-27;Казань
crm-3954;Зайцева Полина Дмитриевна;+79704566871;user2811.поли@mail.ru;1968-07-19;Екатеринбург
crm-672;Николаев Дмитрий Павлович;+79474087296;user482.дмит@mail.ru;1962-04-25;Москва
crm-976;Андреев Лев Евгеньевич;+79871451797;user686.лев@mail.ru;1981-10-20;Пермь
crm-1878;Яковлев Сергей;8 (903) 467-01-25;;27/07/1966;САМАРА
crm-1544;Андреев Алексей Юрьевич;+79718660830;user1103.алек@mail.ru;1977-03-23;Воронеж
crm-2805;Соловьёв Андрей Васильевич;+79991033991;user1991.андр@mail.ru;1996-07-16;Новосибирск
crm-3847;Петрова Виктория Олеговна;+79290013412;user2728.викт@mail.ru;1996-04-19;Ростов-на-Дону
crm-3023;Александров Григорий;;USER2132.ГРИГ@MAIL.RU;17.1.1994;г. Екатеринбург
crm-1946;Романов Александр Викторович;+79714887078;user1385.алек@mail.ru;1992-04-13;Казань
crm-3064;Фёдоров Фёдор Александрович;+79186892376;user2166.фeдо@mail.ru;1991-05-05;Казань
crm-2522;Никитин Сергей;8-932-9329849881;USER1799.СЕРГ@MAIL.RU;07.10.1970;ЕКАТЕРИНБУРГ
crm-1976;Соколов Андрей Иванович;+79641327157;user1405.андр@mail.ru;1993-08-06;Ростов-на-Дону
crm-3969;Орлова Ксения Викторовна;+79254191297;user2822.ксен@mail.ru;1972-01-09;Москва
crm-2555;Зайцева Светлана Викторовна;+79853870056;user1822.свет@mail.ru;1983-06-24;Краснодар
crm-2581;Римский-Корсаков Галина Николаевна;+79512082427;user1836.гали@mail.ru;1989-11-07;Нижний Новгород
crm-3363;Павлов Вадим Дмитриевич;+79319736551;user2384.вади@mail.ru;1976-05-17;Казань
crm-916;НИКИТИНА ВЕРА ИГОРЕВНА;;USER648.ВЕРА@MAIL.RU;03.08.1993;РОСТОВ-НА-ДОНУ
crm-3335;АНДРЕЕВА НАТАЛЬЯ ЮРЬЕВНА;79194982969; USER2367.НАТА@MAIL.RU ;20.9.1994;г. Воронеж
crm-2370;Римский-Корсаков Денис Александрович;+79367411601;user1694.дени@mail.ru;1993-04-08;Новосибирск
crm-923;Зайцева Юлия Игоревна;+79406924692;user654.юлия@mail.ru;1959-07-24;Санкт-Петербург
crm-2406;Смирнов Павел Олегович;+79147055801;user1716.паве@mail.ru;1997-06-16;Екатеринбург
crm-3923;Морозов Вадим Олегович;+79208570294;user2785.вади@mail.ru;1974-12-07;Уфа
crm-1367;Андреева Наталья Борисовна;+79992627731;user970.ната@mail.ru;1964-10-15;Красноярск
crm-1265;Волков  Валентин  Юрьевич;+79897582164;USER900.ВАЛЕ@MAIL.RU;1959-10-07;г. Нижний Новгород
crm-1460;Сергеева Виктория Юрьевна;+79634783085;user1038.викт@mail.ru;1974-09-28;Уфа
crm-2390;БОРИСОВ ИГОРЬ ПЕТРОВИЧ;; USER1707.ИГОР@MAIL.RU ;23.10.1979;САМАРА
crm-4131;Полина Козлова;8 (935) 591-95-12;USER2931.ПОЛИ@MAIL.RU;1956-04-20;НОВОСИБИРСК
crm-563;Захаров Вадим;8-983-9835670098;USER396.ВАДИ@MAIL.RU;02.04.1981;Казань г.
crm-417;Егоров Павел Алексеевич;+79246171009;user293.паве@mail.ru;1970-12-17;Пермь
crm-2467;Захарова Светлана Александровна;+79624108887;user1761.свет@mail.ru;1999-10-03;Нижний Новгород
crm-3149;Александрова Юлия Николаевна;+79378887129;user2233.юлия@mail.ru;1960-06-05;Новосибирск
crm-29;Воробьёв Владимир Борисович;+79981083451;user19.влад@mail.ru;1994-06-25;Омск
crm-4060;Воробьёва Юлия Борисовна;+79942570723;user2884.юлия@mail.ru;1964-02-09;Уфа
crm-3628;Соловьёва Наталья Николаевна;+79413362758;user2575.ната@mail.ru;1989-07-10;Омск
crm-2902;ЗАХАРОВ ПАВЕЛ ОЛЕГОВИЧ;8 (941) 732-31-71;USER2055.ПАВЕ@MAIL.RU;1967-11-08;Ростов-на-Дону г.
crm-289;Романов Олег Андреевич;+79713726374;user200.олег@mail.ru;1983-05-16;Казань
crm-3630;соловьёва наталья николаевна;;USER2575.НАТА@MAIL.RU;10/07/1989;Омск г.
crm-556;кузнецова ирина игоревна;; USER392.ИРИН@MAIL.RU ;1971-02-12;НИЖНИЙ НОВГОРОД
crm-2130;Козлов Тимофей Викторович;+79281382488;user1520.тимо@mail.ru;1958-12-09;Омск
crm-3862;Алексеева Наталья Игоревна;+79875404012;user2740.ната@mail.ru;1998-01-26;Волгоград
crm-783;БОРИСОВ ЕГОР АЛЕКСАНДРОВИЧ;927 488 44 24; USER554.ЕГОР@MAIL.RU ;1975-07-17;г. Москва
crm-4071;Петрова Ксения Сергеевна;+79936272232;user2895.ксен@mail.ru;1992-09-21;Нижний Новгород
crm-428;Романов Борис Иванович;+79366235324;user301.бори@mail.ru;1964-08-02;Новосибирск
crm-3406;Фёдоров Иван Михайлович;+79967436664;user2417.иван@mail.ru;1971-08-15;Красноярск
crm-4231;???;12345;;99.99.9999;
crm-3037;Попова Дарья Александровна;+79183337500;user2144.дарь@mail.ru;1959-07-19;Новосибирск
crm-1681;Соколова Вера Владимировна;+79657695167;user1205.вера@mail.ru;1968-12-25;Санкт-Петербург
crm-3987;Елена Григорьева;;USER2833.ЕЛЕН@MAIL.RU;12/01/1969;Уфа г.
crm-1398;Петров-Водкин Тимофей Игоревич;+79045294363;user998.тимо@mail.ru;1983-01-17;Уфа
crm-2598;Волков Алексей Игоревич;+79458600231;user1850.алек@mail.ru;1983-09-15;Воронеж
crm-968;СОКОЛОВ ВАЛЕНТИН ИГОРЕВИЧ;; USER681.ВАЛЕ@MAIL.RU ;22.9.1993;г. Волгоград
crm-3925;Морозов Вадим;8-920-9208570294;;1974-12-07;Уфа г.
crm-4170;Николаев Артём Андреевич;+79417216829;user2958.артe@mail.ru;1956-03-09;Волгоград
crm-3500;Смирнов Владимир Алексеевич;+79914702027;user2488.влад@mail.ru;1983-10-06;Омск
crm-1177;Римский-Корсаков Михаил Иванович;+79167148646;user834.миха@mail.ru;1994-05-05;Уфа
crm-2898;Кузнецова Людмила Андреевна;+79151176939;user2053.людм@mail.ru;1972-12-24;Омск
crm-1621;Козлов Денис Владимирович;+79549121789;user1158.дени@mail.ru;1999-03-18;Нижний Новгород
crm-3899;ЗАЙЦЕВ СЕРГЕЙ АЛЕКСЕЕВИЧ;8 (939) 808-23-57; USER2769.СЕРГ@MAIL.RU ;03.03.1963;Казань г.
crm-291;Григорьев Сергей Сергеевич;+79643395635;user202.серг@mail.ru;1986-04-11;Нижний Новгород
crm-3562;Александров Никита Павлович;+79832554143;user2530.ники@mail.ru;1997-08-19;Ростов-на-Дону
crm-3588;андреев максим игоревич;940 534 16 86;USER2546.МАКС@MAIL.RU;09/09/1975;г. Санкт-Петербург
crm-3711;Иванов Илья Борисович;+79408524456;user2632.илья@mail.ru;1976-08-04;Самара
crm-3392;Александров Денис Юрьевич;+79706783701;user2407.дени@mail.ru;1959-01-22;Нижний Новгород
crm-2215;Егоров Александр Павлович;+79116287206;user1587.алек@mail.ru;1969-11-06;Омск
crm-3717;Иванов Егор Павлович;+79983911962;user2638.егор@mail.ru;1985-01-09;Уфа
crm-3930;Григорьев Евгений Александрович;+79499531532;user2787.евге@mail.ru;1958-06-09;Казань
crm-2641;Александров Даниил Александрович;+79304943121;user1874.дани@mail.ru;1977-05-03;Новосибирск
crm-178;Сергеев Виктор Игоревич;+79815744872;user120.викт@mail.ru;1990-11-02;Уфа
crm-3682;Андреева Екатерина Борисовна;+79310070604;user2610.екат@mail.ru;1968-08-23;Волгоград
crm-587;Соколов Вадим Александрович;+79979298847;user415.вади@mail.ru;1956-10-27;Омск
crm-3047;Соколов Кирилл Викторович;+79648383856;user2151.кири@mail.ru;1975-02-26;Самара
crm-3395;Петров-Водкин София Петровна;+79017501291;user2410.софи@mail.ru;1974-09-27;Ростов-на-Дону
crm-3641;НИКИТИНА ОЛЬГА ВЛАДИМИРОВНА;; USER2583.ОЛЬГ@MAIL.RU ;23.9.1963;г. Ростов-на-Дону
crm-3919;Романова  Мария  Николаевна;; USER2783.МАРИ@MAIL.RU ;18.08.1957;г. Краснодар
crm-488;Макаров Николай Андреевич;+79259211046;user346.нико@mail.ru;1982-08-02;Новосибирск
crm-4154;соколов никита сергеевич;8-996-9964838224;USER2946.НИКИ@MAIL.RU;03.08.1975;г. Ростов-на-Дону
crm-1989;Волкова Татьяна Викторовна;+79329346329;user1416.тать@mail.ru;1981-08-15;Казань
crm-1100;Волкова Ирина Михайловна;+79535250349;user775.ирин@mail.ru;1972-01-09;Ростов-на-Дону
crm-1562;Зайцев Тимофей Васильевич;+79663188950;user1118.тимо@mail.ru;1984-05-10;Новосибирск
crm-457;Григорьева Галина Викторовна;+79252573809;user324.гали@mail.ru;1979-08-07;Москва
crm-3165;Романова Валентина Петровна;+79045750379;user2247.вале@mail.ru;1966-08-22;Самара
crm-3744;Макарова Мария Игоревна;+79735452216;user2657.мари@mail.ru;1965-12-08;Екатеринбург
crm-2703;Соловьёв Иван Ёвгёньёвич;+79183312246;;1997-12-01;г. Нижний Новгород
crm-2563;Андреев Андрей;; USER1827.АНДР@MAIL.RU ;04.09.1981;Ростов-на-Дону г.
crm-892;Егоров Олег Дмитриевич;+79014694004;user632.олег@mail.ru;1968-06-23;Волгоград
crm-575;Павлов Даниил Петрович;+79355891536;user406.дани@mail.ru;1976-07-26;Москва
crm-3007;Степанова Валентина Владимировна;+79560347149;user2123.вале@mail.ru;1998-08-07;Казань
crm-1211;Романов Максим Павлович;+79633802990;user862.макс@mail.ru;1990-11-22;Новосибирск
crm-775;Евгений Воробьёв;8 (928) 581-63-19;USER548.ЕВГЕ@MAIL.RU;1990-04-16;Самара г.
crm-1786;Борис Петров-Водкин;8-900-9006916384;USER1281.БОРИ@MAIL.RU;3.2.1968;Воронеж г.
crm-3370;Сёргёёва Анна Сёргёёвна;8-962-9626169506;USER2387.АННА@MAIL.RU;27/09/1986;Уфа г.
crm-1451;Петров-Водкин Ксения Павловна;+79296310914;user1033.ксен@mail.ru;1971-08-18;Нижний Новгород
crm-3652;Семёнов Александр Сергеевич;+79865049917;user2592.алек@mail.ru;1979-07-16;Новосибирск
crm-232;Петрова Дарья Петровна;+79985822909;user160.дарь@mail.ru;1995-12-12;Новосибирск
crm-736;Смирнов Михаил Андреевич;+79022073853;user524.миха@mail.ru;1990-09-21;Казань
crm-4234;???;;not-an-email;99.99.9999;
crm-2821;Степанов Тимофей;79073479263;USER2000.ТИМО@MAIL.RU;07.10.1959;Екатеринбург г.
crm-1508;Николаев Станислав Петрович;+79474738603;user1075.стан@mail.ru;1981-11-19;Красноярск
crm-2782;Соловьёва Галина Владимировна;+79989573277;user1972.гали@mail.ru;1958-06-15;Волгоград
crm-2452;Николаев Василий;8-997-9975398487;USER1749.ВАСИ@MAIL.RU;23.7.1979;г. Пермь
crm-15;Семёнова Людмила Игоревна;+79998932773;user13.людм@mail.ru;1956-09-07;Москва
crm-387;Фролов Иван Александрович;+79336019055;user271.иван@mail.ru;1982-03-08;Ростов-на-Дону
crm-3381;Сергеев Максим Васильевич;+79501176743;user2396.макс@mail.ru;1997-07-02;Красноярск
crm-1448;Семёнова Ирина Владимировна;+79496231681;user1031.ирин@mail.ru;1961-01-17;Воронеж
crm-3333;Соколов  Егор  Игоревич;960 647 55 15;USER2366.ЕГОР@MAIL.RU;18/02/1980;НИЖНИЙ НОВГОРОД
crm-1087;Лебедев Станислав Михайлович;+79747962648;user763.стан@mail.ru;1981-07-14;Уфа
crm-2646;Яковлев Дмитрий Викторович;+79093740073;user1877.дмит@mail.ru;1981-10-11;Красноярск
crm-2926;Зайцев Станислав Евгеньевич;+79256013928;user2071.стан@mail.ru;1964-10-22;Омск
crm-2627;Борисова Екатерина;; USER1865.ЕКАТ@MAIL.RU ;23.9.1994;Красноярск г.
crm-2384;Орлов Валентин Дмитриевич;+79828651146;user1703.вале@mail.ru;1962-04-24;Воронеж
crm-118;Соколов Лев Алексеевич;+79793526060;user82.лев@mail.ru;1956-10-13;Краснодар
crm-1198;Борисов Тимофей Алексеевич;+79263594438;user850.тимо@mail.ru;1972-12-06;Нижний Новгород
crm-2651;Борисов Фёдор Павлович;+79011338091;user1882.фeдо@mail.ru;1982-04-07;Нижний Новгород
crm-4015;Воробьёва Елена Павловна;+79268264453;user2851.елен@mail.ru;1957-10-11;Санкт-Петербург
crm-2802;Орлов Михаил Петрович;+79874218652;user1988.миха@mail.ru;1973-06-27;Краснодар
crm-2260;Петров Тимофей Иванович;+79054657491;user1619.тимо@mail.ru;1995-01-14;Воронеж
crm-1534;Смирнова София Николаевна;+79539194254;user1094.софи@mail.ru;1986-10-26;Москва
crm-3021;Александров Григорий Александрович;+79982805768;user2132.григ@mail.ru;1994-01-17;Екатеринбург
crm-521;петрова людмила александровна;8 (985) 171-29-63;USER367.ЛЮДМ@MAIL.RU;1955-10-03;КАЗАНЬ
crm-3105;Семёнов Кирилл Сергеевич;+79015391494;user2199.кири@mail.ru;1969-10-19;Ростов-на-Дону
crm-19;Борисова Вера;8-986-9862380295; USER15.ВЕРА@MAIL.RU ;09.05.1967;Пермь г.
crm-2220;Римский-Корсаков Валентина Александровна;+79099913825;user1592.вале@mail.ru;1956-11-14;Волгоград
crm-4089;Петров-Водкин Николай Викторович;+79140783618;user2905.нико@mail.ru;1974-12-07;Екатеринбург
crm-1546;Иванов Пётр Олегович;+79515935280;user1105.пeтр@mail.ru;1983-04-07;Санкт-Петербург
crm-1645;Егорова Вера Олеговна;+79248557672;user1175.вера@mail.ru;1989-01-27;Ростов-на-Дону
crm-3014;Дмитрий Римский-Корсаков;79680406159;;12.5.1990;г. Санкт-Петербург
crm-3258;Римский-Корсаков Людмила Васильевна;+79352037858;user2312.людм@mail.ru;1957-01-12;Воронеж
crm-835;Морозов Михаил Павлович;+79342515131;user594.миха@mail.ru;1956-10-18;Омск
crm-3483;Смирнов Евгений Павлович;+79868753216;user2476.евге@mail.ru;1978-09-16;Самара
crm-250;Соловьёв Михаил Викторович;+79879736985;user174.миха@mail.ru;1960-10-09;Казань
crm-2309;Александров Григорий Владимирович;+79351322848;user1651.григ@mail.ru;1973-02-17;Ростов-на-Дону
crm-3098;Сергеев Юрий Борисович;+79086406472;user2192.юрий@mail.ru;1962-12-16;Санкт-Петербург
crm-3058;Степанов Артём Юрьевич;+79559259457;user2160.артe@mail.ru;1971-04-09;Уфа
crm-177;григорьев григорий сергеевич;; USER119.ГРИГ@MAIL.RU ;1973-08-26;Ростов-на-Дону г.
crm-3401;Соколова Светлана Владимировна;+79796618874;user2415.свет@mail.ru;1990-06-08;Краснодар
crm-2079;Соловьёв Олег Иванович;+79932716340;user1487.олег@mail.ru;1982-11-24;Краснодар
crm-2407;Фёдорова Анна Евгеньевна;+79885953925;user1717.анна@mail.ru;1963-01-28;Санкт-Петербург
crm-16;Кузнецов Даниил Олегович;+79401074476;user14.дани@mail.ru;1993-02-15;Екатеринбург
crm-2899;Степанов Владимир Михайлович;+79976255442;user2054.влад@mail.ru;1964-02-16;Омск
crm-2954;Александров Николай;976 050 62 47; USER2088.НИКО@MAIL.RU ;1981-05-12;Ростов-на-Дону г.
crm-2949;Николаев Артём Александрович;+79298792978;user2084.артe@mail.ru;1995-08-05;Краснодар
crm-1276;Иванов Василий Сергеевич;+79381586952;user907.васи@mail.ru;1960-02-27;Ростов-на-Дону
crm-3318;Николаев Ярослав Васильевич;+79827316143;user2357.ярос@mail.ru;1971-05-16;Нижний Новгород
crm-2542;Смирнова Галина;8-916-9163382345;USER1813.ГАЛИ@MAIL.RU;8.5.1999;УФА
crm-1047;Романов Евгений Игоревич;+79456911746;user736.евге@mail.ru;1982-10-20;Самара
crm-2295;захарова ирина алексеевна;;USER1642.ИРИН@MAIL.RU;1959-04-19;г. Красноярск
crm-3714;Римский-Корсаков Антон Викторович;+79318640655;user2635.анто@mail.ru;1984-02-03;Пермь
crm-2009;Петров-Водкин Евгений Владимирович;+79475511329;user1431.евге@mail.ru;1993-08-06;Краснодар
crm-2941;Васильева Елена Сергеевна;+79119389047;user2080.елен@mail.ru;1974-11-27;Нижний Новгород
crm-519;Петрова Людмила Александровна;+79851712963;user367.людм@mail.ru;1955-10-03;Казань
crm-3738;Яковлева Татьяна Петровна;+79015791887;user2653.тать@mail.ru;1997-04-02;Нижний Новгород
crm-2200;Морозова Галина Владимировна;+79491625621;user1577.гали@mail.ru;1986-09-01;Екатеринбург
crm-2971;Зайцев Роман Иванович;+79761003094;user2100.рома@mail.ru;1962-04-26;Ростов-на-Дону
crm-3479;ЗАЙЦЕВ ДЕНИС ПАВЛОВИЧ;;USER2473.ДЕНИ@MAIL.RU;25.05.1974;Казань г.
crm-936;Григорий Петров-Водкин;; USER663.ГРИГ@MAIL.RU ;1987-12-01;г. Екатеринбург
crm-1438;Егорова Дарья Алексеевна;+79533105359;user1027.дарь@mail.ru;1965-02-17;Воронеж
crm-2736;Никитина Елена Сергеевна;+79588783004;user1941.елен@mail.ru;1968-02-24;Самара
crm-3482;Романова Полина Васильевна;+79416597617;user2475.поли@mail.ru;1967-05-05;Москва
crm-2585;Смирнова Наталья Викторовна;+79382776861;user1839.ната@mail.ru;1976-05-19;Пермь
crm-2521;НИКИТИН СЕРГЕЙ АНДРЕЕВИЧ;+79329849881; USER1799.СЕРГ@MAIL.RU ;1970-10-07;г. Екатеринбург
crm-2894;Соловьёв Фёдор Олегович;+79064736612;user2049.фeдо@mail.ru;1957-10-20;Пермь
crm-2403;Борисов Сергей Викторович;+79154887222;user1713.серг@mail.ru;1976-12-18;Москва
crm-1823;Фёдорова Ёлёна Михайловна;8-950-9500544961;USER1307.ЕЛЕН@MAIL.RU;08.11.1973;Воронеж г.
crm-3725;Ирина Попова;79420347312; USER2643.ИРИН@MAIL.RU ;1995-02-08;Красноярск г.
crm-992;Воробьёва Вера Александровна;+79207851239;user698.вера@mail.ru;1957-10-24;Пермь
crm-265;Соловьёв Глеб Борисович;+79511410797;user185.глеб@mail.ru;1961-12-21;Москва
crm-4168;СЕРГЕЕВА ОЛЬГА ПАВЛОВНА;; USER2956.ОЛЬГ@MAIL.RU ;08.12.1963;г. Омск
crm-3696;Григорьев Алексей Игоревич;+79248551206;user2623.алек@mail.ru;1974-03-20;Екатеринбург
crm-183;Степанов Константин Сергеевич;+79184687657;user124.конс@mail.ru;1966-08-17;Красноярск
crm-1205;Козлов Иван Игоревич;+79016128518;user856.иван@mail.ru;1958-05-19;Санкт-Петербург
crm-921;Соколов Сергей Васильевич;+79861033399;user652.серг@mail.ru;1992-03-18;Ростов-на-Дону
crm-174;Григорьев Григорий Сергеевич;+79173532184;user119.григ@mail.ru;1973-08-26;Ростов-на-Дону
crm-312;Смирнов Антон Павлович;+79353393714;user220.анто@mail.ru;1981-04-08;Екатеринбург
crm-44;Соколова Наталья Борисовна;+79482354151;user26.ната@mail.ru;1967-12-06;Нижний Новгород
crm-3881;Сергеев Лев Иванович;+79025399407;user2755.лев@mail.ru;1998-01-27;Красноярск
crm-1488;Семёнов Глеб Викторович;+79532655616;user1060.глеб@mail.ru;1996-03-23;Уфа
crm-3424;Павлова Анна Ивановна;+79072369037;user2430.анна@mail.ru;1975-06-11;Екатеринбург
crm-1143;Морозов Михаил Дмитриевич;+79915956359;user810.миха@mail.ru;1987-10-18;Краснодар
crm-3658;никитин олег викторович;942 631 25 50;;27/04/1963;г. Ростов-на-Дону
crm-3608;Борисов Роман Александрович;+79098833263;user2559.рома@mail.ru;1980-10-06;Санкт-Петербург
crm-1501;Семёнов Егор Алексеевич;+79902754075;user1069.егор@mail.ru;1957-02-06;Красноярск
crm-3757;Орлов Алексей Павлович;+79367587768;user2668.алек@mail.ru;1985-04-25;Нижний Новгород
crm-283;Макарова Татьяна Олеговна;+79478964127;user194.тать@mail.ru;1959-02-12;Санкт-Петербург
crm-3344;МАКАРОВ СТАНИСЛАВ ДМИТРИЕВИЧ;979 402 97 93; USER2370.СТАН@MAIL.RU ;4.9.1991;Самара г.
crm-2877;Соколова  Галина  Сергеевна;8-989-9895589237; USER2039.ГАЛИ@MAIL.RU ;26.2.1982;Ростов-на-Дону г.
crm-2222;Егоров Григорий Михайлович;+79703159259;user1594.григ@mail.ru;1962-03-11;Уфа
crm-682;Юлия Воробьёва;;USER487.ЮЛИЯ@MAIL.RU;17.10.1958;г. Уфа
crm-245;Сергеева  Мария  Дмитриевна;;USER169.МАРИ@MAIL.RU;17/12/1997;г. Волгоград
crm-1789;СОКОЛОВ ДМИТРИЙ ВИКТОРОВИЧ;79104724229;USER1282.ДМИТ@MAIL.RU;1.2.1996;г. Казань
crm-186;Борисов Никита Сергеевич;+79104530835;user126.ники@mail.ru;1996-02-24;Санкт-Петербург
crm-737;Лебедева Елена Олеговна;+79545341920;user525.елен@mail.ru;1956-03-13;Казань
crm-2178;Фёдорова София Олеговна;+79651955259;user1559.софи@mail.ru;1999-07-16;Пермь
crm-4044;Павлов Денис Игоревич;+79509474489;user2871.дени@mail.ru;1958-02-16;Санкт-Петербург
crm-37;Глеб Макаров;8 (974) 569-42-33;;1.6.1955;Омск г.
crm-781;Борисов Егор Александрович;+79274884424;user554.егор@mail.ru;1975-07-17;Москва
crm-986;Волков Алексей Игоревич;+79084834322;user692.алек@mail.ru;1958-02-03;Екатеринбург
crm-873;Орлов  Лев  Петрович;8 (966) 412-82-26;;14.1.1985;г. Новосибирск
crm-1300;Никитин Алексей Игоревич;+79155853846;user923.алек@mail.ru;1992-12-21;Волгоград
crm-4240;???;;not-an-email;99.99.9999;
crm-837;Павлова Валентина Николаевна;+79683134527;user596.вале@mail.ru;1982-07-26;Омск
crm-3206;Фролов Владимир Олегович;+79914817043;user2280.влад@mail.ru;1976-03-04;Самара
crm-4246;???;;;31.02.1990;
crm-2179;Зайцев Олег Сергеевич;+79486918624;user1560.олег@mail.ru;1965-10-18;Нижний Новгород
crm-973;Даниил Яковлев;;USER684.ДАНИ@MAIL.RU;23.6.1962;г. Уфа
crm-1447;София Зайцева;925 168 80 53; USER1030.СОФИ@MAIL.RU ;1998-02-14;г. Волгоград
crm-441;Воробьёв Иван Михайлович;;USER309.ИВАН@MAIL.RU;03/02/1963;ВОЛГОГРАД
crm-4210;Фролова Ирина Борисовна;+79421701149;user2987.ирин@mail.ru;1956-11-09;Волгоград
crm-225;Егорова Анна Викторовна;+79591856888;user157.анна@mail.ru;1969-06-10;Ростов-на-Дону
crm-1517;Соколов Ярослав Олегович;+79952134135;user1083.ярос@mail.ru;1993-08-11;Казань
crm-162;Семёнов Илья Алексеевич;+79842078876;user112.илья@mail.ru;1996-11-03;Краснодар
crm-2766;Павлов Даниил Павлович;+79609396627;user1960.дани@mail.ru;1960-11-27;Самара
crm-2339;Пётров Фёдор Ёвгёньёвич;8 (909) 042-56-27;USER1676.ФEДО@MAIL.RU;1984-10-15;КРАСНОЯРСК
crm-1028;Яковлев Николай Михайлович;+79037411190;user724.нико@mail.ru;1961-07-12;Нижний Новгород
crm-3821;воробьёва полина викторовна;8 (917) 026-75-65; USER2711.ПОЛИ@MAIL.RU ;4.4.1966;г. Новосибирск
crm-3730;Григорьёва Анна Юрьёвна;939 178 12 84;;15/07/1979;г. Красноярск
crm-3212;Соколова Елена Александровна;+79697968539;user2286.елен@mail.ru;1966-11-26;Самара
crm-3677;Соколов Иван Сергеевич;+79763792209;user2605.иван@mail.ru;1973-04-06;Новосибирск
crm-2308;Зайцев Виктор Юрьевич;+79260449769;user1650.викт@mail.ru;1961-10-25;Самара
crm-1314;Морозова Светлана;8-917-9170732854;USER932.СВЕТ@MAIL.RU;1956-02-18;КРАСНОДАР
crm-3134;Козлова Екатерина Викторовна;+79895273212;user2220.екат@mail.ru;1973-04-05;Омск
crm-2777;Романов Евгений Олегович;+79489144756;user1968.евге@mail.ru;1955-02-28;Казань
crm-3461;петрова мария петровна;; USER2461.МАРИ@MAIL.RU ;25/11/1997;г. Екатеринбург
crm-3955;Александров Владимир Викторович;+79436773351;user2812.влад@mail.ru;1978-05-21;Самара
crm-4122;ГРИГОРЬЕВА ПОЛИНА АЛЕКСАНДРОВНА;8 (953) 750-15-48;;26/04/1997;САНКТ-ПЕТЕРБУРГ
crm-3866;РОМАНОВ ВАЛЕНТИН ВАСИЛЬЕВИЧ;;USER2742.ВАЛЕ@MAIL.RU;1955-11-26;НОВОСИБИРСК
crm-171;Соколова Татьяна Васильевна;+79409838542;user116.тать@mail.ru;1968-11-18;Москва
crm-2885;Александров Василий Васильевич;+79266377939;user2044.васи@mail.ru;1985-09-24;Пермь
crm-3867;РОМАНОВ ВАЛЕНТИН ВАСИЛЬЕВИЧ;79020258364;USER2742.ВАЛЕ@MAIL.RU;26.11.1955;г. Новосибирск
crm-1671;Смирнов Кирилл Олегович;+79622156501;user1195.кири@mail.ru;1962-03-10;Санкт-Петербург
crm-3817;Воробьёва Виктория Владимировна;+79525698536;user2710.викт@mail.ru;1995-02-18;Нижний Новгород
crm-63;Морозов Олег Михайлович;+79335664274;user42.олег@mail.ru;1997-08-13;Краснодар
crm-2322;Захарова Юлия Олеговна;+79120791945;user1664.юлия@mail.ru;1961-08-27;Новосибирск
crm-1881;Смирнов Максим Дмитриевич;+79139843020;user1341.макс@mail.ru;1983-12-20;Санкт-Петербург
crm-3939;Захарова Екатерина Петровна;+79162839953;user2796.екат@mail.ru;1962-04-06;Санкт-Петербург
crm-173;Новиков Евгений Сергеевич;+79875980798;user118.евге@mail.ru;1958-04-09;Екатеринбург
crm-3720;Васильев Игорь Павлович;+79091624103;user2641.игор@mail.ru;1962-10-25;Воронеж
crm-1666;Алексеев Евгений Борисович;+79498612106;user1191.евге@mail.ru;1990-11-08;Краснодар
crm-2676;ЗАХАРОВ ДЕНИС АНДРЕЕВИЧ;8-989-9899196255;;03/02/1973;ПЕРМЬ
crm-1941;ПЕТРОВ-ВОДКИН АНТОН НИКОЛАЕВИЧ;8 (963) 352-13-38;USER1381.АНТО@MAIL.RU;07/01/1994;Нижний Новгород г.
crm-446;ГРИГОРЬЕВ ВАДИМ ДМИТРИЕВИЧ;959 899 99 12;;1990-01-07;Омск г.
crm-1711;ПЕТРОВ ВАСИЛИЙ АНДРЕЕВИЧ;; USER1227.ВАСИ@MAIL.RU ;23/08/1965;ВОРОНЕЖ
crm-1899;Григорьев Артём Евгеньевич;+79311524508;user1358.артe@mail.ru;1986-03-28;Самара
crm-381;Зайцев Константин Алексеевич;+79613947079;user265.конс@mail.ru;1968-05-19;Краснодар
crm-3989;Захарова Дарья Васильевна;+79673925254;user2835.дарь@mail.ru;1961-02-01;Красноярск
crm-317;Михаил Зайцев;8-967-9670719010;;3.6.1955;г. Казань
crm-124;Егор Павлов;79131569730; USER86.ЕГОР@MAIL.RU ;1986-01-07;НИЖНИЙ НОВГОРОД
crm-210;Петрова Полина Павловна;+79900096806;user145.поли@mail.ru;1985-12-24;Новосибирск
crm-1880;Кузнёцова София Борисовна;8-909-9099348424;USER1340.СОФИ@MAIL.RU;07/11/1964;Санкт-Петербург г.
crm-3812;МОРОЗОВ ИВАН ИВАНОВИЧ;79717480142;;1970-03-10;НОВОСИБИРСК
crm-3943;Михайлов Антон Александрович;+79303965956;user2800.анто@mail.ru;1988-03-04;Ростов-на-Дону
crm-2770;Воробьёва Мария Игоревна;+79015958540;user1964.мари@mail.ru;1962-03-09;Санкт-Петербург
crm-733;Григорьева Татьяна Дмитриевна;+79346742668;user522.тать@mail.ru;1998-06-23;Екатеринбург
crm-4260;;;;99.99.9999;
crm-1441;Алексеев Артём;8 (921) 482-13-17;USER1028.АРТE@MAIL.RU;10.07.1983;г. Уфа
crm-3526;Волкова Вера Павловна;+79796566938;user2506.вера@mail.ru;1970-12-04;Пермь
crm-3537;Козлов Егор Петрович;+79088377376;user2514.егор@mail.ru;1977-06-07;Санкт-Петербург
crm-922;Лебедев Алексей Николаевич;+79035105010;user653.алек@mail.ru;1998-07-26;Самара
crm-2645;Захарова Татьяна Алексеевна;+79204340178;user1876.тать@mail.ru;1980-10-12;Волгоград
crm-4282;;;;99.99.9999;
crm-2739;Фролова Юлия Андреевна;+79632073094;user1944.юлия@mail.ru;1996-04-28;Пермь
crm-2164;Алексеев Пётр Алексеевич;+79271236084;user1550.пeтр@mail.ru;1988-08-14;Новосибирск
crm-3844;Степанова Ольга Сергеевна;+79402559257;user2727.ольг@mail.ru;1965-07-16;Воронеж
crm-3415;Кузнецов Борис Иванович;+79107678011;user2424.бори@mail.ru;1998-12-09;Омск
crm-3163;Константин Алексеев;+79231277767; USER2245.КОНС@MAIL.RU ;20.3.1956;Воронеж г.
crm-3873;Петров-Водкин Александр Владимирович;+79363726224;user2748.алек@mail.ru;1969-07-13;Москва
crm-598;козлов валентин павлович;+79026868345;USER423.ВАЛЕ@MAIL.RU;8.6.1980;г. Санкт-Петербург
crm-2134;Егоров Олег Владимирович;+79618605835;user1524.олег@mail.ru;1991-07-07;Краснодар
crm-3642;Римский-Корсаков София Владимировна;+79199868174;user2584.софи@mail.ru;1972-06-04;Уфа
crm-2077;Романова Вера Сергеевна;+79020791957;user1486.вера@mail.ru;1974-02-09;Москва
crm-1093;Морозов Фёдор Борисович;+79271812468;user769.фeдо@mail.ru;1959-08-03;Уфа
crm-462;Петров Владимир Александрович;+79962428960;user327.влад@mail.ru;1971-01-07;Москва
crm-2248;Кузнецов Тимофей Олегович;+79699676113;user1610.тимо@mail.ru;1992-09-07;Воронеж
crm-3665;Фёдорова Екатерина Сергеевна;+79690662950;user2597.екат@mail.ru;1998-02-09;Санкт-Петербург
crm-2879;Сергеева Татьяна Петровна;+79653608003;user2040.тать@mail.ru;1991-07-08;Нижний Новгород
crm-2625;Борисова Екатерина Ивановна;+79855516653;user1865.екат@mail.ru;1994-09-23;Красноярск
crm-3636;Попов Глеб Евгеньевич;+79548715953;user2581.глеб@mail.ru;1965-06-28;Волгоград
crm-1654;Петров-Водкин Юлия Алексеевна;+79522902991;user1180.юлия@mail.ru;1991-07-15;Ростов-на-Дону
crm-32;Макаров Борис Дмитриёвич;79272997397;;03.02.1970;Екатеринбург г.
crm-1924;Яковлев Михаил Алексеевич;+79565960657;user1372.миха@mail.ru;1985-01-20;Самара
crm-2623;Иванов Роман Алексеевич;+79600308736;user1863.рома@mail.ru;1998-09-24;Ростов-на-Дону
crm-3607;волков кирилл викторович;+79761324600;;16.11.1963;г. Воронеж
crm-599;Козлов Валёнтин Павлович;;USER423.ВАЛЕ@MAIL.RU;8.6.1980;г. Санкт-Петербург
crm-1375;Борисов Виктор Алексеевич;+79734902667;user978.викт@mail.ru;1966-03-23;Новосибирск
crm-1648;Римский-Корсаков Вадим Викторович;79006685488; USER1176.ВАДИ@MAIL.RU ;1974-06-05;Новосибирск г.
crm-1010;КОЗЛОВА СВЕТЛАНА ВЛАДИМИРОВНА;; USER711.СВЕТ@MAIL.RU ;1975-01-06;г. Санкт-Петербург
crm-3235;Римский-Корсаков Галина Алексеевна;+79857020480;user2298.гали@mail.ru;1983-08-07;Санкт-Петербург
crm-3182;Александров Павел Борисович;+79873683352;user2259.паве@mail.ru;1979-10-18;Нижний Новгород
crm-2677;Орлов Антон Дмитриевич;+79626591590;user1900.анто@mail.ru;1957-02-01;Самара
crm-3666;Борисов Валентин Владимирович;+79743822334;user2598.вале@mail.ru;1987-01-13;Нижний Новгород
crm-2616;КУЗНЕЦОВ ИГОРЬ НИКОЛАЕВИЧ;910 442 55 38; USER1860.ИГОР@MAIL.RU ;1995-05-03;НОВОСИБИРСК
crm-3452;Яковлев Сергей Сергеевич;+79099750344;user2456.серг@mail.ru;1985-07-24;Ростов-на-Дону
crm-197;Козлова Людмила Михайловна;+79734364665;user132.людм@mail.ru;1983-06-01;Краснодар
crm-2427;Орлов Антон Дмитриёвич;+79718138896; USER1730.АНТО@MAIL.RU ;1981-02-07;ЕКАТЕРИНБУРГ
crm-3749;Смирнов Борис Олегович;+79250823891;user2662.бори@mail.ru;1961-09-28;Уфа
crm-3282;Сергеев Фёдор Андреевич;+79749163977;user2332.фeдо@mail.ru;1955-10-22;Пермь
crm-620;Алексеев Владимир Петрович;+79011453147;user440.влад@mail.ru;1980-03-07;Краснодар
crm-2849;Орлов Денис Алексеевич;+79212445954;user2023.дени@mail.ru;1997-12-08;Санкт-Петербург
crm-710;Сергеев Артём Владимирович;+79313949792;user507.артe@mail.ru;1976-07-06;Пермь
crm-526;Андреева София Борисовна;+79737866262;user371.софи@mail.ru;1986-11-04;Москва
crm-495;Смирнова Людмила Сергеевна;+79165763768;user351.людм@mail.ru;1979-12-01;Волгоград
crm-2336;Орлов Денис Александрович;+79113828562;user1674.дени@mail.ru;1999-05-08;Пермь
crm-1876;СЕМЁНОВ МИХАИЛ ВЛАДИМИРОВИЧ;;USER1338.МИХА@MAIL.RU;1968-10-23;ВОЛГОГРАД
crm-4232;???;;;31.02.1990;
crm-2261;Фролов Юрий Васильевич;+79048191019;user1620.юрий@mail.ru;1966-02-19;Уфа
crm-677;Алексей Николаев;8-940-9407275334; USER485.АЛЕК@MAIL.RU ;19.4.1994;КРАСНОЯРСК
crm-2214;Петров Роман Владимирович;+79280017490;user1586.рома@mail.ru;1986-09-07;Нижний Новгород
crm-3442;Фёдоров Вадим Олегович;+79303045399;user2447.вади@mail.ru;1958-09-03;Москва
crm-884;сергеев сергей павлович;79945109830;;6.4.1995;г. Новосибирск
crm-2533;Соколов Алексей Павлович;+79278187707;user1808.алек@mail.ru;1998-08-04;Пермь
crm-300;Павлова Виктория Владимировна;+79709549518;user208.викт@mail.ru;1998-03-14;Москва
crm-64;Римский-Корсаков Павел Викторович;+79747271160;user43.паве@mail.ru;1993-08-07;Красноярск
crm-3564;Егоров Максим Михайлович;+79070261005;user2531.макс@mail.ru;1973-03-07;Москва
crm-119;Орлов Даниил Сергеевич;+79291165022;user83.дани@mail.ru;1992-05-08;Новосибирск
crm-1287;Семёнов  Максим  Дмитриевич;; USER912.МАКС@MAIL.RU ;27.3.1960;Краснодар г.
crm-4126;МОРОЗОВ ДЕНИС ВАСИЛЬЕВИЧ;8 (993) 669-97-60; USER2928.ДЕНИ@MAIL.RU ;10.06.1959;Казань г.
crm-3082;Иванов Фёдор Николаевич;+79165002663;user2179.фeдо@mail.ru;1968-03-05;Новосибирск
crm-675;Николаев Алексей Иванович;+79407275334;user485.алек@mail.ru;1994-04-19;Красноярск
crm-1678;Никитин Ярослав Олегович;+79643950971;user1202.ярос@mail.ru;1964-12-24;Москва
crm-2940;Зайцев Алексей Игоревич;+79767045504;user2079.алек@mail.ru;1967-02-09;Самара
crm-2364;Валентин Васильев;8-912-9121060515; USER1690.ВАЛЕ@MAIL.RU ;04/09/1967;РОСТОВ-НА-ДОНУ
crm-628;Сергеев Борис Николаевич;+79692662761;user448.бори@mail.ru;1976-07-22;Екатеринбург
crm-1079;Людмила Павлова;987 734 64 30; USER758.ЛЮДМ@MAIL.RU ;9.2.1982;САНКТ-ПЕТЕРБУРГ
crm-2789;Морозов Николай Андреевич;+79725000357;user1979.нико@mail.ru;1974-11-09;Уфа
crm-3188;Егоров Глеб Евгеньевич;+79772976236;user2265.глеб@mail.ru;1972-06-12;Самара
crm-1543;Сергеев Сергей Николаевич;+79385601694;user1102.серг@mail.ru;1966-12-23;Уфа
crm-122;Павлов Егор Владимирович;+79131569730;user86.егор@mail.ru;1986-01-07;Нижний Новгород
crm-4273;???;;;31.02.1990;
crm-86;Никитина София;8-908-9081367610;USER61.СОФИ@MAIL.RU;14.03.1960;г. Казань
crm-472;Семёнов Юрий;+79921472328; USER333.ЮРИЙ@MAIL.RU ;25.1.1979;Казань г.
crm-2507;Зайцева Ольга Александровна;+79249325365;user1788.ольг@mail.ru;1989-06-20;Краснодар
crm-3093;Воробьёв Тимофей Алексеевич;+79621673319;user2188.тимо@mail.ru;1970-09-01;Красноярск
crm-402;Морозова Юлия Алексеевна;+79989141161;user285.юлия@mail.ru;1960-04-14;Нижний Новгород
crm-3574;Фёдорова Виктория Андреевна;+79856522067;user2540.викт@mail.ru;1956-02-23;Пермь
crm-1587;Егорова Людмила Ивановна;+79235795607;user1135.людм@mail.ru;1986-01-20;Екатеринбург
crm-3554;семёнов дмитрий владимирович;990 893 18 45;USER2525.ДМИТ@MAIL.RU;28.5.1976;г. Ростов-на-Дону
crm-2813;Степанова Ирина Игоревна;+79714416532;user1996.ирин@mail.ru;1962-04-14;Ростов-на-Дону
crm-2480;Захарова Людмила Дмитриевна;+79626308593;user1770.людм@mail.ru;1955-01-22;Нижний Новгород
crm-1933;Михайлов Дмитрий Дмитриевич;+79126333800;user1378.дмит@mail.ru;1970-04-09;Санкт-Петербург
crm-642;Козлова Светлана Андреевна;+79058330245;user457.свет@mail.ru;1988-10-25;Пермь
crm-3389;Римский-Корсаков Людмила Александровна;+79546546129;user2404.людм@mail.ru;1956-05-26;Казань
crm-589;Козлов Валентин Сергеевич;+79467566341;user417.вале@mail.ru;1989-08-27;Самара
crm-1782;Павлов Андрёй Алёксандрович;; USER1280.АНДР@MAIL.RU ;10/10/1972;РОСТОВ-НА-ДОНУ
crm-832;Васильев Ярослав Андреевич;+79359985054;user591.ярос@mail.ru;1985-01-04;Краснодар
crm-429;Петров-Водкин Наталья Павловна;+79475874892;user302.ната@mail.ru;1967-07-03;Нижний Новгород
crm-1698;Волков Олег Сергеевич;+79891144227;user1216.олег@mail.ru;1974-10-08;Омск
crm-1516;Яковлёв Валёнтин Алёксандрович;8-966-9667142590;USER1082.ВАЛЕ@MAIL.RU;09/01/1981;Волгоград г.
crm-2660;Соловьёв Глеб Владимирович;+79738793017;user1889.глеб@mail.ru;1997-08-22;Санкт-Петербург
crm-22;РИМСКИЙ-КОРСАКОВ ЯРОСЛАВ АЛЕКСАНДРОВИЧ;;USER16.ЯРОС@MAIL.RU;1962-09-09;г. Новосибирск
crm-698;Козлов Владимир Васильевич;+79732783176;user497.влад@mail.ru;1986-08-28;Воронеж
crm-2181;Фролов Глеб Олегович;+79107801236;user1562.глеб@mail.ru;1989-12-23;Екатеринбург
crm-1092;Семёнова Полина Васильевна;+79170964383;user768.поли@mail.ru;1977-08-10;Красноярск
crm-117;Морозова Светлана Борисовна;+79227830236;user81.свет@mail.ru;1976-12-25;Новосибирск
crm-3373;Смирнов Николай Николаевич;+79972612391;user2389.нико@mail.ru;1990-04-09;Уфа
crm-830;Зайцева Анна Петровна;+79574329634;user589.анна@mail.ru;1967-03-20;Ростов-на-Дону
crm-2989;Васильева Валентина Дмитриевна;+79599671365;user2110.вале@mail.ru;1983-08-03;Казань
crm-1456;Стёпанов Алёксёй Ёвгёньёвич;8 (959) 337-91-95;USER1035.АЛЕК@MAIL.RU;21/06/1996;КРАСНОДАР
crm-2292;Борисов  Тимофей  Юрьевич;8-935-9351277960; USER1641.ТИМО@MAIL.RU ;12/02/1998;г. Екатеринбург
crm-2334;Андреев Владимир Васильевич;+79973776875;user1672.влад@mail.ru;1979-04-28;Волгоград
crm-903;Римский-Корсаков Антон Дмитриевич;+79379967051;user639.анто@mail.ru;1986-10-05;Казань
crm-720;Фролов Василий Андреевич;+79699656170;user514.васи@mail.ru;1982-06-20;Санкт-Петербург
crm-227;Егорова Анна;8-959-9591856888; USER157.АННА@MAIL.RU ;1969-06-10;г. Ростов-на-Дону
crm-3996;РИМСКИЙ-КОРСАКОВ ДАНИИЛ СЕРГЕЕВИЧ;8-917-9177267433;;23.2.1983;г. Самара
crm-696;Людмила Андреева;925 264 25 07;;1982-01-19;г. Ростов-на-Дону
crm-1728;Михайлов Ярослав Васильевич;+79616693802;user1242.ярос@mail.ru;1998-03-26;Уфа
crm-2611;смирнова анна дмитриевна;79444476111;;13.3.1979;Красноярск г.
crm-2288;Захаров Антон Михайлович;+79526296734;user1639.анто@mail.ru;1958-12-04;Новосибирск
crm-3102;Воробьёв Фёдор Борисович;+79862105714;user2196.фeдо@mail.ru;1983-01-02;Нижний Новгород
crm-805;Иванова Галина;+79394435300;;20/07/1970;г. Воронеж
crm-2328;Борисов Ярослав;995 421 19 22;;10.09.1973;Санкт-Петербург г.
crm-4265;???;12345;;99.99.9999;
crm-277;Романова Ксения Александровна;+79030202647;user190.ксен@mail.ru;1985-11-06;Екатеринбург
crm-819;Воробьёва  Елена  Олеговна;;USER583.ЕЛЕН@MAIL.RU;8.4.1996;г. Волгоград
crm-2230;Олег Римский-Корсаков;944 631 22 53;USER1598.ОЛЕГ@MAIL.RU;02/05/1966;МОСКВА
crm-666;Римский-Корсаков Кирилл Иванович;+79384308069;user478.кири@mail.ru;1993-01-06;Москва
crm-535;Михайлова Ирина Александровна;+79112930552;user377.ирин@mail.ru;1979-10-04;Самара
crm-1009;Светлана Козлова;+79642126958;USER711.СВЕТ@MAIL.RU;1975-01-06;г. Санкт-Петербург
crm-1097;Орлов Кирилл Александрович;+79873761330;user772.кири@mail.ru;1969-05-16;Пермь
crm-4082;ВОЛКОВА ОЛЬГА ЮРЬЕВНА;935 912 08 28;;1967-05-21;ОМСК
crm-2806;Захарова Виктория Александровна;+79817942821;user1992.викт@mail.ru;1969-12-10;Екатеринбург
crm-96;Петров Антон Александрович;+79895586636;user67.анто@mail.ru;1960-06-24;Москва
crm-1186;Соколов Антон Андрёёвич;;USER841.АНТО@MAIL.RU;1991-10-28;ОМСК
crm-60;Егоров Кирилл Васильевич;+79058779589;user39.кири@mail.ru;1973-11-26;Екатеринбург
crm-665;Яковлев Павел Петрович;+79607491312;user477.паве@mail.ru;1991-02-01;Москва
crm-1768;Новикова Светлана Михайловна;+79467059381;user1273.свет@mail.ru;1957-10-01;Казань
crm-2967;Римский-Корсаков Илья Дмитриёвич;; USER2097.ИЛЬЯ@MAIL.RU ;1975-12-01;Ростов-на-Дону г.
crm-1826;БОРИСОВА СОФИЯ СЕРГЕЕВНА;8-999-9998544611;USER1309.СОФИ@MAIL.RU;1999-06-01;г. Омск
crm-1599;Кузнецов Роман Александрович;+79878260242;user1142.рома@mail.ru;1980-12-13;Нижний Новгород
crm-4097;павлов олег игоревич;8 (926) 719-52-77;USER2910.ОЛЕГ@MAIL.RU;23.02.1985;Новосибирск г.
crm-3849;Павлов Андрей Павлович;+79721373976;user2730.андр@mail.ru;1957-08-14;Пермь
crm-75;Олег Семёнов;8-944-9448004690;;1974-07-08;ВОЛГОГРАД
crm-1763;Петрова Анна Борисовна;+79350212678;user1270.анна@mail.ru;1981-10-18;Нижний Новгород
crm-610;Козлов Евгений Михайлович;+79361325854;user432.евге@mail.ru;1966-11-03;Ростов-на-Дону
crm-2410;Анна Фёдорова;+79885953925; USER1717.АННА@MAIL.RU ;28/01/1963;Санкт-Петербург г.
crm-2168;Иванов Михаил Сергеевич;+79765182868;user1551.миха@mail.ru;1973-07-12;Красноярск
crm-528;Иванова Наталья Викторовна;+79518281833;user372.ната@mail.ru;1960-11-03;Санкт-Петербург
crm-1947;Романов Дмитрий Александрович;+79411339675;user1386.дмит@mail.ru;1990-02-13;Пермь
crm-2080;Соловьёв  Олег  Иванович;+79932716340;USER1487.ОЛЕГ@MAIL.RU;24/11/1982;г. Краснодар
crm-235;Лебедев Иван Сергеевич;+79991668474;user163.иван@mail.ru;1994-04-24;Красноярск
crm-1554;Галина Никитина;79472375865;;17.9.1992;г. Москва
crm-1762;Владимир Римский-Корсаков;8-900-9008981290;USER1269.ВЛАД@MAIL.RU;11/09/1970;г. Новосибирск
crm-3059;Борисов Вадим Алексеевич;+79235671121;user2161.вади@mail.ru;1965-09-27;Краснодар
crm-2051;Михайлов Денис Сергеевич;+79363576502;user1467.дени@mail.ru;1959-05-16;Ростов-на-Дону
crm-345;Фёдорова Светлана Николаевна;+79861698500;user239.свет@mail.ru;1967-10-14;Красноярск
crm-274;Фёдоров  Алексей  Александрович;79704475533;USER188.АЛЕК@MAIL.RU;1981-06-14;Екатеринбург г.
crm-2574;соловьёв антон петрович;79221531270; USER1831.АНТО@MAIL.RU ;1993-08-22;г. Новосибирск
crm-2610;СМИРНОВА АННА ДМИТРИЕВНА;+79444476111;USER1858.АННА@MAIL.RU;13.03.1979;Красноярск г.
crm-3391;Александров Валентин Игоревич;+79002675752;user2406.вале@mail.ru;1968-03-15;Омск
crm-1780;Фёдорова Светлана Андреевна;+79159222304;user1279.свет@mail.ru;1970-07-04;Ростов-на-Дону
crm-1445;София Зайцева;+79251688053;;14.02.1998;г. Волгоград
crm-4084;Воробьёв Тимофей Борисович;+79655791433;user2902.тимо@mail.ru;1961-04-05;Пермь
crm-4191;Фёдоров  Денис  Петрович;79381310014;USER2971.ДЕНИ@MAIL.RU;1987-03-23;г. Санкт-Петербург
crm-3255;Романова  Екатерина  Ивановна;8 (912) 380-16-67; USER2311.ЕКАТ@MAIL.RU ;08/11/1998;КРАСНОЯРСК
crm-2196;Борисова  Ольга  Дмитриевна;79035744702; USER1574.ОЛЬГ@MAIL.RU ;11.08.1995;РОСТОВ-НА-ДОНУ
crm-67;Захаров Евгений Дмитриевич;+79855323761;user46.евге@mail.ru;1964-08-12;Пермь
crm-4037;Захарова Галина Владимировна;+79836259527;user2866.гали@mail.ru;1985-04-04;Нижний Новгород
crm-3549;Сергеев Валентин Александрович;+79331923018;user2523.вале@mail.ru;1957-08-02;Красноярск
crm-3635;Соловьёв Александр Александрович;+79201810323;user2580.алек@mail.ru;1971-08-09;Краснодар
crm-2459;Римский-Корсаков Светлана Ивановна;+79119504617;user1753.свет@mail.ru;1993-05-03;Санкт-Петербург
crm-3830;Лебедев Борис Юрьевич;+79410741097;user2720.бори@mail.ru;1969-07-27;Пермь
crm-2089;АЛЕКСЕЕВА ЕКАТЕРИНА АНДРЕЕВНА;79344231910;USER1492.ЕКАТ@MAIL.RU;15.2.1962;Москва г.
crm-343;Воробьёв Максим Игоревич;+79977032243;user237.макс@mail.ru;1975-04-25;Краснодар
crm-2583;Римский-Корсаков Елена Петровна;+79276303798;user1837.елен@mail.ru;1980-06-17;Санкт-Петербург
crm-3916;РОМАНОВА ПОЛИНА ВЛАДИМИРОВНА;905 348 91 87; USER2781.ПОЛИ@MAIL.RU ;15/11/1980;г. Ростов-на-Дону
crm-1;Андреев Евгений Борисович;+79058506249;user1.евге@mail.ru;1978-06-08;Красноярск
crm-161;Новикова Екатерина Александровна;+79289235952;user111.екат@mail.ru;1971-12-14;Нижний Новгород
crm-2144;Иванова София Сергеевна;+79183420874;user1533.софи@mail.ru;1974-04-14;Омск
crm-2393;Николаев Павел;;USER1708.ПАВЕ@MAIL.RU;08.11.1987;г. Волгоград
crm-1236;Егоров Кирилл Олегович;+79016528270;user878.кири@mail.ru;1995-11-12;Москва
crm-1504;Борисов  Егор  Юрьевич;8-946-9461295433;USER1071.ЕГОР@MAIL.RU;1981-05-04;г. Ростов-на-Дону
crm-1281;Сергеев Никита Евгеньевич;+79121425092;user910.ники@mail.ru;1962-06-22;Пермь
crm-1138;Макаров Пётр Павлович;+79363319608;user808.пeтр@mail.ru;1959-05-25;Екатеринбург
crm-3286;Новикова Полина Михайловна;+79804355743;user2336.поли@mail.ru;1973-10-17;Санкт-Петербург
crm-1723;Николаев Александр Андреевич;+79110021839;user1237.алек@mail.ru;1961-11-12;Красноярск
crm-2748;Роман Борисов;963 030 98 58;;21/03/1998;г. Казань
crm-3375;Никитин Егор Андреевич;+79731503971;user2391.егор@mail.ru;1979-10-27;Казань
crm-4019;Смирнова Свётлана Павловна;970 032 03 94;USER2854.СВЕТ@MAIL.RU;16.05.1981;г. Омск
crm-3907;Денис Соловьёв;909 381 76 86;USER2775.ДЕНИ@MAIL.RU;20.05.1974;МОСКВА
crm-1500;Воробьёва Ирина Александровна;+79601551084;user1068.ирин@mail.ru;1984-08-05;Новосибирск
crm-2887;ВАСИЛЬЕВА МАРИЯ ВАСИЛЬЕВНА;8-984-9848712658; USER2045.МАРИ@MAIL.RU ;28.10.1974;КРАСНОЯРСК
crm-3576;ПЕТРОВ ИВАН БОРИСОВИЧ;+79399698117; USER2541.ИВАН@MAIL.RU ;18.07.1977;САМАРА
crm-430;Макаров Владимир Алексеевич;+79566796213;user303.влад@mail.ru;1968-09-01;Омск
crm-3095;Романова Юлия Дмитриевна;+79013889617;user2190.юлия@mail.ru;1982-09-15;Санкт-Петербург
crm-576;Зайцев Даниил Петрович;+79642524667;user407.дани@mail.ru;1968-10-05;Санкт-Петербург
crm-4001;Новиков Владимир Алексеевич;+79970441041;user2844.влад@mail.ru;1994-01-21;Красноярск
crm-1755;Алексеев Михаил Владимирович;+79197544087;user1263.миха@mail.ru;1987-07-07;Волгоград
crm-1812;петров-водкин екатерина евгеньевна;8 (924) 794-11-48;USER1301.ЕКАТ@MAIL.RU;9.10.1996;г. Воронеж
crm-1503;Борисов Егор Юрьевич;+79461295433;user1071.егор@mail.ru;1981-05-04;Ростов-на-Дону
crm-3900;Козлов Владимир Павлович;+79907900286;user2770.влад@mail.ru;1970-02-20;Воронеж
crm-1446;ЗАЙЦЕВА СОФИЯ АНДРЕЕВНА;+79251688053;USER1030.СОФИ@MAIL.RU;14/02/1998;г. Волгоград
crm-244;СЕРГЕЕВА МАРИЯ ДМИТРИЕВНА;915 448 70 91; USER169.МАРИ@MAIL.RU ;17.12.1997;г. Волгоград
crm-1674;Васильева Екатерина Борисовна;+79998075090;user1198.екат@mail.ru;1990-08-21;Ростов-на-Дону
crm-3644;Николаева Ольга Александровна;+79240613842;user2585.ольг@mail.ru;1999-04-05;Уфа
crm-2180;Александров Василий Евгеньевич;+79844621054;user1561.васи@mail.ru;1972-03-20;Санкт-Петербург
crm-1338;Яковлев Константин Сергеевич;+79648566512;user946.конс@mail.ru;1987-06-04;Омск
crm-3191;Макарова Людмила Олеговна;+79897796563;user2268.людм@mail.ru;1979-06-13;Омск
crm-845;Кузнецов Никита Викторович;+79385356177;user604.ники@mail.ru;1963-09-28;Уфа
crm-1934;Яковлева Вера Васильевна;+79268760197;user1379.вера@mail.ru;1992-11-19;Самара
crm-3345;Макаров  Станислав  Дмитриевич;;USER2370.СТАН@MAIL.RU;1991-09-04;г. Самара
crm-2209;Алёксёёва Ксёния Борисовна;8 (935) 523-56-67; USER1582.КСЕН@MAIL.RU ;27/09/1965;Казань г.
crm-3203;Римский-Корсаков Светлана Олеговна;+79368381139;user2277.свет@mail.ru;1955-02-27;Москва
crm-1118;Васильёва Татьяна Пётровна;+79592567191;USER790.ТАТЬ@MAIL.RU;1994-10-17;г. Екатеринбург
crm-3317;Макаров Борис;;USER2356.БОРИ@MAIL.RU;7.10.1970;г. Омск
crm-1036;Михайлов Алексей;+79255470115;;10.02.1983;ЕКАТЕРИНБУРГ
crm-1165;Павлова Екатерина Ивановна;+79581138740;user825.екат@mail.ru;1995-06-24;Санкт-Петербург
crm-3195;Александров Роман Иванович;+79902460799;user2271.рома@mail.ru;1978-03-13;Пермь
crm-3127;Петров Александр Евгеньевич;+79385933068;user2217.алек@mail.ru;1956-05-15;Омск
crm-3815;Макарова Наталья Павловна;+79986581937;user2708.ната@mail.ru;1996-08-06;Ростов-на-Дону
crm-3300;Кузнецов Константин Иванович;+79729785660;user2347.конс@mail.ru;1967-04-06;Волгоград
crm-3937;Орлов Ярослав Викторович;+79238792681;user2794.ярос@mail.ru;1965-05-14;Волгоград
crm-1994;Григорьева Валентина Алексеевна;+79950693797;user1419.вале@mail.ru;1957-02-06;Омск
crm-2300;Смирнов Пётр Игоревич;+79113128020;user1647.пeтр@mail.ru;1980-10-10;Краснодар
crm-2678;Борисов Егор Павлович;+79489885188;user1901.егор@mail.ru;1989-01-04;Ростов-на-Дону
crm-744;Вера Андреева;998 735 78 64;USER530.ВЕРА@MAIL.RU;12/10/1997;г. Ростов-на-Дону
crm-4264;???;;;31.02.1990;
crm-3140;Васильев Константин Павлович;+79451290662;user2226.конс@mail.ru;1967-02-10;Красноярск
crm-3310;Смирнова София Михайловна;+79749212753;user2352.софи@mail.ru;1964-01-28;Нижний Новгород
crm-1368;Андреев Пётр Васильевич;+79913040294;user971.пeтр@mail.ru;1968-05-02;Самара
crm-416;Римский-Корсаков Анна Михайловна;+79496122877;user292.анна@mail.ru;1988-06-14;Самара
crm-624;Соколов Владимир Васильевич;+79217087229;user444.влад@mail.ru;1977-04-10;Ростов-на-Дону
crm-803;Николаев Александр Павлович;+79567865270;user573.алек@mail.ru;1974-01-13;Казань
crm-3678;Орлов Пётр Петрович;+79683113302;user2606.пeтр@mail.ru;1961-03-07;Казань
crm-1462;волков константин юрьевич;8 (949) 786-60-98; USER1039.КОНС@MAIL.RU ;1963-06-23;ПЕРМЬ
crm-4108;Фролов Олег Николаевич;+79014724699;user2920.олег@mail.ru;1961-02-24;Волгоград
crm-3131;Егор Михайлов;;USER2219.ЕГОР@MAIL.RU;28/06/1987;г. Краснодар
crm-3707;Андреева Дарья Евгеньевна;+79131504219;user2629.дарь@mail.ru;1974-05-24;Екатеринбург
crm-3044;Волков Роман Михайлович;+79726210457;user2148.рома@mail.ru;1958-12-08;Москва
crm-2852;Михайлов Игорь Александрович;+79320240298;user2024.игор@mail.ru;1984-10-07;Краснодар
crm-2891;Попов Иван Игорёвич;; USER2047.ИВАН@MAIL.RU ;1981-12-22;ВОЛГОГРАД
crm-3010;Петров Фёдор Олегович;+79812402549;user2126.фeдо@mail.ru;1981-01-26;Уфа
crm-3822;Петров-Водкин Дарья Васильевна;+79871208095;user2712.дарь@mail.ru;1975-01-02;Уфа
crm-1360;Лёбёдёв Григорий Пётрович;8 (972) 193-84-70;;1993-12-18;г. Самара
crm-3361;Иванов Павел Сергеевич;+79447709983;user2382.паве@mail.ru;1995-05-16;Волгоград
crm-2445;Смирнов Борис Алексеевич;+79905732525;user1746.бори@mail.ru;1982-03-08;Пермь
crm-3380;Григорьев Дмитрий Павлович;+79243109785;user2395.дмит@mail.ru;1980-08-16;Самара
crm-3622;Романов Михаил Алексеевич;+79393754854;user2569.миха@mail.ru;1963-01-11;Уфа
crm-998;Соколов Иван Викторович;+79546205685;user704.иван@mail.ru;1962-08-02;Краснодар
crm-2281;Михайлов Артём Евгеньевич;+79603094789;user1635.артe@mail.ru;1993-11-25;Омск
crm-1629;Александрова Вера Борисовна;+79514640435;user1162.вера@mail.ru;1972-04-09;Омск
crm-2451;Николаёв Василий Андрёёвич;79975398487; USER1749.ВАСИ@MAIL.RU ;23.7.1979;г. Пермь
crm-281;семёнов фёдор викторович;+79175957341;;1980-11-04;г. Волгоград
crm-811;никитина светлана петровна;984 972 06 21; USER577.СВЕТ@MAIL.RU ;01/12/1981;НОВОСИБИРСК
crm-2733;Григорьев Артём Николаевич;+79710930737;user1938.артe@mail.ru;1967-04-05;Красноярск
crm-3519;зайцев даниил алексеевич;;USER2502.ДАНИ@MAIL.RU;17/08/1989;Нижний Новгород г.
crm-2685;Семёнов Михаил Николаевич;+79764531219;user1905.миха@mail.ru;1959-01-18;Уфа
crm-3306;Сергеев Евгений Дмитриевич;+79725915173;user2350.евге@mail.ru;1960-01-04;Москва
crm-3581;Васильев  Кирилл  Михайлович;79762436329;;18.9.1958;Казань г.
crm-3111;Смирнов Роман Юрьевич;+79632115321;user2205.рома@mail.ru;1974-02-02;Новосибирск
crm-2205;Макаров Виктор Ёвгёньёвич;; USER1579.ВИКТ@MAIL.RU ;02.10.1989;г. Уфа
crm-905;Соловьёв Кирилл Борисович;+79148394880;user641.кири@mail.ru;1962-07-03;Ростов-на-Дону
crm-1845;Воробьёв Валентин Владимирович;+79380476008;user1320.вале@mail.ru;1982-04-08;Нижний Новгород
crm-2943;ВАСИЛЬЕВА ЕЛЕНА СЕРГЕЕВНА;79119389047;;1974-11-27;НИЖНИЙ НОВГОРОД
crm-1540;Зайцева Галина Николаевна;+79421004233;user1099.гали@mail.ru;1977-06-21;Москва
crm-403;Морозова Юлия Алёксёёвна;79989141161;;14.4.1960;Нижний Новгород г.
crm-3271;Орлов Виктор Борисович;+79140104460;user2322.викт@mail.ru;1982-12-14;Москва
crm-1404;Романов Иван Алексеевич;+79569218269;user1004.иван@mail.ru;1992-12-17;Омск
crm-2869;Кузнецов Павел Игоревич;+79949439230;user2033.паве@mail.ru;1974-03-19;Омск
crm-1401;Новиков Николай Сергеевич;+79141173675;user1001.нико@mail.ru;1971-05-21;Омск
crm-2237;Андреев Борис Дмитриевич;+79865370472;user1602.бори@mail.ru;1979-11-17;Санкт-Петербург
crm-371;Андреев Борис Андреевич;+79268123046;user258.бори@mail.ru;1970-11-20;Ростов-на-Дону
crm-4177;Александрова Людмила Борисовна;+79586354839;user2963.людм@mail.ru;1993-02-22;Екатеринбург
crm-1655;Воробьёв Антон Павлович;+79103171224;user1181.анто@mail.ru;1965-05-04;Санкт-Петербург
crm-2932;Петров Григорий;976 035 53 54;;24.07.1990;г. Красноярск
crm-4220;Григорьев Олег Евгеньевич;+79366133433;user2996.олег@mail.ru;1986-04-03;Нижний Новгород
crm-468;андреева людмила михайловна;+79883445607;USER332.ЛЮДМ@MAIL.RU;09/02/1995;Москва г.
crm-3290;Фролов Максим Васильевич;+79860301274;user2340.макс@mail.ru;1996-03-13;Краснодар
crm-2256;Макаров Игорь Игоревич;+79307113942;user1615.игор@mail.ru;1986-06-28;Москва
crm-223;Захаров Владимир Евгеньевич;+79814306804;user155.влад@mail.ru;1969-12-04;Москва
crm-2690;Петров Игорь Игоревич;+79792016423;user1908.игор@mail.ru;1979-10-12;Новосибирск
crm-377;Васильева Ирина Сергеевна;+79343419445;user261.ирин@mail.ru;1972-07-03;Краснодар
crm-517;Зайцев  Максим  Иванович;79065549866;;23.5.1998;г. Пермь
crm-3276;Сергеева Людмила Викторовна;+79492292101;user2326.людм@mail.ru;1984-05-13;Пермь
crm-1858;Егоров Иван Игоревич;+79953693258;user1330.иван@mail.ru;1979-01-05;Омск
crm-2729;Павлов Борис Павлович;+79764989310;user1935.бори@mail.ru;1957-11-22;Самара
crm-3782;яковлев егор олегович;960 419 21 23;USER2687.ЕГОР@MAIL.RU;1978-02-21;МОСКВА
crm-198;Орлова Людмила Михайловна;+79475983141;user133.людм@mail.ru;1969-02-07;Нижний Новгород
crm-1498;АЛЕКСЕЕВ КОНСТАНТИН СЕРГЕЕВИЧ;;USER1066.КОНС@MAIL.RU;1998-05-18;г. Нижний Новгород
crm-1144;Николаева Светлана Петровна;+79669375900;user811.свет@mail.ru;1965-04-12;Краснодар
crm-3408;Романов Борис Алексеевич;+79772577776;user2419.бори@mail.ru;1984-12-06;Воронеж
crm-4226;???;;not-an-email;99.99.9999;
crm-4294;???;12345;;99.99.9999;
crm-1692;Петров Виктор Михайлович;+79269247661;user1211.викт@mail.ru;1998-11-05;Уфа
crm-3278;Римский-Корсаков Никита Алексеевич;+79981754667;user2328.ники@mail.ru;1958-03-24;Санкт-Петербург
crm-2138;Соколов  Егор  Владимирович;+79801804156; USER1527.ЕГОР@MAIL.RU ;26.09.1957;г. Пермь
crm-4205;Новикова Вера Олеговна;+79084835782;user2984.вера@mail.ru;1961-06-12;Омск
crm-2216;Семёнов Григорий Михайлович;+79385970542;user1588.григ@mail.ru;1987-02-06;Екатеринбург
crm-3962;Соловьёв Василий Евгеньевич;+79471843722;user2816.васи@mail.ru;1974-06-14;Уфа
crm-2111;Пётров-Водкин Ёлёна Игорёвна;;USER1509.ЕЛЕН@MAIL.RU;1987-04-21;Воронеж г.
crm-102;Морозов Михаил Борисович;+79824486524;user71.миха@mail.ru;1956-11-23;Москва
crm-3946;Михайлова Ирина Викторовна;+79167952539;user2803.ирин@mail.ru;1984-06-17;Санкт-Петербург
crm-634;Фролов Максим Иванович;+79984553036;user452.макс@mail.ru;1958-08-10;Воронеж
crm-1226;Романов Михаил Андреевич;+79650750514;user871.миха@mail.ru;1998-05-09;Ростов-на-Дону
crm-1442;Алексеев Артём;; USER1028.АРТE@MAIL.RU ;10/07/1983;УФА
crm-1913;Александров Станислав Александрович;+79213398565;user1368.стан@mail.ru;1955-06-14;Краснодар
crm-890;Римский-Корсаков Ярослав Алексеевич;+79025323164;user630.ярос@mail.ru;1990-08-07;Москва
crm-2280;Борисов Василий Борисович;+79989496301;user1634.васи@mail.ru;1990-08-18;Казань
crm-2494;Кузнецов Вадим Алексеевич;+79839939293;user1778.вади@mail.ru;1959-04-28;Воронеж
crm-269;Петров-Водкин Вадим;+79606910961; USER186.ВАДИ@MAIL.RU ;01/11/1969;г. Москва
crm-196;Семёнова София Николаевна;+79334548866;user131.софи@mail.ru;1966-12-27;Ростов-на-Дону
crm-833;Зайцев Дмитрий Викторович;+79914249168;user592.дмит@mail.ru;1964-11-23;Екатеринбург
crm-2633;ВОРОБЬЁВ КОНСТАНТИН БОРИСОВИЧ;974 199 73 07;USER1870.КОНС@MAIL.RU;01.12.1964;г. Ростов-на-Дону
crm-1062;Семёнов Егор Михайлович;+79648484650;user746.егор@mail.ru;1967-12-16;Ростов-на-Дону
crm-4155;СОКОЛОВ НИКИТА СЕРГЕЕВИЧ;; USER2946.НИКИ@MAIL.RU ;1975-08-03;Ростов-на-Дону г.
crm-706;Васильев Юрий Олегович;+79536367987;user503.юрий@mail.ru;1986-06-19;Воронеж
crm-2188;Волков Денис Евгеньевич;+79640664894;user1569.дени@mail.ru;1979-11-27;Екатеринбург
crm-3909;Римский-Корсаков Валентин Борисович;+79995122033;user2777.вале@mail.ru;1996-05-14;Уфа
crm-3108;Фролова Наталья Борисовна;+79606152139;user2202.ната@mail.ru;1964-10-11;Новосибирск
crm-664;Соколов Тимофей Сергеевич;+79171359157;user476.тимо@mail.ru;1996-07-12;Самара
crm-1128;Новиков Антон Дмитриевич;+79385622412;user800.анто@mail.ru;1997-09-18;Новосибирск
crm-2501;Николаев Илья Борисович;+79639618087;user1784.илья@mail.ru;1985-10-28;Новосибирск
crm-2620;Воробьёв Ёгор Андрёёвич;79372453384;;17/11/1978;ЕКАТЕРИНБУРГ
crm-3863;Попова Полина Андреевна;+79561276652;user2741.поли@mail.ru;1959-04-09;Красноярск
crm-680;Воробьёва Юлия Юрьевна;+79542931538;user487.юлия@mail.ru;1958-10-17;Уфа
crm-2689;Римский-Корсаков Василий Павлович;+79791592228;user1907.васи@mail.ru;1957-05-26;Краснодар
crm-1533;Николаев Валентин Иванович;+79428769497;user1093.вале@mail.ru;1962-10-24;Нижний Новгород
crm-774;Воробьёв  Евгений  Петрович;928 581 63 19;USER548.ЕВГЕ@MAIL.RU;16.04.1990;Самара г.
crm-1576;Римский-Корсаков Дмитрий Сергеевич;+79081952182;user1130.дмит@mail.ru;1992-07-21;Пермь
crm-2124;Волков  Владимир  Александрович;8 (958) 238-74-58;USER1514.ВЛАД@MAIL.RU;1998-06-11;НОВОСИБИРСК
crm-4196;Васильев Алексей Павлович;+79234991583;user2975.алек@mail.ru;1975-01-08;Ростов-на-Дону
crm-2936;Воробьёв Михаил Андреевич;+79589999013;user2075.миха@mail.ru;1976-12-06;Екатеринбург
crm-2846;ОРЛОВ МАКСИМ ВАСИЛЬЕВИЧ;;USER2021.МАКС@MAIL.RU;19/05/1995;УФА
crm-4217;Андреев Глеб Евгеньевич;+79515744632;user2993.глеб@mail.ru;1986-04-10;Пермь
crm-1805;Александров Виктор Петрович;+79965150172;user1295.викт@mail.ru;1955-03-04;Пермь
crm-3417;КУЗНЕЦОВ БОРИС ИВАНОВИЧ;910 767 80 11; USER2424.БОРИ@MAIL.RU ;09.12.1998;ОМСК
crm-2139;Волкова Елена Владимировна;+79758840683;user1528.елен@mail.ru;1984-04-15;Екатеринбург
crm-1980;Воробьёв Евгений Владимирович;+79878674800;user1409.евге@mail.ru;1999-03-23;Санкт-Петербург
crm-327;воробьёв юрий олегович;;USER227.ЮРИЙ@MAIL.RU;16.3.1995;г. Красноярск
crm-3104;Михайлов Николай Евгеньевич;+79629797344;user2198.нико@mail.ru;1988-09-22;Уфа
crm-548;Соколова Наталья;79877555287;USER386.НАТА@MAIL.RU;23.5.1964;ВОЛГОГРАД
crm-1168;Петров-Водкин Наталья Евгеньевна;+79485964166;user828.ната@mail.ru;1971-04-13;Уфа
crm-3903;Новиков Олег Александрович;+79557596180;user2773.олег@mail.ru;1983-01-17;Казань
crm-2810;Григорьев Антон Юрьевич;+79726068194;user1995.анто@mail.ru;1981-09-11;Нижний Новгород
crm-1172;Козлов Николай Алексеевич;+79372290224;user832.нико@mail.ru;1995-11-10;Самара
crm-2432;Иванов Антон Дмитриевич;+79120710367;user1735.анто@mail.ru;1997-06-15;Воронеж
crm-2156;Козлов Тимофей Игоревич;+79618335082;user1543.тимо@mail.ru;1972-07-28;Воронеж
crm-3409;Соколов Владимир Петрович;+79988687474;user2420.влад@mail.ru;1959-05-01;Ростов-на-Дону
crm-1993;Захаров Андрей;; USER1418.АНДР@MAIL.RU ;1984-07-24;г. Самара
crm-3167;Макарова Дарья Олеговна;+79913560419;user2249.дарь@mail.ru;1983-11-25;Новосибирск
crm-3935;Яковлев Виктор Петрович;+79364887404;user2792.викт@mail.ru;1973-12-18;Красноярск
crm-4035;Захаров Игорь Юрьевич;+79254303377;user2864.игор@mail.ru;1975-11-04;Екатеринбург
crm-1860;Ёгоров Иван Игорёвич;+79953693258;USER1330.ИВАН@MAIL.RU;1979-01-05;г. Омск
crm-1801;Волков Валентин Юрьевич;+79353494889;user1291.вале@mail.ru;1976-10-26;Екатеринбург
crm-3416;КУЗНЕЦОВ БОРИС ИВАНОВИЧ;8-910-9107678011;USER2424.БОРИ@MAIL.RU;9.12.1998;ОМСК
crm-187;Борисов Никита;+79104530835; USER126.НИКИ@MAIL.RU ;1996-02-24;Санкт-Петербург г.
crm-1306;Макаров Пётр Сергеевич;+79425856233;user926.пeтр@mail.ru;1986-02-16;Краснодар
crm-2669;орлова галина ивановна;+79456690572;USER1897.ГАЛИ@MAIL.RU;1961-11-13;Санкт-Петербург г.
crm-1355;Орлов Денис Васильевич;+79484084291;user961.дени@mail.ru;1980-07-09;Самара
crm-373;Андреев  Борис  Андреевич;79268123046;USER258.БОРИ@MAIL.RU;20.11.1970;г. Ростов-на-Дону
crm-2425;Орлов Антон Дмитриевич;+79718138896;user1730.анто@mail.ru;1981-02-07;Екатеринбург
crm-1309;Иванова Ольга Васильевна;+79708781805;user929.ольг@mail.ru;1961-03-26;Волгоград
crm-1402;Фролова Елена Сергеевна;+79151195984;user1002.елен@mail.ru;1972-06-14;Воронеж
crm-1252;Морозов Ярослав Петрович;+79203225362;user889.ярос@mail.ru;1965-01-10;Омск
crm-1760;Семёнов Григорий Владимирович;+79291802714;user1268.григ@mail.ru;1995-10-13;Москва
crm-2158;Сергеев Василий Михайлович;+79267573299;user1545.васи@mail.ru;1998-09-14;Уфа
crm-257;Петров Ярослав Юрьевич;+79967100790;user179.ярос@mail.ru;1982-08-11;Ростов-на-Дону
crm-1688;Василий Яковлев;;USER1208.ВАСИ@MAIL.RU;1990-09-17;Санкт-Петербург г.
crm-559;Степанов Борис Васильевич;+79395485660;user393.бори@mail.ru;1987-03-14;Казань
crm-2837;Попов Вадим Васильевич;+79737551603;user2016.вади@mail.ru;1966-03-13;Волгоград
crm-1063;Римский-Корсаков Светлана Борисовна;+79317628120;user747.свет@mail.ru;1995-12-04;Воронеж
crm-176;Григорьев  Григорий  Сергеевич;917 353 21 84;USER119.ГРИГ@MAIL.RU;26.8.1973;РОСТОВ-НА-ДОНУ
crm-1575;Макаров Кирилл Борисович;+79160511808;user1129.кири@mail.ru;1980-09-23;Новосибирск
crm-2527;Фролова Вера Игоревна;+79365692709;user1803.вера@mail.ru;1993-08-17;Краснодар
crm-842;Романов Сергей Викторович;+79849027019;user601.серг@mail.ru;1993-03-13;Новосибирск
crm-3593;Николаев Евгений Иванович;+79999707891;user2550.евге@mail.ru;1996-07-20;Пермь
crm-946;Романов Лев Михайлович;+79589412922;user670.лев@mail.ru;1979-01-09;Санкт-Петербург
crm-3674;Семёнова Вера Николаевна;+79874092009;user2602.вера@mail.ru;1999-06-16;Пермь
crm-2093;Романова Мария Алексеевна;+79941482701;user1496.мари@mail.ru;1962-10-02;Уфа
crm-4056;Степанов Кирилл Борисович;+79228692999;user2880.кири@mail.ru;1999-10-08;Екатеринбург
crm-2706;Лебедева Мария Петровна;+79826537953;user1919.мари@mail.ru;1976-10-22;Москва
crm-1481;Михайлова Елена Сергеевна;+79179564527;user1053.елен@mail.ru;1966-01-10;Красноярск
crm-3207;Воробьёва София Дмитриевна;+79103087325;user2281.софи@mail.ru;1989-12-24;Уфа
crm-2186;Воробьёв Максим Юрьевич;+79383999559;user1567.макс@mail.ru;1962-02-16;Красноярск
crm-1014;Павлов Иван Николаевич;+79948043979;user715.иван@mail.ru;1990-01-02;Нижний Новгород
crm-4241;???;;;31.02.1990;
crm-542;Никитин Александр Олегович;+79134940486;user382.алек@mail.ru;1979-01-02;Пермь
crm-1044;Васильев Станислав Павлович;+79432475247;user733.стан@mail.ru;1973-09-28;Казань
crm-308;Новикова Полина Александровна;+79287851577;user216.поли@mail.ru;1968-03-06;Волгоград
crm-2333;Александров Олег Павлович;+79113454390;user1671.олег@mail.ru;1980-03-26;Ростов-на-Дону
crm-3659;Олег Никитин;8 (942) 631-25-50; USER2594.ОЛЕГ@MAIL.RU ;1963-04-27;г. Ростов-на-Дону
crm-3742;Максим Петров;;USER2656.МАКС@MAIL.RU;25/09/1977;г. Волгоград
crm-12;Кузнецов Дмитрий Михайлович;+79218703639;user10.дмит@mail.ru;1996-04-04;Санкт-Петербург
crm-3544;Семёнов Никита Петрович;+79627663759;user2518.ники@mail.ru;1962-11-23;Санкт-Петербург
crm-2485;ВОЛКОВА АННА ВЛАДИМИРОВНА;;USER1773.АННА@MAIL.RU;19/04/1986;г. Санкт-Петербург
crm-2045;Соколов Юрий Олегович;+79549942547;user1462.юрий@mail.ru;1972-02-22;Красноярск
crm-2659;Григорьев Лев Владимирович;+79621606050;user1888.лев@mail.ru;1973-02-20;Санкт-Петербург
crm-3660;Никитин  Олег  Викторович;; USER2594.ОЛЕГ@MAIL.RU ;27.4.1963;Ростов-на-Дону г.
crm-729;Васильева Ксения Евгеньевна;+79864319896;user520.ксен@mail.ru;1978-07-07;Нижний Новгород
crm-379;Морозов Лев Юрьевич;+79101133100;user263.лев@mail.ru;1984-09-15;Ростов-на-Дону
crm-1547;Иванов  Пётр  Олегович;8 (951) 593-52-80; USER1105.ПEТР@MAIL.RU ;1983-04-07;г. Санкт-Петербург
crm-2851;Денис Орлов;8-921-9212445954;;8.12.1997;САНКТ-ПЕТЕРБУРГ
crm-3302;Алексеева Светлана Николаевна;+79589393587;user2349.свет@mail.ru;1998-05-11;Казань
crm-2517;Лебедева Ирина Олеговна;+79814384464;user1796.ирин@mail.ru;1985-05-25;Пермь
crm-2983;Семёнова Ксения Михайловна;+79242104157;user2107.ксен@mail.ru;1990-10-28;Москва
crm-2828;Степанов Валентин Сергеевич;+79991694837;user2007.вале@mail.ru;1969-12-27;Уфа
crm-4301;;;;99.99.9999;
crm-2809;Петров-Водкин Вера Васильевна;+79439121549;user1994.вера@mail.ru;1958-11-25;Екатеринбург
crm-4288;;;;99.99.9999;
crm-218;Козлова Светлана Игоревна;+79682680683;user151.свет@mail.ru;1995-10-27;Москва
crm-107;Никитин Пётр Иванович;+79458981649;user73.пeтр@mail.ru;1998-05-18;Нижний Новгород
crm-971;Морозов Виктор Сергеевич;+79318522458;user683.викт@mail.ru;1990-04-27;Москва
crm-2083;Орлов Владимир Александрович;+79001938574;user1490.влад@mail.ru;1995-01-21;Самара
crm-251;Петров Лев Викторович;+79342475510;user175.лев@mail.ru;1979-11-01;Москва
crm-1814;Воробьёва Анна Юрьевна;+79916309608;user1302.анна@mail.ru;1974-06-17;Воронеж
crm-2814;Сергеев Дмитрий Андреевич;+79904358103;user1997.дмит@mail.ru;1963-03-13;Омск
crm-2117;ЗАЙЦЕВ МАКСИМ ВАСИЛЬЕВИЧ;8-903-9034456682; USER1511.МАКС@MAIL.RU ;27/10/1989;КРАСНОДАР
crm-1986;СЕМЁНОВА ЕКАТЕРИНА ДМИТРИЕВНА;8-961-9616476388; USER1414.ЕКАТ@MAIL.RU ;16.11.1984;г. Санкт-Петербург
crm-2768;Новиков Пётр Дмитриевич;+79723661103;user1962.пeтр@mail.ru;1998-12-27;Пермь
crm-146;Никитин Юрий Игоревич;+79656944112;user100.юрий@mail.ru;1969-01-07;Красноярск
crm-2564;Римский-Корсаков Виктор Викторович;+79008409595;user1828.викт@mail.ru;1982-12-04;Волгоград
crm-909;Васильева Татьяна Евгеньевна;+79684369283;user645.тать@mail.ru;1957-10-19;Пермь
crm-4225;Козлов Евгений Николаевич;+79113168245;user3000.евге@mail.ru;1991-09-03;Красноярск
crm-2695;Фролов Василий;;USER1912.ВАСИ@MAIL.RU;25/10/1970;г. Ростов-на-Дону
crm-3285;Борисов Юрий Юрьевич;+79727065999;user2335.юрий@mail.ru;1996-02-26;Красноярск
crm-1938;Смирнова  Елена  Николаевна;79958525151;USER1380.ЕЛЕН@MAIL.RU;04/01/1958;САМАРА
crm-3891;Волков Валентин Игоревич;+79683645888;user2765.вале@mail.ru;1984-04-21;Москва
crm-2109;Петров-Водкин Елена Игоревна;+79421240436;user1509.елен@mail.ru;1987-04-21;Воронеж
crm-192;Иванов  Максим  Александрович;; USER128.МАКС@MAIL.RU ;1974-06-07;НИЖНИЙ НОВГОРОД
crm-1777;павлов фёдор сергеевич;; USER1277.ФEДО@MAIL.RU ;18.9.1993;КРАСНОЯРСК
crm-3231;Фролова Ольга Николаевна;+79133230655;user2296.ольг@mail.ru;1986-08-26;Уфа
crm-821;ВОРОБЬЁВА ЕЛЕНА ОЛЕГОВНА;;USER583.ЕЛЕН@MAIL.RU;08/04/1996;Волгоград г.
crm-3297;макарова дарья михайловна;;USER2344.ДАРЬ@MAIL.RU;1968-07-03;г. Краснодар
crm-1191;кузнецова юлия петровна;950 059 51 85;USER845.ЮЛИЯ@MAIL.RU;15.4.1962;ПЕРМЬ
crm-704;Максим Николаев;;USER501.МАКС@MAIL.RU;1978-11-17;г. Красноярск
crm-2443;Петров-Водкин Вадим Васильевич;+79110489219;user1744.вади@mail.ru;1984-04-04;Санкт-Петербург
crm-2830;Макаров Константин Дмитриевич;+79986384729;user2009.конс@mail.ru;1970-12-03;Ростов-на-Дону
crm-2579;Фролова София Игоревна;+79074187000;user1835.софи@mail.ru;1959-07-28;Уфа
crm-2600;Сергеев Валентин Олегович;+79632298876;user1852.вале@mail.ru;1973-04-27;Москва
crm-1926;Сергеева Ксения Андреевна;+79576192575;user1374.ксен@mail.ru;1978-10-11;Казань
crm-1232;Воробьёв Тимофей Александрович;+79847480473;user875.тимо@mail.ru;1999-07-05;Воронеж
crm-335;Сергеев Павел Павлович;+79535864913;user232.паве@mail.ru;1986-02-21;Санкт-Петербург
crm-1719;Николаев  Максим  Игоревич;79294669837;USER1233.МАКС@MAIL.RU;16/09/1998;г. Волгоград
crm-2190;Ксения Макарова;8 (994) 591-18-18;;01.08.1967;г. Ростов-на-Дону
crm-126;Фёдорова Ольга Викторовна;+79506563695;user87.ольг@mail.ru;1985-03-18;Казань
crm-1370;Иванов Павел Олегович;+79120649888;user973.паве@mail.ru;1969-04-21;Нижний Новгород
crm-2460;Петров-Водкин Николай Михайлович;+79896971334;user1754.нико@mail.ru;1960-09-25;Уфа
crm-103;Сергеев Дмитрий Васильевич;+79735743735;user72.дмит@mail.ru;1963-06-14;Волгоград
crm-2975;Соловьёва Юлия Алексеевна;+79277156685;user2101.юлия@mail.ru;1992-04-09;Казань
crm-1539;Никитин Лёв Алёксёёвич;8-961-9614131813;;09/10/1985;г. Воронеж
crm-3410;соколов владимир петрович;998 868 74 74;USER2420.ВЛАД@MAIL.RU;1959-05-01;РОСТОВ-НА-ДОНУ
crm-894;Иванова Елена Ивановна;+79035920476;user634.елен@mail.ru;1994-03-10;Ростов-на-Дону
crm-2493;Фёдорова  Анна  Евгеньевна;;USER1777.АННА@MAIL.RU;16.04.1992;КРАСНОЯРСК
crm-2016;Орлов Григорий Игоревич;+79115781947;user1438.григ@mail.ru;1980-04-19;Нижний Новгород
crm-3762;Попов Василий Павлович;+79367960561;user2672.васи@mail.ru;1993-05-23;Пермь
crm-3365;павлов вадим дмитриевич;8-931-9319736551;USER2384.ВАДИ@MAIL.RU;17.05.1976;г. Казань
crm-2435;Воробьёв Максим Викторович;+79167051162;user1738.макс@mail.ru;1961-04-07;Самара
crm-1273;Лебедев Артём Юрьевич;+79534564765;user904.артe@mail.ru;1975-02-13;Екатеринбург
crm-2857;Зайцева Светлана Михайловна;+79778366244;user2026.свет@mail.ru;1975-09-19;Москва
crm-4022;Николаев Павел Михайлович;+79073158124;user2855.паве@mail.ru;1973-05-11;Пермь
crm-3087;Морозова Елена Андреевна;+79419463990;user2184.елен@mail.ru;1986-09-25;Самара
crm-4115;Васильева Галина Дмитриевна;+79768129180;user2924.гали@mail.ru;1975-12-16;Новосибирск
crm-4257;???;12345;;99.99.9999;
crm-375;Лебедев Владимир Сергеевич;+79093343368;user259.влад@mail.ru;1999-01-22;Волгоград
crm-2341;Петров  Фёдор  Евгеньевич;+79090425627;USER1676.ФEДО@MAIL.RU;1984-10-15;г. Красноярск
crm-145;Андреев Антон Олегович;+79196273673;user99.анто@mail.ru;1980-01-01;Москва
crm-3469;Новиков Павел Васильевич;+79851053338;user2468.паве@mail.ru;1968-07-10;Омск
crm-4290;???;12345;;99.99.9999;
crm-1985;Семёнова Екатерина Дмитриевна;+79616476388;user1414.екат@mail.ru;1984-11-16;Санкт-Петербург
crm-727;РОМАНОВ КИРИЛЛ СЕРГЕЕВИЧ;8-989-9894456896;USER519.КИРИ@MAIL.RU;19.5.1983;г. Казань
crm-3299;Лебедев Павел Петрович;+79666437546;user2346.паве@mail.ru;1987-07-05;Москва
crm-1651;Романов Тимофей Иванович;+79089578542;user1178.тимо@mail.ru;1967-04-25;Воронеж
crm-26;МИХАЙЛОВА СОФИЯ ЕВГЕНЬЕВНА;; USER17.СОФИ@MAIL.RU ;15/12/1958;Уфа г.
crm-616;Борисов Константин Александрович;+79063229295;user436.конс@mail.ru;1971-11-16;Москва
crm-2570;Светлана Алексеева;; USER1830.СВЕТ@MAIL.RU ;1963-06-14;г. Омск
crm-3879;Петров-Водкин Василий Николаевич;+79608036390;user2753.васи@mail.ru;1972-02-02;Воронеж
crm-4180;воробьёв фёдор михайлович;8 (904) 122-45-68;USER2964.ФEДО@MAIL.RU;28.11.1984;г. Воронеж
crm-1721;Римский-Корсаков Глеб Борисович;+79782464910;user1235.глеб@mail.ru;1974-02-24;Санкт-Петербург
crm-1315;МОРОЗОВА СВЕТЛАНА ЮРЬЕВНА;8-917-9170732854;USER932.СВЕТ@MAIL.RU;18.2.1956;г. Краснодар
crm-2346;Макаров Евгений Николаевич;+79516327081;user1681.евге@mail.ru;1968-03-21;Нижний Новгород
crm-3405;Михайлов Николай;79407867889; USER2416.НИКО@MAIL.RU ;1965-03-17;г. Воронеж
crm-4031;Лебедев Владимир;8-961-9616659913; USER2860.ВЛАД@MAIL.RU ;16/01/1988;г. Санкт-Петербург
crm-1213;Максим Романов;79633802990; USER862.МАКС@MAIL.RU ;22/11/1990;г. Новосибирск
crm-1536;Лебедев Станислав Владимирович;+79589256291;user1096.стан@mail.ru;1996-12-21;Воронеж
crm-3541;Кузнецова  Виктория  Ивановна;986 617 41 21;USER2517.ВИКТ@MAIL.RU;22.8.1987;г. Москва
crm-3797;Петрова Екатерина Сергеевна;+79837880674;user2696.екат@mail.ru;1969-03-14;Ростов-на-Дону
crm-1565;Григорьева Ирина Дмитриевна;+79811720720;user1120.ирин@mail.ru;1968-08-02;Екатеринбург
crm-714;Воробьёва Галина Александровна;+79799871414;user508.гали@mail.ru;1988-04-07;Санкт-Петербург
crm-1969;александров виктор сергеевич;79763400693;USER1401.ВИКТ@MAIL.RU;23.10.1969;ОМСК
crm-1141;РОМАНОВА СВЕТЛАНА ПАВЛОВНА;; USER809.СВЕТ@MAIL.RU ;01/01/1969;Уфа г.
crm-2933;Пётров Григорий Павлович;79760355354;;24.7.1990;КРАСНОЯРСК
crm-389;Захарова Ирина Владимировна;+79677399304;user272.ирин@mail.ru;1983-02-17;Краснодар
crm-73;Григорьев Сергей Викторович;+79428103245;user52.серг@mail.ru;1985-12-13;Нижний Новгород
crm-2719;Семёнов Юрий Павлович;+79391650300;user1927.юрий@mail.ru;1999-05-26;Волгоград
crm-4315;;;;99.99.9999;
crm-1054;Иванов  Денис  Борисович;8 (920) 454-13-19;;21/04/1985;ОМСК
crm-1000;Васильев Константин Борисович;+79635123848;user706.конс@mail.ru;1977-04-22;Новосибирск
crm-324;КОЗЛОВ МАКСИМ МИХАЙЛОВИЧ;933 942 35 53;USER226.МАКС@MAIL.RU;14.8.1983;САНКТ-ПЕТЕРБУРГ
crm-299;Соколова Полина Дмитриевна;+79324530004;user207.поли@mail.ru;1976-05-10;Уфа
crm-310;Петров-Водкин Артём Иванович;+79599963338;user218.артe@mail.ru;1988-06-13;Екатеринбург
crm-1345;Алексеев Виктор Борисович;+79551903310;user953.викт@mail.ru;1995-12-01;Краснодар
crm-1176;Макаров Дмитрий Владимирович;+79869356562;user833.дмит@mail.ru;1960-05-14;Пермь
crm-243;Сергеева Мария Дмитриевна;+79154487091;user169.мари@mail.ru;1997-12-17;Волгоград
crm-3266;Семёнов Александр Юрьевич;+79566428849;user2317.алек@mail.ru;1977-02-02;Волгоград
crm-4052;Макаров Павел Иванович;+79485974099;user2876.паве@mail.ru;1993-08-10;Нижний Новгород
crm-230;Валентин Романов;;USER158.ВАЛЕ@MAIL.RU;25/05/1963;г. Омск
crm-1552;Смирнова Ирина Алексеевна;+79086471663;user1110.ирин@mail.ru;1969-05-20;Воронеж
crm-3360;Соловьёв Станислав Иванович;+79704321466;user2381.стан@mail.ru;1985-04-04;Красноярск
crm-1839;Кузнецова Светлана Павловна;+79062914818;user1317.свет@mail.ru;1966-09-27;Екатеринбург
crm-1034;Михайлова Полина Игоревна;+79510193802;user729.поли@mail.ru;1962-04-01;Казань
crm-3882;Николаев Антон Павлович;+79529205785;user2756.анто@mail.ru;1998-12-21;Казань
crm-100;СТЕПАНОВ НИКИТА ПЕТРОВИЧ;8-919-9196634443;USER70.НИКИ@MAIL.RU;02/10/1973;Воронеж г.
crm-2688;СЕМЁНОВ ЛЕВ АНДРЕЕВИЧ;8-950-9503546705;USER1906.ЛЕВ@MAIL.RU;1984-08-12;САМАРА
crm-2637;Никитин Даниил Александрович;+79665216966;user1872.дани@mail.ru;1969-04-19;Нижний Новгород
crm-2588;Захаров Денис Владимирович;+79414796306;user1842.дени@mail.ru;1955-09-27;Самара
crm-3615;Романова Елена Васильевна;+79989116982;user2565.елен@mail.ru;1984-11-20;Екатеринбург
crm-639;Попов  Сергей  Васильевич;; USER454.СЕРГ@MAIL.RU ;1995-01-24;г. Красноярск
crm-1819;Воробьёв Вадим;976 974 97 81;;7.5.1992;НИЖНИЙ НОВГОРОД
crm-1701;Николаев Алексей Александрович;+79549805689;user1219.алек@mail.ru;1982-12-11;Воронеж
crm-2628;Соловьёв Павел Васильевич;+79307155123;user1866.паве@mail.ru;1959-11-10;Новосибирск
crm-1230;Захарова Галина Владимировна;+79026809129;user873.гали@mail.ru;1961-10-10;Омск
crm-48;Михайлова Ольга Николаевна;+79862544067;user30.ольг@mail.ru;1983-04-08;Пермь
crm-3324;ЛЕБЕДЕВА ТАТЬЯНА АЛЕКСАНДРОВНА;+79897451207; USER2359.ТАТЬ@MAIL.RU ;1977-03-26;Нижний Новгород г.
crm-1458;фёдоров константин владимирович;; USER1036.КОНС@MAIL.RU ;03.11.1988;г. Москва
crm-1907;Римский-Корсаков  Ксения  Олеговна;+79787343163; USER1363.КСЕН@MAIL.RU ;03/03/1965;НИЖНИЙ НОВГОРОД
crm-1480;Васильев Никита Петрович;+79610956170;user1052.ники@mail.ru;1988-08-27;Красноярск
crm-2121;Волков Владимир Александрович;+79582387458;user1514.влад@mail.ru;1998-06-11;Новосибирск
crm-3346;Николаева Светлана Ивановна;+79196306367;user2371.свет@mail.ru;1967-08-15;Краснодар
crm-828;Юлия Орлова;;USER588.ЮЛИЯ@MAIL.RU;25.8.1955;ОМСК
crm-647;Егоров Владимир Алексеевич;+79168166096;user462.влад@mail.ru;1973-08-01;Краснодар
crm-765;александров никита сергеевич;;USER545.НИКИ@MAIL.RU;27/05/1987;г. Самара
crm-423;Владимир Григорьев;8-944-9443184632; USER297.ВЛАД@MAIL.RU ;08/11/1968;Воронеж г.
crm-807;Попова Людмила;955 221 82 00;;1990-06-09;Санкт-Петербург г.
crm-1784;павлов андрей александрович;+79080280238; USER1280.АНДР@MAIL.RU ;10/10/1972;РОСТОВ-НА-ДОНУ
crm-656;Борисова Татьяна Дмитриевна;+79007198665;user468.тать@mail.ru;1992-05-28;Волгоград
crm-2617;Воробьёв Егор Андреевич;+79372453384;user1861.егор@mail.ru;1978-11-17;Екатеринбург
crm-4069;Никитин Максим Андреевич;+79101904171;user2893.макс@mail.ru;1997-05-23;Санкт-Петербург
crm-2470;Иванов Алексей Николаевич;+79826208606;user1764.алек@mail.ru;1982-04-18;Нижний Новгород
crm-3439;Сергеев Никита Александрович;+79703130127;user2444.ники@mail.ru;1969-08-06;Красноярск
crm-4181;Фёдор Воробьёв;8 (904) 122-45-68; USER2964.ФEДО@MAIL.RU ;1984-11-28;г. Воронеж
crm-41;Илья Петров;; USER23.ИЛЬЯ@MAIL.RU ;01/05/1989;г. Ростов-на-Дону
crm-850;КУЗНЕЦОВ ПАВЕЛ ЕВГЕНЬЕВИЧ;+79604055035;USER606.ПАВЕ@MAIL.RU;04.08.1999;г. Казань
crm-483;ВОРОБЬЁВ ЯРОСЛАВ НИКОЛАЕВИЧ;8 (959) 729-59-44;USER342.ЯРОС@MAIL.RU;1988-10-23;Нижний Новгород г.
crm-1390;Смирнов Михаил Олегович;+79650696563;user990.миха@mail.ru;1966-09-18;Уфа
crm-3494;Яковлев Денис Владимирович;+79838589290;user2484.дени@mail.ru;1994-08-03;Нижний Новгород
crm-3053;Кузнецов Андрей Андреевич;+79043221158;user2155.андр@mail.ru;1996-03-03;Омск
crm-904;Лебедев Павел Андреевич;+79157828829;user640.паве@mail.ru;1997-01-08;Пермь
crm-1103;Соловьёв Даниил Евгеньевич;+79499137708;user778.дани@mail.ru;1965-05-26;Санкт-Петербург
crm-2246;Иванов Станислав Борисович;+79933370983;user1608.стан@mail.ru;1964-04-19;Москва
crm-2624;Петров Фёдор Петрович;+79392416606;user1864.фeдо@mail.ru;1969-02-26;Красноярск
crm-1181;Воробьёв Василий Олегович;+79482570269;user838.васи@mail.ru;1955-03-23;Казань
crm-3027;Морозов Станислав Васильевич;+79047081943;user2136.стан@mail.ru;1983-09-23;Нижний Новгород
crm-1429;Екатерина Фролова;8 (907) 878-79-24; USER1020.ЕКАТ@MAIL.RU ;17/04/1975;г. Пермь
crm-2155;Яковлев Даниил Андреевич;+79331881260;user1542.дани@mail.ru;1967-11-28;Ростов-на-Дону
crm-652;Смирнов Виктор Юрьевич;+79726557787;user464.викт@mail.ru;1956-04-11;Краснодар
crm-3539;Захаров Глеб Павлович;+79818838063;user2516.глеб@mail.ru;1969-01-04;Москва
crm-3604;Волков Кирилл Викторович;+79761324600;user2558.кири@mail.ru;1963-11-16;Воронеж
crm-497;Васильев Игорь;906 590 58 44; USER352.ИГОР@MAIL.RU ;2.6.1999;г. Воронеж
crm-4213;Фролов Владимир Владимирович;+79693190072;user2990.влад@mail.ru;1961-01-09;Новосибирск
crm-2843;Семёнов Никита Николаевич;+79555617959;user2020.ники@mail.ru;1969-10-01;Самара
crm-1990;Фёдоров Глеб Викторович;+79531774147;user1417.глеб@mail.ru;1993-07-14;Нижний Новгород
crm-846;Романов Евгений Петрович;+79613064592;user605.евге@mail.ru;1956-02-27;Воронеж
crm-713;Артём Сергеев;8-931-9313949792;;6.7.1976;г. Пермь
crm-3700;ФРОЛОВ ГРИГОРИЙ ВАСИЛЬЕВИЧ;8-995-9951477939;USER2626.ГРИГ@MAIL.RU;15.4.1994;г. Новосибирск
crm-2317;Римский-Корсаков Денис Борисович;+79012163226;user1659.дени@mail.ru;1966-04-04;Уфа
crm-1921;егоров николай петрович;940 745 02 44;USER1370.НИКО@MAIL.RU;1983-10-15;г. Волгоград
crm-3811;МОРОЗОВ ИВАН ИВАНОВИЧ;;USER2705.ИВАН@MAIL.RU;10.3.1970;г. Новосибирск
crm-3617;Тимофей Алексеев;8 (941) 039-84-21; USER2566.ТИМО@MAIL.RU ;10/12/1961;Уфа г.
crm-2535;Степанова Дарья Юрьевна;+79820991112;user1809.дарь@mail.ru;1955-03-07;Екатеринбург
crm-3672;волков кирилл александрович;79323313752;;1992-10-01;г. Москва
crm-2601;Макаров Лев Викторович;+79333024675;user1853.лев@mail.ru;1983-05-22;Ростов-на-Дону
crm-3331;Соколов Егор Игоревич;+79606475515;user2366.егор@mail.ru;1980-02-18;Нижний Новгород
crm-2414;Васильев Игорь Дмитриевич;+79670148380;user1721.игор@mail.ru;1991-02-16;Казань
crm-1274;Соловьёв Максим Дмитриевич;+79269242394;user905.макс@mail.ru;1962-10-28;Воронеж
crm-554;ЕГОРОВ МИХАИЛ ПАВЛОВИЧ;8-921-9213588924;;12.4.1985;г. Москва
crm-4128;Захарова Людмила Сергеевна;+79684458364;user2930.людм@mail.ru;1979-06-16;Новосибирск
crm-4002;НОВИКОВ ВЛАДИМИР АЛЕКСЕЕВИЧ;+79970441041;;21.01.1994;г. Красноярск
crm-690;Морозов Владимир Пётрович;79940946501; USER492.ВЛАД@MAIL.RU ;02.10.1981;г. Уфа
crm-3156;Сергеев Станислав;79322176211;;1963-08-03;Ростов-на-Дону г.
crm-1395;Павлова Галина Сергеевна;+79834393802;user995.гали@mail.ru;1984-11-20;Краснодар
crm-2011;Воробьёв Лев Васильевич;+79666154499;user1433.лев@mail.ru;1975-07-02;Санкт-Петербург
crm-9;ПАВЛОВ ЯРОСЛАВ АЛЕКСАНДРОВИЧ;8-959-9592720829; USER8.ЯРОС@MAIL.RU ;13.9.1966;г. Москва
crm-1931;Евгений Иванов;8 (959) 327-02-38;USER1376.ЕВГЕ@MAIL.RU;07.12.1986;САНКТ-ПЕТЕРБУРГ
crm-794;Петров-Водкин Антон Юрьевич;+79143654549;user564.анто@mail.ru;1968-02-27;Новосибирск
crm-3995;Римский-Корсаков Даниил Сергеевич;+79177267433;user2839.дани@mail.ru;1983-02-23;Самара
crm-1396;Морозов Егор Евгеньевич;+79175962276;user996.егор@mail.ru;1996-01-14;Красноярск
crm-1090;Яковлев Иван Сергеевич;+79269996284;user766.иван@mail.ru;1959-01-26;Самара
crm-577;Попова Ксения Игоревна;+79983496518;user408.ксен@mail.ru;1978-12-10;Красноярск
crm-486;Павел Смирнов;979 661 92 40; USER344.ПАВЕ@MAIL.RU ;20.01.1958;г. Казань
crm-2718;Михайлов Михаил Евгеньевич;+79489749335;user1926.миха@mail.ru;1988-08-26;Екатеринбург
crm-362;Виктория Никитина;8 (942) 373-22-69;USER251.ВИКТ@MAIL.RU;02/09/1991;МОСКВА
crm-1466;Фёдоров Станислав Алексеевич;+79939170190;user1041.стан@mail.ru;1980-02-22;Новосибирск
crm-3596;Николаёв Ёвгёний Иванович;8-999-9999707891;;20.7.1996;г. Пермь
crm-547;Соколова Наталья;+79877555287; USER386.НАТА@MAIL.RU ;1964-05-23;г. Волгоград
crm-4291;???;12345;;99.99.9999;
crm-3256;романова екатерина ивановна;79123801667;USER2311.ЕКАТ@MAIL.RU;1998-11-08;г. Красноярск
crm-1959;Романова Юлия;; USER1395.ЮЛИЯ@MAIL.RU ;7.1.1964;ОМСК
crm-2337;Сергеев Григорий Михайлович;+79125655385;user1675.григ@mail.ru;1963-03-26;Воронеж
crm-4162;Макаров Павел Александрович;+79104683900;user2953.паве@mail.ru;1960-05-26;Волгоград
crm-3249;Соколов Дмитрий;;USER2306.ДМИТ@MAIL.RU;16.6.1961;Самара г.
crm-2175;Николаев Михаил Николаевич;+79131528671;user1558.миха@mail.ru;1983-03-28;Красноярск
crm-4085;Васильева Юлия Михайловна;+79323839665;user2903.юлия@mail.ru;1967-10-05;Пермь
crm-136;Смирнов Лев Олегович;+79758706334;user94.лев@mail.ru;1963-03-16;Волгоград
crm-282;Павлов Антон Игоревич;+79780135906;user193.анто@mail.ru;1982-04-24;Омск
crm-925;ЗАЙЦЕВА ЮЛИЯ ИГОРЕВНА;79406924692; USER654.ЮЛИЯ@MAIL.RU ;24/07/1959;Санкт-Петербург г.
crm-2808;НОВИКОВ ЮРИЙ СЕРГЕЕВИЧ;79219993582;USER1993.ЮРИЙ@MAIL.RU;01.07.1957;г. Нижний Новгород
crm-2652;БОРИСОВ ФЁДОР ПАВЛОВИЧ;8 (901) 133-80-91;;07/04/1982;г. Нижний Новгород
crm-2145;Соловьёв Григорий Александрович;+79589127005;user1534.григ@mail.ru;1955-08-19;Уфа
crm-1247;Зайцев Игорь Олегович;+79449572721;user887.игор@mail.ru;1961-07-16;Казань
crm-1853;Зайцев Борис Алексеевич;+79818142241;user1326.бори@mail.ru;1980-07-08;Пермь
crm-3265;Фролов Илья Николаевич;+79875317144;user2316.илья@mail.ru;1985-10-16;Уфа
crm-2026;Андреев Иван Павлович;+79590462853;user1448.иван@mail.ru;1990-02-28;Пермь
crm-3723;ПОПОВА ИРИНА ОЛЕГОВНА;+79420347312; USER2643.ИРИН@MAIL.RU ;8.2.1995;КРАСНОЯРСК
crm-2557;Захарова Ирина Павловна;+79333785514;user1824.ирин@mail.ru;1962-12-02;Воронеж
crm-3061;Яковлева София Борисовна;+79648548845;user2163.софи@mail.ru;1976-08-27;Нижний Новгород
crm-3347;Николаева Светлана;79196306367; USER2371.СВЕТ@MAIL.RU ;15.08.1967;Краснодар г.
crm-3595;НИКОЛАЕВ ЕВГЕНИЙ ИВАНОВИЧ;+79999707891; USER2550.ЕВГЕ@MAIL.RU ;20.07.1996;г. Пермь
crm-552;Соловьёв Игорь Андреевич;+79658463528;user390.игор@mail.ru;1963-04-16;Новосибирск
crm-2980;Михайлов Павел Викторович;+79470968384;user2104.паве@mail.ru;1989-03-22;Казань
crm-1329;Васильева Ирина Андреевна;+79805613251;user939.ирин@mail.ru;1974-10-09;Москва
crm-1570;Римский-Корсаков Виктор Иванович;+79859130451;user1125.викт@mail.ru;1970-03-01;Краснодар
crm-3894;Михайлов Андрей Викторович;+79753047544;user2766.андр@mail.ru;1978-06-25;Самара
crm-859;Евгений Орлов;8 (955) 813-28-37;;23.3.1991;г. Воронеж
crm-3194;ГРИГОРЬЕВ ЯРОСЛАВ ИГОРЕВИЧ;+79235830523; USER2270.ЯРОС@MAIL.RU ;12.7.1956;г. Омск
crm-959;НИКИТИН АЛЕКСАНДР АЛЕКСАНДРОВИЧ;; USER678.АЛЕК@MAIL.RU ;23.10.1999;Екатеринбург г.
crm-2223;Волкова Екатерина Васильевна;+79172764950;user1595.екат@mail.ru;1984-02-18;Нижний Новгород
crm-4088;Петрова Светлана Михайловна;+79536351455;user2904.свет@mail.ru;1959-12-28;Воронеж
crm-3247;морозов даниил сергеевич;8 (920) 134-37-77; USER2305.ДАНИ@MAIL.RU ;1975-06-06;КРАСНОДАР
crm-3534;Зайцев Лев Александрович;+79835128093;user2511.лев@mail.ru;1990-03-01;Екатеринбург
crm-39;Петров Илья Андреевич;+79446447208;user23.илья@mail.ru;1989-05-01;Ростов-на-Дону
crm-1796;Виктор Захаров;934 535 23 91;USER1286.ВИКТ@MAIL.RU;1982-01-22;г. Омск
crm-1362;Николаева Юлия Борисовна;+79620676702;user966.юлия@mail.ru;1980-02-26;Красноярск
crm-683;Романова Мария Михайловна;+79857741824;user488.мари@mail.ru;1991-08-18;Омск
crm-2992;Орлов Дмитрий Николаевич;+79204742710;user2113.дмит@mail.ru;1983-05-02;Волгоград
crm-883;Сергеев Сергей Павлович;+79945109830;user625.серг@mail.ru;1995-04-06;Новосибирск
crm-2202;Макаров Виктор Евгеньевич;+79764247539;user1579.викт@mail.ru;1989-10-02;Уфа
crm-731;васильева ксения евгеньевна;8-986-9864319896;USER520.КСЕН@MAIL.RU;7.7.1978;г. Нижний Новгород
crm-452;Степанов Дмитрий Иванович;+79172631914;user319.дмит@mail.ru;1993-09-18;Уфа
crm-2886;Васильева Мария Васильевна;+79848712658;user2045.мари@mail.ru;1974-10-28;Красноярск
crm-3033;Новикова Виктория Олеговна;+79484396678;user2140.викт@mail.ru;1955-03-08;Москва
crm-1838;Романова Татьяна Дмитриевна;+79703892293;user1316.тать@mail.ru;1976-02-08;Пермь
crm-1906;Римский-Корсаков Ксения Олеговна;+79787343163;user1363.ксен@mail.ru;1965-03-03;Нижний Новгород
crm-2194;Борисова Татьяна Борисовна;+79986793402;user1573.тать@mail.ru;1964-10-23;Ростов-на-Дону
crm-65;Семёнов Ярослав Петрович;+79298554215;user44.ярос@mail.ru;1990-12-07;Пермь
crm-1042;Андреев Станислав;+79307388391; USER731.СТАН@MAIL.RU ;16.8.1989;г. Казань
crm-1250;Зайцев  Игорь  Олегович;; USER887.ИГОР@MAIL.RU ;16/07/1961;Казань г.
crm-740;Иванов Николай Михайлович;+79277951657;user528.нико@mail.ru;1998-07-24;Новосибирск
crm-931;Зайцева Людмила Владимировна;+79789029005;user659.людм@mail.ru;1986-04-18;Москва
crm-668;РИМСКИЙ-КОРСАКОВ КИРИЛЛ ИВАНОВИЧ;+79384308069;USER478.КИРИ@MAIL.RU;1993-01-06;МОСКВА
crm-2908;Захаров Константин Петрович;+79669886005;user2058.конс@mail.ru;1961-04-25;Самара
crm-1190;Кузнецова Юлия Петровна;+79500595185;user845.юлия@mail.ru;1962-04-15;Пермь
crm-1511;Морозов Лев Олегович;+79465564521;user1078.лев@mail.ru;1972-07-06;Волгоград
crm-1632;Романова Вера Васильевна;+79095185375;user1165.вера@mail.ru;1997-06-04;Уфа
crm-1235;Воробьёв Вадим Алексеевич;+79921435077;user877.вади@mail.ru;1960-08-08;Новосибирск
crm-364;НИКИТИНА ВИКТОРИЯ ОЛЕГОВНА;942 373 22 69;USER251.ВИКТ@MAIL.RU;02.09.1991;Москва г.
crm-809;Борисова Екатерина Петровна;+79256818726;user576.екат@mail.ru;1967-01-24;Омск
crm-957;Волков Андрей Олегович;+79523958692;user677.андр@mail.ru;1981-09-05;Екатеринбург
crm-1311;Николаев Илья Васильевич;+79026362937;user930.илья@mail.ru;1972-12-24;Омск
crm-2313;Иванова Анна Евгеньевна;+79360016293;user1655.анна@mail.ru;1983-10-12;Нижний Новгород
crm-1123;Кузнецов Борис Борисович;+79259341265;user795.бори@mail.ru;1955-08-12;Самара
crm-2930;Фёдор Римский-Корсаков;79445701089;;03/01/1986;г. Воронеж
crm-934;Соловьёва Юлия Игоревна;+79214386709;user662.юлия@mail.ru;1958-09-12;Ростов-на-Дону
crm-4012;Михайлов Антон Евгеньевич;+79154446436;user2849.анто@mail.ru;1972-08-05;Воронеж
crm-3055;Римский-Корсаков Артём Петрович;+79296303249;user2157.артe@mail.ru;1977-07-23;Красноярск
crm-1379;Соколова Полина Андреевна;+79031763086;user982.поли@mail.ru;1962-01-15;Санкт-Петербург
crm-947;РОМАНОВ ЛЕВ МИХАЙЛОВИЧ;+79589412922;USER670.ЛЕВ@MAIL.RU;09.01.1979;Санкт-Петербург г.
crm-3048;Сергеев Константин Михайлович;+79992369223;user2152.конс@mail.ru;1967-06-24;Москва
crm-3911;Михайлов Дмитрий Андреевич;+79416784985;user2779.дмит@mail.ru;1973-08-02;Санкт-Петербург
crm-926;Зайцёва Юлия Игорёвна;79406924692;;24.07.1959;г. Санкт-Петербург
crm-984;Николаева Мария;79631907628;USER691.МАРИ@MAIL.RU;1994-06-06;г. Воронеж
crm-4141;Вадим Иванов;; USER2938.ВАДИ@MAIL.RU ;12.07.1995;г. Красноярск
crm-1405;Алексеев Тимофей Олегович;+79671031537;user1005.тимо@mail.ru;1987-02-13;Красноярск
crm-1258;Иванова Анна Викторовна;+79870443398;user894.анна@mail.ru;1963-11-12;Казань
crm-1467;Фролова Ирина Дмитриевна;+79589133307;user1042.ирин@mail.ru;1972-09-02;Ростов-на-Дону
crm-2981;Смирнов Станислав Петрович;+79303003652;user2105.стан@mail.ru;1987-06-05;Уфа
crm-1640;Смирнов Игорь Сёргёёвич;8-949-9493058698;;5.1.1979;Ростов-на-Дону г.
crm-382;Попов Дмитрий Дмитриевич;+79271233445;user266.дмит@mail.ru;1987-06-11;Красноярск
crm-4252;???;;not-an-email;99.99.9999;
crm-660;Григорьев Денис Викторович;+79681376039;user472.дени@mail.ru;1983-10-17;Москва
crm-2710;Орлов Артём Борисович;+79158020543;user1921.артe@mail.ru;1965-04-07;Ростов-на-Дону
crm-3586;Захарова Мария Олеговна;+79954067233;user2545.мари@mail.ru;1983-11-23;Краснодар
crm-2918;Морозов Василий Петрович;+79079406345;user2068.васи@mail.ru;1974-09-15;Краснодар
crm-4292;???;12345;;99.99.9999;
crm-2232;Игорь Захаров;920 850 50 67; USER1599.ИГОР@MAIL.RU ;1984-05-09;РОСТОВ-НА-ДОНУ
crm-1903;Морозов Виктор Евгеньевич;+79300478948;user1360.викт@mail.ru;1956-09-05;Уфа
crm-1591;яковлев василий александрович;79596968160; USER1136.ВАСИ@MAIL.RU ;08.10.1975;САНКТ-ПЕТЕРБУРГ
crm-306;Лебедев Антон Васильевич;+79952907370;user214.анто@mail.ru;1982-09-26;Омск
crm-4026;Смирнов Кирилл Игоревич;+79123482960;user2857.кири@mail.ru;1996-05-25;Казань
crm-743;Андреева Вера;8 (998) 735-78-64; USER530.ВЕРА@MAIL.RU ;1997-10-12;Ростов-на-Дону г.
crm-1348;СОЛОВЬЁВ ФЁДОР ВАСИЛЬЕВИЧ;+79347509494; USER954.ФEДО@MAIL.RU ;1972-12-18;г. Уфа
crm-764;Александров Никита Сергеевич;+79951304935;user545.ники@mail.ru;1987-05-27;Самара
crm-3973;Смирнов Николай Евгеньевич;+79996517170;user2824.нико@mail.ru;1962-01-18;Санкт-Петербург
crm-2900;Захаров Павел Олегович;+79417323171;user2055.паве@mail.ru;1967-11-08;Ростов-на-Дону
crm-1240;Смирнов Даниил Павлович;+79201983388;user882.дани@mail.ru;1973-06-28;Казань
crm-4146;Александров Глеб Дмитриевич;+79200377262;user2941.глеб@mail.ru;1980-01-26;Москва
crm-2277;петров-водкин елена павловна;8 (986) 110-17-89;USER1631.ЕЛЕН@MAIL.RU;15.07.1980;г. Самара
crm-156;Сергеев Виктор Петрович;+79664561792;user107.викт@mail.ru;1957-08-21;Ростов-на-Дону
crm-2580;София Фролова;79074187000;USER1835.СОФИ@MAIL.RU;1959-07-28;Уфа г.
crm-4137;Соколова Ирина Андреевна;+79347745553;user2936.ирин@mail.ru;1963-09-22;Воронеж
crm-891;Макарова Людмила Викторовна;+79204629562;user631.людм@mail.ru;1976-01-08;Волгоград
crm-1703;Сергеева Светлана Павловна;+79245319207;user1221.свет@mail.ru;1961-10-17;Пермь
crm-2037;Попова Виктория Петровна;+79839903031;user1456.викт@mail.ru;1984-10-11;Казань
crm-2447;Егор Александров;+79097899384;USER1747.ЕГОР@MAIL.RU;8.2.1971;Красноярск г.
crm-646;Кузнецов Евгений Викторович;+79738246261;user461.евге@mail.ru;1965-07-16;Самара
crm-960;никитин александр александрович;; USER678.АЛЕК@MAIL.RU ;23.10.1999;Екатеринбург г.
crm-2761;Волкова Татьяна Сергеевна;+79092912292;user1956.тать@mail.ru;1975-09-21;Пермь
crm-2823;Алексеев Андрей Алексеевич;+79771828371;user2002.андр@mail.ru;1957-10-15;Ростов-на-Дону
crm-2614;Кузнецов Игорь Николаевич;+79104425538;user1860.игор@mail.ru;1995-05-03;Новосибирск
crm-4143;Козлов Роман Сергеевич;+79027661222;user2940.рома@mail.ru;1972-01-18;Самара
crm-870;ВОЛКОВ ТИМОФЕЙ ПАВЛОВИЧ;8 (981) 860-94-02;USER619.ТИМО@MAIL.RU;28/02/1990;Воронеж г.
crm-3454;Яковлёв Сёргёй Сёргёёвич;; USER2456.СЕРГ@MAIL.RU ;24.07.1985;Ростов-на-Дону г.
crm-525;Александрова Дарья Викторовна;+79227952222;user370.дарь@mail.ru;1995-10-07;Москва
crm-592;Морозов Илья Евгеньевич;+79255492398;user419.илья@mail.ru;1966-12-10;Краснодар
crm-4194;Алексеев Глеб Михайлович;+79010958871;user2973.глеб@mail.ru;1990-03-23;Омск
crm-1572;Семёнов Михаил Игоревич;+79029256740;user1127.миха@mail.ru;1979-07-09;Омск
crm-2587;Петров Роман Дмитриевич;+79261985059;user1841.рома@mail.ru;1959-07-14;Волгоград
crm-3960;Александрова София Ивановна;+79499434374;user2814.софи@mail.ru;1961-09-25;Ростов-на-Дону
crm-2108;Воробьёв Ярослав Николаевич;+79042489657;user1508.ярос@mail.ru;1989-11-26;Екатеринбург
crm-1372;Соколова Людмила Дмитриевна;+79577268975;user975.людм@mail.ru;1996-10-09;Омск
crm-2066;Зайцев Евгений Сергеевич;+79888509675;user1479.евге@mail.ru;1992-06-14;Красноярск
crm-2916;Андреева Дарья Юрьевна;+79895966271;user2066.дарь@mail.ru;1962-02-12;Уфа
crm-679;Воробьёва Людмила Юрьевна;+79379055545;user486.людм@mail.ru;1960-09-02;Новосибирск
crm-3476;Зайцева Елена;+79102465374;USER2472.ЕЛЕН@MAIL.RU;1965-02-13;г. Красноярск
crm-4021;Смирнова Светлана;970 032 03 94;;1981-05-16;г. Омск
crm-3895;Воробьёв Артём Павлович;+79561635052;user2767.артe@mail.ru;1994-07-12;Воронеж
crm-2752;ЗАХАРОВ ИГОРЬ МИХАЙЛОВИЧ;79725790774;;14.10.1967;Краснодар г.
crm-4199;Морозова Ирина Васильевна;+79393203830;user2978.ирин@mail.ru;1996-11-01;Пермь
crm-3754;Николаева Елена Васильевна;+79167262331;user2666.елен@mail.ru;1999-07-03;Красноярск
crm-2864;Орлов Василий Николаевич;+79110820322;user2030.васи@mail.ru;1986-01-04;Новосибирск
crm-1833;Захаров Олёг Алёксандрович;+79415521019;USER1312.ОЛЕГ@MAIL.RU;2.5.1977;Уфа г.
crm-4139;Иванов Вадим Юрьевич;+79265640940;user2938.вади@mail.ru;1995-07-12;Красноярск
crm-2951;Козлова София Игоревна;+79047708459;user2086.софи@mail.ru;1961-09-02;Омск
crm-670;Андреева Ольга Игоревна;+79917383772;user480.ольг@mail.ru;1984-08-12;Воронеж
crm-2038;Попова Виктория;8 (983) 990-30-31;USER1456.ВИКТ@MAIL.RU;11/10/1984;КАЗАНЬ
crm-2440;Зайцева Наталья Алексеевна;+79423944126;user1741.ната@mail.ru;1960-06-28;Самара
crm-597;Козлов Валентин;8 (902) 686-83-45; USER423.ВАЛЕ@MAIL.RU ;08/06/1980;САНКТ-ПЕТЕРБУРГ
crm-1341;Николаева Мария Дмитриевна;+79396644816;user949.мари@mail.ru;1956-10-19;Санкт-Петербург
crm-3118;Романов Александр Александрович;+79984668585;user2212.алек@mail.ru;1963-02-01;Красноярск
crm-3352;Соловьёв Владимир Олёгович;;USER2373.ВЛАД@MAIL.RU;4.7.1987;ВОРОНЕЖ
crm-466;Зайцев Константин Васильевич;+79493084307;user331.конс@mail.ru;1997-03-18;Екатеринбург
crm-730;Васильева  Ксения  Евгеньевна;986 431 98 96;USER520.КСЕН@MAIL.RU;7.7.1978;НИЖНИЙ НОВГОРОД
crm-2549;Смирнов Никита Иванович;+79107360963;user1817.ники@mail.ru;1998-12-17;Москва
crm-4027;Степанов Иван Юрьевич;+79677197448;user2858.иван@mail.ru;1975-10-05;Казань
crm-1421;Петров-Водкин Елена Николаевна;+79998469811;user1016.елен@mail.ru;1997-04-19;Уфа
crm-1790;Соколов Дмитрий Викторович;910 472 42 29;;01/02/1996;г. Казань
crm-2990;Зайцев Игорь Павлович;+79379977674;user2111.игор@mail.ru;1996-03-22;Нижний Новгород
crm-105;Сергеев Дмитрий;79735743735; USER72.ДМИТ@MAIL.RU ;14/06/1963;г. Волгоград
crm-2444;Зайцев Тимофей Михайлович;+79496257192;user1745.тимо@mail.ru;1987-10-28;Пермь
crm-443;Козлова Мария Борисовна;+79916239954;user311.мари@mail.ru;1968-09-10;Самара
crm-81;Лебедев Михаил Павлович;+79316300856;user58.миха@mail.ru;1981-04-21;Пермь
crm-3619;Тимофей Алексеев;8 (941) 039-84-21; USER2566.ТИМО@MAIL.RU ;10/12/1961;Уфа г.
crm-1043;Макарова Ольга Александровна;+79996796781;user732.ольг@mail.ru;1955-11-22;Пермь
crm-1542;Александров Фёдор Викторович;+79440486644;user1101.фeдо@mail.ru;1981-11-06;Санкт-Петербург
crm-337;Павел Сергеев;+79535864913; USER232.ПАВЕ@MAIL.RU ;21.02.1986;САНКТ-ПЕТЕРБУРГ
crm-1045;Захаров Николай Иванович;+79504052716;user734.нико@mail.ru;1981-02-04;Екатеринбург
crm-3668;Степанов Даниил;8 (916) 842-83-81;;12.5.1990;г. Москва
crm-3046;Николаев Николай Борисович;+79363058553;user2150.нико@mail.ru;1989-03-04;Самара
crm-1764;Петрова Анна;8 (935) 021-26-78; USER1270.АННА@MAIL.RU ;18.10.1981;Нижний Новгород г.
crm-83;Орлова Дарья Дмитриевна;+79374238855;user60.дарь@mail.ru;1982-02-21;Омск
crm-3829;Петрова Валентина Борисовна;+79936216804;user2719.вале@mail.ru;1962-03-11;Краснодар
crm-2133;Степанов Егор Владимирович;+79288945171;user1523.егор@mail.ru;1961-07-12;Пермь
crm-3816;Григорьев Игорь Александрович;+79758605075;user2709.игор@mail.ru;1986-11-25;Краснодар
crm-2801;Алексеев Роман Алексеевич;+79449222551;user1987.рома@mail.ru;1961-08-21;Волгоград
crm-3929;Стёпанов Кирилл Дмитриёвич;; USER2786.КИРИ@MAIL.RU ;14/04/1972;г. Екатеринбург
crm-2104;Фёдоров  Фёдор  Андреевич;949 128 13 42;;1.10.1996;Казань г.
crm-1224;РОМАНОВ НИКИТА ИГОРЕВИЧ;8-974-9747917141; USER869.НИКИ@MAIL.RU ;21.2.1966;Самара г.
crm-2101;Николаева Ирина Васильевна;+79630112674;user1504.ирин@mail.ru;1996-12-01;Москва
crm-3952;Алексеев Валентин Иванович;+79168023783;user2809.вале@mail.ru;1980-11-08;Ростов-на-Дону
crm-1220;Попов Борис Николаёвич;; USER868.БОРИ@MAIL.RU ;1963-03-14;МОСКВА
crm-875;Борисов Игорь Александрович;+79779673067;user621.игор@mail.ru;1988-04-12;Уфа
crm-4145;Козлов  Роман  Сергеевич;902 766 12 22;USER2940.РОМА@MAIL.RU;18.01.1972;г. Самара
crm-536;Ирина Михайлова;;USER377.ИРИН@MAIL.RU;1979-10-04;г. Самара
crm-2226;Морозов Кирилл Евгеньевич;+79821983871;user1597.кири@mail.ru;1997-04-05;Волгоград
crm-2928;РИМСКИЙ-КОРСАКОВ ФЁДОР ПАВЛОВИЧ;; USER2072.ФEДО@MAIL.RU ;03.01.1986;Воронеж г.
crm-268;ПЕТРОВ-ВОДКИН ВАДИМ ВЛАДИМИРОВИЧ;960 691 09 61; USER186.ВАДИ@MAIL.RU ;1969-11-01;МОСКВА
crm-2472;Фролов Юрий Владимирович;+79160434146;user1766.юрий@mail.ru;1994-07-25;Краснодар
crm-520;ПЕТРОВА ЛЮДМИЛА АЛЕКСАНДРОВНА;8-985-9851712963; USER367.ЛЮДМ@MAIL.RU ;03.10.1955;КАЗАНЬ
crm-3807;Воробьёв Илья Олегович;+79919988025;user2702.илья@mail.ru;1980-12-25;Волгоград
crm-2500;Кузнецов Станислав Олегович;+79873712424;user1783.стан@mail.ru;1958-11-10;Омск
crm-2561;АНДРЕЕВ АНДРЕЙ ВАСИЛЬЕВИЧ;+79759087256;USER1827.АНДР@MAIL.RU;04.09.1981;Ростов-на-Дону г.
crm-394;Семёнова Галина Михайловна;+79625082369;user277.гали@mail.ru;1968-07-27;Самара
crm-134;Лебедев Максим Олегович;+79153401542;user92.макс@mail.ru;1963-03-26;Краснодар
crm-409;Римский-Корсаков Светлана Олеговна;+79367676764;user289.свет@mail.ru;1999-12-05;Казань
crm-3130;Михайлов Егор Михайлович;+79404609148;user2219.егор@mail.ru;1987-06-28;Краснодар
crm-3270;Смирнов Михаил Викторович;+79169972984;user2321.миха@mail.ru;1959-12-12;Краснодар
crm-1590;Василий Яковлев;; USER1136.ВАСИ@MAIL.RU ;1975-10-08;г. Санкт-Петербург
crm-4130;КОЗЛОВА ПОЛИНА ПАВЛОВНА;79355919512; USER2931.ПОЛИ@MAIL.RU ;20.4.1956;г. Новосибирск
crm-681;Воробьёва Юлия Юрьёвна;; USER487.ЮЛИЯ@MAIL.RU ;1958-10-17;УФА
crm-125;Павлов  Егор  Владимирович;79131569730; USER86.ЕГОР@MAIL.RU ;07/01/1986;Нижний Новгород г.
crm-2705;Галина Лебедева;; USER1918.ГАЛИ@MAIL.RU ;19.12.1955;Пермь г.
crm-1136;Борис Петров;8-987-9876771985;;14.04.1955;г. Самара
crm-529;Волкова Екатерина Ивановна;+79573406589;user373.екат@mail.ru;1991-08-24;Омск
crm-1743;Новиков  Юрий  Игоревич;;USER1254.ЮРИЙ@MAIL.RU;13.02.1955;САНКТ-ПЕТЕРБУРГ
crm-79;Соловьёв Михаил Николаевич;+79045640942;user56.миха@mail.ru;1987-12-15;Краснодар
crm-3813;Александров Александр Сергеевич;+79212510696;user2706.алек@mail.ru;1979-01-23;Воронеж
crm-2661;Александрова Екатерина Викторовна;+79063801490;user1890.екат@mail.ru;1973-07-08;Самара
crm-2640;соловьёв виктор олегович;;USER1873.ВИКТ@MAIL.RU;08.12.1999;г. Нижний Новгород
crm-2520;Никитин Сергей Андреевич;+79329849881;user1799.серг@mail.ru;1970-10-07;Екатеринбург
crm-1129;Кузнецова Наталья Владимировна;+79410529657;user801.ната@mail.ru;1981-12-11;Красноярск
crm-369;Николаев Вадим Андреевич;+79556713359;user256.вади@mail.ru;1973-07-27;Москва
crm-2027;Попов Денис Павлович;+79529480897;user1449.дени@mail.ru;1995-08-23;Красноярск
crm-2282;Семёнов Константин Павлович;+79047520600;user1636.конс@mail.ru;1956-12-07;Нижний Новгород
crm-275;ФЁДОРОВ АЛЕКСЕЙ АЛЕКСАНДРОВИЧ;; USER188.АЛЕК@MAIL.RU ;14.6.1981;г. Екатеринбург
crm-3497;НИКИТИН ИЛЬЯ ВЛАДИМИРОВИЧ;953 953 77 85; USER2485.ИЛЬЯ@MAIL.RU ;18/10/1957;г. Екатеринбург
crm-546;Соколова Наталья Евгеньевна;+79877555287;user386.ната@mail.ru;1964-05-23;Волгоград
crm-350;павлов борис николаевич;8-958-9584230225; USER243.БОРИ@MAIL.RU ;1999-11-28;г. Новосибирск
crm-150;Козлов Григорий Александрович;+79715603673;user104.григ@mail.ru;1971-04-02;Москва
crm-3175;Воробьёв Лев Владимирович;+79806434237;user2254.лев@mail.ru;1996-04-04;Пермь
crm-2352;СОЛОВЬЁВ ОЛЕГ ДМИТРИЕВИЧ;; USER1684.ОЛЕГ@MAIL.RU ;15/06/1966;Краснодар г.
crm-3292;Фролов Николай Олегович;+79946004960;user2342.нико@mail.ru;1996-02-09;Нижний Новгород
crm-814;Павлов Валентин Юрьевич;+79052287996;user579.вале@mail.ru;1966-01-18;Екатеринбург
crm-1641;Смирнов  Игорь  Сергеевич;8-949-9493058698; USER1172.ИГОР@MAIL.RU ;5.1.1979;Ростов-на-Дону г.
crm-1486;Андреев Евгений Андреевич;+79645282323;user1058.евге@mail.ru;1981-01-06;Омск
crm-1769;Соловьёв Владимир Евгеньевич;+79473422513;user1274.влад@mail.ru;1982-12-16;Санкт-Петербург
crm-2763;Макарова Юлия Алексеевна;+79713982035;user1958.юлия@mail.ru;1984-03-02;Уфа
crm-1962;Соколов Павёл Павлович;+79604186242; USER1396.ПАВЕ@MAIL.RU ;09/11/1966;РОСТОВ-НА-ДОНУ
crm-2603;Макаров  Лев  Викторович;8-933-9333024675;USER1853.ЛЕВ@MAIL.RU;22/05/1983;РОСТОВ-НА-ДОНУ
crm-3770;Петров Тимофей Павлович;+79212343364;user2680.тимо@mail.ru;1977-04-09;Москва
crm-1663;Лебедева Юлия Юрьевна;+79537758392;user1189.юлия@mail.ru;1989-01-07;Омск
crm-1284;Сергеев  Никита  Евгеньевич;;USER910.НИКИ@MAIL.RU;22.06.1962;г. Пермь
crm-20;Римский-Корсаков Ярослав Александрович;+79168288133;user16.ярос@mail.ru;1962-09-09;Новосибирск
crm-80;Степанов Тимофей Игоревич;+79870845196;user57.тимо@mail.ru;1967-12-25;Уфа
crm-1957;Романова Юлия Петровна;+79984964706;user1395.юлия@mail.ru;1964-01-07;Омск
crm-2960;Никитина Ксения Сергеевна;+79504162075;user2092.ксен@mail.ru;1999-03-25;Волгоград
crm-3669;Николаева Юлия Сергеевна;+79281360790;user2600.юлия@mail.ru;1955-10-07;Уфа
crm-1199;Воробьёва Валентина Дмитриевна;+79279298172;user851.вале@mail.ru;1963-08-06;Пермь
crm-109;Фролова Ирина;+79435751353; USER74.ИРИН@MAIL.RU ;27/04/1999;Казань г.
crm-358;Захаров Егор Владимирович;+79286494199;user248.егор@mail.ru;1997-10-18;Пермь
crm-1966;Романова Наталья Викторовна;+79367935964;user1400.ната@mail.ru;1977-07-21;Нижний Новгород
crm-3444;Романов Дмитрий Михайлович;+79828437122;user2449.дмит@mail.ru;1969-07-05;Краснодар
crm-92;Сёргёёв Ёгор Ёвгёньёвич;; USER64.ЕГОР@MAIL.RU ;12/12/1957;Новосибирск г.
crm-615;МАКАРОВА МАРИЯ АЛЕКСЕЕВНА;8 (960) 543-34-84;USER435.МАРИ@MAIL.RU;1969-01-06;г. Нижний Новгород
crm-2252;Николаев Вадим Васильевич;+79499083173;user1614.вади@mail.ru;1966-11-12;Пермь
crm-2537;Александров Константин Алексеевич;+79718295224;user1811.конс@mail.ru;1963-07-10;Казань
crm-3436;Зайцев Владимир Павлович;+79866170669;user2441.влад@mail.ru;1988-04-05;Казань
crm-1094;Воробьёва Полина Дмитриевна;+79390761598;user770.поли@mail.ru;1980-09-03;Краснодар
crm-3582;Михайлова Елена Алексеевна;+79413156042;user2543.елен@mail.ru;1984-04-02;Нижний Новгород
crm-669;Орлова Галина Дмитриевна;+79014009026;user479.гали@mail.ru;1967-09-26;Уфа
crm-2945;Степанов Валентин Сергеевич;+79595799835;user2082.вале@mail.ru;1997-10-20;Екатеринбург
crm-2881;Макарова Ирина Борисовна;+79001643918;user2042.ирин@mail.ru;1964-11-28;Самара
crm-1057;Петрова Полина Михайловна;+79950032709;user742.поли@mail.ru;1964-03-20;Самара
crm-1243;Алексеев Павел Николаевич;+79004022909;user884.паве@mail.ru;1973-05-23;Новосибирск
crm-3448;Зайцев  Павел  Викторович;988 928 28 32; USER2452.ПАВЕ@MAIL.RU ;05.01.1965;г. Уфа
crm-1682;СОКОЛОВА ВЕРА ВЛАДИМИРОВНА;79657695167; USER1205.ВЕРА@MAIL.RU ;1968-12-25;Санкт-Петербург г.
crm-857;Иванов Роман;; USER610.РОМА@MAIL.RU ;8.5.1958;Воронеж г.
crm-1073;Михайлов  Виктор  Дмитриевич;; USER753.ВИКТ@MAIL.RU ;26.12.1989;г. Москва
crm-3402;Михайлов Николай Алексеевич;+79407867889;user2416.нико@mail.ru;1965-03-17;Воронеж
crm-3565;Павлов Денис Павлович;+79807302745;user2532.дени@mail.ru;1975-06-14;Москва
crm-1286;Семёнов Максим Дмитриевич;+79129818942;user912.макс@mail.ru;1960-03-27;Краснодар
crm-1928;Иванов Евгений Евгеньевич;+79593270238;user1376.евге@mail.ru;1986-12-07;Санкт-Петербург
crm-2446;Александров Егор Петрович;+79097899384;user1747.егор@mail.ru;1971-02-08;Красноярск
crm-1585;Морозов Григорий;930 173 27 16;USER1134.ГРИГ@MAIL.RU;1958-11-25;Новосибирск г.
crm-476;Смирнова Галина Викторовна;+79278637561;user337.гали@mail.ru;1962-05-06;Санкт-Петербург
crm-2203;Виктор Макаров;976 424 75 39; USER1579.ВИКТ@MAIL.RU ;2.10.1989;Уфа г.
crm-1775;Павлов Фёдор Сергеевич;+79357790097;user1277.фeдо@mail.ru;1993-09-18;Красноярск
crm-1879;Кузнецова София Борисовна;+79099348424;user1340.софи@mail.ru;1964-11-07;Санкт-Петербург
crm-200;Егорова Людмила Алексеевна;+79618311431;user135.людм@mail.ru;1993-07-17;Новосибирск
crm-3020;Павлов Олег Павлович;+79267533815;user2131.олег@mail.ru;1969-08-02;Пермь
crm-1004;Степанов Андрей Евгеньевич;+79915067722;user708.андр@mail.ru;1994-08-16;Уфа
crm-2694;Фролов Василий Олегович;+79136514369;user1912.васи@mail.ru;1970-10-25;Ростов-на-Дону
crm-964;Фролова Татьяна Дмитриёвна;79619526215;USER680.ТАТЬ@MAIL.RU;1984-08-05;г. Уфа
crm-3272;Орлов  Виктор  Борисович;79140104460; USER2322.ВИКТ@MAIL.RU ;14/12/1982;г. Москва
crm-2859;Борисов Михаил Игоревич;+79410154829;user2027.миха@mail.ru;1966-01-08;Омск
crm-2486;волкова анна владимировна;8-913-9134482409;;19.4.1986;Санкт-Петербург г.
crm-2421;соколов вадим евгеньевич;79963201910;USER1726.ВАДИ@MAIL.RU;2.11.1970;Пермь г.
crm-3112;Смирнов Алексей Борисович;+79836968747;user2206.алек@mail.ru;1979-03-10;Новосибирск
crm-4105;Соловьёв Лев Игоревич;+79998383913;user2917.лев@mail.ru;1990-12-23;Москва
crm-3739;Петров Виктор Николаевич;+79705748477;user2654.викт@mail.ru;1989-05-13;Красноярск
crm-2724;Новиков Никита Олегович;+79916521766;user1932.ники@mail.ru;1992-09-26;Москва
crm-2781;Фёдорова Свётлана Дмитриёвна;8 (923) 353-47-65;USER1971.СВЕТ@MAIL.RU;03.03.1972;КРАСНОДАР
crm-3951;Зайцева Мария Андреевна;+79165209884;user2808.мари@mail.ru;1995-06-08;Нижний Новгород
crm-1971;РОМАНОВ ЮРИЙ ДМИТРИЕВИЧ;+79765440285; USER1402.ЮРИЙ@MAIL.RU ;1976-07-09;г. Уфа
crm-1965;Борисов Никита Алексеевич;+79482987203;user1399.ники@mail.ru;1990-03-26;Ростов-на-Дону
crm-3908;Кузнецов Григорий Васильевич;+79304555659;user2776.григ@mail.ru;1967-03-23;Нижний Новгород
crm-3513;ФРОЛОВ ОЛЕГ БОРИСОВИЧ;;USER2498.ОЛЕГ@MAIL.RU;23.05.1984;г. Санкт-Петербург
crm-1841;Кузнёцова Свётлана Павловна;8 (906) 291-48-18;;27/09/1966;ЕКАТЕРИНБУРГ
crm-4020;СМИРНОВА СВЕТЛАНА ПАВЛОВНА;;USER2854.СВЕТ@MAIL.RU;16.05.1981;ОМСК
crm-3413;Волков Павел Васильевич;+79800250203;user2422.паве@mail.ru;1979-02-13;Ростов-на-Дону
crm-4253;???;;;31.02.1990;
crm-1818;ВОРОБЬЁВ ВАДИМ СЕРГЕЕВИЧ;79769749781; USER1305.ВАДИ@MAIL.RU ;1992-05-07;Нижний Новгород г.
crm-1425;Петров-Водкин Анна Викторовна;+79800948949;user1018.анна@mail.ru;1968-01-16;Омск
crm-2605;Фёдоров Николай Александрович;+79514985995;user1854.нико@mail.ru;1991-04-19;Нижний Новгород
crm-1553;Никитина Галина Михайловна;+79472375865;user1111.гали@mail.ru;1992-09-17;Москва
crm-3213;Попова Ксения Игоревна;+79001486811;user2287.ксен@mail.ru;1956-06-05;Екатеринбург
crm-2296;Попов Павел Николаевич;+79830633675;user1643.паве@mail.ru;1994-01-04;Санкт-Петербург
crm-2655;Воробьёв Юрий Алексеевич;+79441761488;user1884.юрий@mail.ru;1971-05-15;Пермь
crm-2053;Николаев Роман Евгеньевич;+79042021768;user1469.рома@mail.ru;1986-09-11;Самара
crm-3159;Соколова Валентина Александровна;+79575824854;user2242.вале@mail.ru;1980-01-17;Екатеринбург
crm-674;Петрова Юлия Владимировна;+79448887391;user484.юлия@mail.ru;1955-04-14;Красноярск
crm-2471;Морозов Пётр Олегович;+79344916661;user1765.пeтр@mail.ru;1978-11-21;Казань
crm-10;ПАВЛОВ ЯРОСЛАВ АЛЕКСАНДРОВИЧ;; USER8.ЯРОС@MAIL.RU ;1966-09-13;г. Москва
crm-1212;РОМАНОВ МАКСИМ ПАВЛОВИЧ;; USER862.МАКС@MAIL.RU ;22.11.1990;Новосибирск г.
crm-3527;Павлов Иван Викторович;+79739427694;user2507.иван@mail.ru;1961-05-09;Казань
crm-4074;ФЁДОРОВА ПОЛИНА АЛЕКСЕЕВНА;+79735199635;USER2896.ПОЛИ@MAIL.RU;06.07.1956;Самара г.
crm-2909;Андреева Ксения Ивановна;+79747621523;user2059.ксен@mail.ru;1964-10-03;Уфа
crm-2020;Смирнов Юрий Сергеевич;+79973792640;user1442.юрий@mail.ru;1980-08-14;Самара
crm-14;Петров-Водкин Кирилл Владимирович;+79894602104;user12.кири@mail.ru;1962-03-24;Москва
crm-3099;Сергеева Виктория Васильевна;+79877288573;user2193.викт@mail.ru;1976-04-24;Уфа
crm-4017;Козлова Вера Владимировна;+79914484911;user2853.вера@mail.ru;1980-04-12;Уфа
crm-2314;Кузнецов Владимир Дмитриевич;+79522458339;user1656.влад@mail.ru;1955-10-04;Нижний Новгород
crm-4193;Соколова  Ксения  Борисовна;924 138 47 20;;04.09.1964;г. Уфа
crm-3169;Воробьёв Тимофей;8-922-9220504922; USER2250.ТИМО@MAIL.RU ;1995-12-28;г. Воронеж
crm-786;Фёдорова Мария Николаевна;+79755048715;user557.мари@mail.ru;1994-07-26;Новосибирск
crm-2033;Кузнецов Даниил Владимирович;+79149671377;user1454.дани@mail.ru;1979-01-20;Санкт-Петербург
crm-4303;???;;;31.02.1990;
crm-2953;Александров Николай Владимирович;+79760506247;user2088.нико@mail.ru;1981-05-12;Ростов-на-Дону
crm-1012;Андреев Станислав Игоревич;+79279287675;user713.стан@mail.ru;1966-08-23;Красноярск
crm-2085;ОРЛОВ ВЛАДИМИР АЛЕКСАНДРОВИЧ;; USER1490.ВЛАД@MAIL.RU ;21/01/1995;г. Самара
crm-3597;Романов Пётр Сергеевич;+79808313544;user2551.пeтр@mail.ru;1967-09-09;Новосибирск
crm-1606;Воробьёва Ксения Владимировна;+79330981227;user1146.ксен@mail.ru;1995-08-16;Казань
crm-1783;Павлов Андрёй Алёксандрович;8 (908) 028-02-38;USER1280.АНДР@MAIL.RU;10.10.1972;г. Ростов-на-Дону
crm-1843;Егорова Галина Викторовна;+79356325099;user1318.гали@mail.ru;1956-07-02;Казань
crm-2049;Петров-Водкин Никита Борисович;+79209537933;user1465.ники@mail.ru;1978-02-12;Красноярск
crm-1153;Соколов Вадим Михайлович;+79864500181;user818.вади@mail.ru;1984-04-21;Краснодар
crm-2477;Петров-Водкин Лев Михайлович;+79827122479;user1768.лев@mail.ru;1985-06-11;Ростов-на-Дону
crm-2778;Римский-Корсаков Светлана Дмитриевна;+79709697026;user1969.свет@mail.ru;1959-08-08;Уфа
crm-1263;Морозов Иван Игоревич;+79463346734;user899.иван@mail.ru;1974-08-23;Санкт-Петербург
crm-1774;Петров-Водкин Екатерина Викторовна;+79095966885;user1276.екат@mail.ru;1967-07-07;Омск
crm-1581;Петров Артём Олегович;+79879055158;user1132.артe@mail.ru;1977-02-04;Красноярск
crm-3792;Попов Дмитрий Олёгович;+79615774447; USER2692.ДМИТ@MAIL.RU ;02/01/1983;НОВОСИБИРСК
crm-2090;Александров Борис Андреевич;+79770809682;user1493.бори@mail.ru;1998-08-13;Уфа
crm-2034;Павлов Михаил Викторович;+79360577312;user1455.миха@mail.ru;1969-01-01;Волгоград
crm-2479;Петрова  Валентина  Дмитриевна;; USER1769.ВАЛЕ@MAIL.RU ;04/09/1988;г. Казань
crm-717;Орлов Юрий Викторович;+79117677509;user511.юрий@mail.ru;1960-04-07;Пермь
crm-1810;Сергеев Николай Олегович;+79743226304;user1300.нико@mail.ru;1998-05-12;Красноярск
crm-3942;Степанов Константин Юрьевич;+79428401923;user2799.конс@mail.ru;1970-07-19;Омск
crm-3284;Фёдоров Сергей Андреевич;+79930616678;user2334.серг@mail.ru;1965-04-09;Москва
crm-2218;Семёнов Вадим Павлович;+79349847714;user1590.вади@mail.ru;1966-03-09;Уфа
crm-3433;Никитин Иван Сергеевич;+79131610058;user2438.иван@mail.ru;1976-06-06;Москва
crm-3106;Семёнов Василий Алексеевич;+79886741210;user2200.васи@mail.ru;1977-09-07;Краснодар
crm-3032;Фёдорова Свётлана Борисовна;8-938-9389079445;USER2139.СВЕТ@MAIL.RU;18.04.1969;г. Казань
crm-1161;Алексей Егоров;8 (924) 440-72-24; USER823.АЛЕК@MAIL.RU ;14.10.1975;г. Санкт-Петербург
crm-1668;Кузнецов Николай Владимирович;+79730709200;user1193.нико@mail.ru;1965-11-23;Краснодар
crm-940;Макарова Людмила Олеговна;+79747422952;user665.людм@mail.ru;1994-09-04;Омск
crm-407;Кузнецова Ольга Александровна;+79024694153;user287.ольг@mail.ru;1963-08-19;Омск
crm-3489;ВОЛКОВ ПЁТР БОРИСОВИЧ;79557327423;USER2479.ПEТР@MAIL.RU;2.2.1976;г. Санкт-Петербург
crm-3974;Римский-Корсаков Игорь Борисович;+79809049017;user2825.игор@mail.ru;1975-04-27;Ростов-на-Дону
crm-3404;Михайлов Николай;8 (940) 786-78-89; USER2416.НИКО@MAIL.RU ;17.3.1965;Воронеж г.
crm-825;Макаров Николай Сергеевич;+79752926381;user587.нико@mail.ru;1986-06-08;Омск
crm-1363;Смирнов Никита Сергеевич;+79294262916;user967.ники@mail.ru;1979-08-18;Москва
crm-1326;Иванов Лев Юрьевич;+79065507240;user938.лев@mail.ru;1990-09-13;Краснодар
crm-139;Захаров Даниил Васильевич;+79380489808;user96.дани@mail.ru;1959-08-11;Уфа
crm-1081;Новиков Борис Юрьевич;+79955448278;user760.бори@mail.ru;1979-08-09;Нижний Новгород
crm-234;Васильев Борис Юрьевич;+79910422574;user162.бори@mail.ru;1987-07-01;Волгоград
crm-3924;Вадим Морозов;8 (920) 857-02-94;USER2785.ВАДИ@MAIL.RU;07.12.1974;УФА
crm-319;Соколов Владимир Петрович;+79328070386;user224.влад@mail.ru;1958-02-27;Санкт-Петербург
crm-687;Морозов Владимир Петрович;+79940946501;user492.влад@mail.ru;1981-10-02;Уфа
crm-262;Воробьёв Николай Борисович;+79549987280;user182.нико@mail.ru;1962-08-07;Уфа
crm-1070;Михайлов Виктор Дмитриевич;+79769871934;user753.викт@mail.ru;1989-12-26;Москва
crm-474;Кузнецов Игорь Дмитриевич;+79739160495;user335.игор@mail.ru;1988-08-23;Пермь
crm-927;Михайлова Людмила Павловна;+79750966829;user655.людм@mail.ru;1969-07-03;Москва
crm-3988;Зайцев Олег Борисович;+79898824384;user2834.олег@mail.ru;1956-10-06;Самара
crm-1798;Кузнецова Вера Дмитриевна;+79866844584;user1288.вера@mail.ru;1959-06-03;Самара
crm-584;Алексеев Владимир Владимирович;+79077299639;user412.влад@mail.ru;1983-02-05;Краснодар
crm-1609;Романов Пётр Алексеевич;+79511469625;user1149.пeтр@mail.ru;1987-05-04;Уфа
crm-2321;Фёдоров Иван Петрович;+79652943556;user1663.иван@mail.ru;1969-04-25;Санкт-Петербург
crm-3570;Борисова Виктория Дмитриевна;+79924102054;user2537.викт@mail.ru;1959-01-05;Екатеринбург
crm-1977;Никитина Татьяна Павловна;+79548524376;user1406.тать@mail.ru;1967-03-01;Волгоград
crm-3689;Никитин Сергей Иванович;+79204250763;user2617.серг@mail.ru;1974-01-26;Новосибирск
crm-1745;Новиков  Юрий  Игоревич;;USER1254.ЮРИЙ@MAIL.RU;13/02/1955;Санкт-Петербург г.
crm-1869;Соловьёв Павел Павлович;+79649922151;user1336.паве@mail.ru;1969-09-22;Уфа
crm-1739;Воробьёв Юрий Николаевич;+79905028267;user1252.юрий@mail.ru;1976-08-16;Новосибирск
crm-3734;Смирнова Ольга Михайловна;+79427381103;user2650.ольг@mail.ru;1962-06-06;Ростов-на-Дону
crm-311;Морозов Егор Олегович;+79094090999;user219.егор@mail.ru;1987-06-25;Новосибирск
crm-2221;Фролов Юрий Дмитриевич;+79903583078;user1593.юрий@mail.ru;1975-06-23;Новосибирск
crm-1586;МОРОЗОВ ГРИГОРИЙ ИГОРЕВИЧ;;USER1134.ГРИГ@MAIL.RU;25.11.1958;Новосибирск г.
crm-3079;Смирнов Виктор Владимирович;+79900906624;user2176.викт@mail.ru;1968-04-23;Омск
crm-3698;Воробьёв Никита Иванович;+79439712529;user2625.ники@mail.ru;1993-04-20;Самара
crm-1046;Козлов Владимир Дмитриевич;+79266617657;user735.влад@mail.ru;1977-02-09;Краснодар
crm-974;Даниил Яковлев;; USER684.ДАНИ@MAIL.RU ;23.06.1962;Уфа г.
crm-1851;Волков Антон Васильёвич;79864695404; USER1325.АНТО@MAIL.RU ;28.05.1963;г. Пермь
crm-939;Васильева Ольга Михайловна;+79093399117;user664.ольг@mail.ru;1984-12-01;Казань
crm-3751;Фёдорова Людмила Алексеевна;+79460307715;user2664.людм@mail.ru;1995-08-15;Нижний Новгород
crm-2136;Римский-Корсаков Наталья Александровна;+79426849713;user1526.ната@mail.ru;1966-07-25;Новосибирск
crm-1646;Римский-Корсаков Вадим Викторович;+79006685488;user1176.вади@mail.ru;1974-06-05;Новосибирск
crm-2511;Петрова Виктория Михайловна;+79860041942;user1792.викт@mail.ru;1997-03-10;Омск
crm-4101;Егорова Мария Дмитриевна;+79843881966;user2914.мари@mail.ru;1970-01-11;Ростов-на-Дону
crm-296;Захаров Николай Александрович;+79517541287;user204.нико@mail.ru;1988-04-02;Екатеринбург
crm-1195;Никитин Борис Васильевич;+79571795477;user847.бори@mail.ru;1955-07-26;Уфа
crm-1836;Иван Романов;+79431489317;;16.9.1981;ОМСК
crm-4134;Васильева Ольга Павловна;+79007752817;user2933.ольг@mail.ru;1975-03-22;Омск
crm-3956;Фролова Екатерина Олеговна;+79959091893;user2813.екат@mail.ru;1985-10-02;Волгоград
crm-3763;Васильев Тимофей Николаевич;+79882404839;user2673.тимо@mail.ru;1970-02-02;Воронеж
crm-3848;Попова Екатерина Евгеньевна;+79333556263;user2729.екат@mail.ru;1972-04-28;Самара
crm-1173;КОЗЛОВ НИКОЛАЙ АЛЕКСЕЕВИЧ;8 (937) 229-02-24;;10.11.1995;г. Самара
crm-481;Воробьёв Ярослав Николаевич;+79597295944;user342.ярос@mail.ru;1988-10-23;Нижний Новгород
crm-401;Соловьёв Борис Олегович;+79989505960;user284.бори@mail.ru;1993-11-22;Уфа
crm-2129;Козлова Виктория Владимировна;+79101991810;user1519.викт@mail.ru;1958-09-04;Екатеринбург
crm-2078;Романова Вёра Сёргёёвна;;USER1486.ВЕРА@MAIL.RU;1974-02-09;МОСКВА
crm-2665;Григорьева Анна Евгеньевна;+79511244095;user1894.анна@mail.ru;1974-10-25;Новосибирск
crm-3387;Петрова Дарья Борисовна;+79757518415;user2402.дарь@mail.ru;1967-02-08;Казань
crm-3555;Алексеев Сергей Петрович;+79322735674;user2526.серг@mail.ru;1998-07-07;Ростов-на-Дону
crm-2482;Римский-Корсаков Галина Олеговна;+79678477597;user1772.гали@mail.ru;1972-08-17;Уфа
crm-1342;Иванов Алексей Александрович;+79518485240;user950.алек@mail.ru;1990-11-15;Екатеринбург
crm-2771;Козлова Валентина Игоревна;+79007521323;user1965.вале@mail.ru;1989-07-23;Екатеринбург
crm-854;Яковлев Тимофей Андреевич;+79709405636;user608.тимо@mail.ru;1971-02-22;Казань
crm-3164;Павлов Евгений Викторович;+79862830767;user2246.евге@mail.ru;1970-08-12;Уфа
crm-3859;НИКОЛАЕВА ЕЛЕНА ОЛЕГОВНА;8 (923) 528-31-68;USER2737.ЕЛЕН@MAIL.RU;15/12/1964;САМАРА
crm-573;Волков Дмитрий Иванович;+79006359137;user405.дмит@mail.ru;1973-12-05;Москва
crm-2396;Петров-Водкин Ксения Михайловна;+79462837976;user1709.ксен@mail.ru;1960-01-01;Уфа
crm-341;Егоров Андрей Игоревич;+79019626264;user235.андр@mail.ru;1993-05-17;Казань
crm-151;Сергеев Тимофей Викторович;+79181297237;user105.тимо@mail.ru;1987-04-24;Москва
crm-1706;Егоров Владимир Игоревич;+79274852514;user1224.влад@mail.ru;1977-02-19;Санкт-Петербург
crm-3852;Морозова Галина Андреевна;+79011916774;user2733.гали@mail.ru;1995-09-21;Краснодар
crm-3885;Сергеев Валентин Александрович;+79134809072;user2759.вале@mail.ru;1963-05-09;Казань
crm-3328;Васильева София Ивановна;+79037304282;user2363.софи@mail.ru;1990-12-26;Красноярск
crm-2142;Макаров Юрий Викторович;+79328661591;user1531.юрий@mail.ru;1975-09-05;Москва
crm-3369;Анна Сергеева;+79626169506; USER2387.АННА@MAIL.RU ;27.09.1986;г. Уфа
crm-3150;Воробьёв Вадим Сергеевич;+79266673505;user2234.вади@mail.ru;1988-03-03;Омск
crm-248;Козлов Пётр Петрович;+79629334771;user172.пeтр@mail.ru;1969-01-11;Казань
crm-2174;Семёнов Александр Владимирович;+79294363988;user1557.алек@mail.ru;1963-07-14;Красноярск
crm-4004;Новиков Владимир;; USER2844.ВЛАД@MAIL.RU ;1994-01-21;КРАСНОЯРСК
crm-1526;НИКОЛАЕВ АЛЕКСЕЙ ДМИТРИЕВИЧ;+79451398584;USER1089.АЛЕК@MAIL.RU;28.02.1988;ВОРОНЕЖ
crm-1672;Орлов Павел Юрьевич;+79357010581;user1196.паве@mail.ru;1995-11-06;Пермь
crm-3820;ВОРОБЬЁВА ПОЛИНА ВИКТОРОВНА;;USER2711.ПОЛИ@MAIL.RU;04.04.1966;г. Новосибирск
crm-2408;ФЁДОРОВА АННА ЕВГЕНЬЕВНА;988 595 39 25; USER1717.АННА@MAIL.RU ;28.01.1963;г. Санкт-Петербург
crm-160;Егорова София Васильевна;+79995412438;user110.софи@mail.ru;1994-06-03;Уфа
crm-2305;Иванов Борис Викторович;+79551231115;user1649.бори@mail.ru;1994-06-08;Красноярск
crm-2874;Петров-Водкин Артём Александрович;+79176760079;user2038.артe@mail.ru;1959-07-18;Новосибирск
crm-2647;Васильев Роман Владимирович;+79956671429;user1878.рома@mail.ru;1994-09-28;Краснодар
crm-1471;Андреев Роман Борисович;+79527954741;user1044.рома@mail.ru;1960-12-27;Красноярск
crm-3864;Романов Валентин Васильевич;+79020258364;user2742.вале@mail.ru;1955-11-26;Новосибирск
crm-3518;ЗАЙЦЕВ ДАНИИЛ АЛЕКСЕЕВИЧ;8 (994) 033-08-04;;17.8.1989;г. Нижний Новгород
crm-1830;Захаров Олег Александрович;+79415521019;user1312.олег@mail.ru;1977-05-02;Уфа
crm-3901;Семёнов Лев Олегович;+79291733190;user2771.лев@mail.ru;1966-12-06;Волгоград
crm-2243;ГРИГОРЬЕВ ВАДИМ АЛЕКСАНДРОВИЧ;+79141499906; USER1605.ВАДИ@MAIL.RU ;1957-08-11;Санкт-Петербург г.
crm-213;Лебедева Мария Игоревна;+79645980416;user146.мари@mail.ru;1991-05-15;Омск
crm-3750;Козлова Ольга Петровна;+79506825212;user2663.ольг@mail.ru;1969-06-12;Нижний Новгород
crm-431;Макаров Василий Андреевич;+79267592843;user304.васи@mail.ru;1977-12-24;Пермь
crm-3221;Елена Андреева;79638419080; USER2291.ЕЛЕН@MAIL.RU ;1999-03-04;г. Пермь
crm-3068;Воробьёв Никита Иванович;+79667108261;user2170.ники@mail.ru;1985-04-23;Нижний Новгород
crm-4025;Фёдоров Григорий Сёргёёвич;;USER2856.ГРИГ@MAIL.RU;18.9.1996;РОСТОВ-НА-ДОНУ
crm-2265;Соколов Василий Алёксандрович;79392275263;USER1622.ВАСИ@MAIL.RU;13.04.1982;Омск г.
crm-3066;Кузнецов Олег Петрович;+79671728128;user2168.олег@mail.ru;1992-07-07;Волгоград
crm-3780;Яковлев Егор Олегович;+79604192123;user2687.егор@mail.ru;1978-02-21;Москва
crm-2048;Зайцева Виктория Михайловна;+79785547661;user1464.викт@mail.ru;1970-06-24;Уфа
crm-1116;Зайцев Сергей Дмитриевич;+79102482731;user789.серг@mail.ru;1972-09-11;Новосибирск
crm-3976;СМИРНОВ ФЁДОР ПАВЛОВИЧ;8-948-9484425059;;1985-01-19;НОВОСИБИРСК
crm-2506;козлова ирина павловна;+79061234804;;1986-10-21;г. Красноярск
crm-3731;Попов Борис Петрович;+79436735656;user2647.бори@mail.ru;1976-05-09;Нижний Новгород
crm-2116;Зайцев Максим Васильевич;+79034456682;user1511.макс@mail.ru;1989-10-27;Краснодар
crm-3193;Григорьев Ярослав Игоревич;+79235830523;user2270.ярос@mail.ru;1956-07-12;Омск
crm-1854;Волков Денис Иванович;+79735029444;user1327.дени@mail.ru;1983-12-14;Воронеж
crm-2905;Римский-Корсаков Артём Владимирович;+79138234059;user2057.артe@mail.ru;1968-07-16;Пермь
crm-2969;Петров Никита Алексеевич;+79937840522;user2098.ники@mail.ru;1976-12-04;Самара
crm-2279;Степанов Олег Владимирович;+79034496536;user1633.олег@mail.ru;1969-08-25;Краснодар
crm-538;Фёдорова Полина Александровна;+79372594365;user378.поли@mail.ru;1967-02-13;Ростов-на-Дону
crm-2401;Яковлев Никита Васильевич;+79395855443;user1711.ники@mail.ru;1988-01-06;Самара
crm-2692;Волков Дмитрий Александрович;+79908946313;user1910.дмит@mail.ru;1993-12-28;Пермь
crm-62;Алексеев Сергей Борисович;+79973604216;user41.серг@mail.ru;1957-12-02;Ростов-на-Дону
crm-2170;Кузнецов Олег Юрьевич;+79838037776;user1553.олег@mail.ru;1973-01-14;Новосибирск
crm-2510;Попова Ирина Борисовна;+79226318199;user1791.ирин@mail.ru;1967-04-28;Казань
crm-3168;Воробьёв Тимофей Борисович;+79220504922;user2250.тимо@mail.ru;1995-12-28;Воронеж
crm-3584;Егор Смирнов;; USER2544.ЕГОР@MAIL.RU ;7.8.1994;г. Красноярск
crm-4249;???;;;31.02.1990;
crm-4272;???;;;31.02.1990;
crm-2704;Лебедева Галина Александровна;+79795912668;user1918.гали@mail.ru;1955-12-19;Пермь
crm-2526;Морозов Денис Александрович;+79607247000;user1802.дени@mail.ru;1955-06-02;Омск
crm-398;Николаева София Николаевна;+79234408600;user281.софи@mail.ru;1961-09-13;Уфа
crm-3590;Павлова Вера Павловна;+79642886296;user2547.вера@mail.ru;1989-06-18;Красноярск
crm-1304;Михайлов Даниил;8 (991) 432-74-62; USER924.ДАНИ@MAIL.RU ;1964-04-11;г. Самара
crm-4293;???;12345;;99.99.9999;
crm-1412;Римский-Корсаков Владимир Михайлович;+79204264548;user1010.влад@mail.ru;1991-11-17;Казань
crm-718;Александрова Полина Павловна;+79749485020;user512.поли@mail.ru;1975-10-04;Москва
crm-2251;Кузнецов Дмитрий Петрович;+79298795277;user1613.дмит@mail.ru;1991-07-12;Нижний Новгород
crm-3100;Романова Ксения Михайловна;+79726454504;user2194.ксен@mail.ru;1957-05-10;Москва
crm-2867;КУЗНЕЦОВА НАТАЛЬЯ ПЕТРОВНА;8 (960) 508-53-83; USER2032.НАТА@MAIL.RU ;4.8.1971;Воронеж г.
crm-1029;Александрова Валентина Павловна;+79544903373;user725.вале@mail.ru;1967-10-03;Пермь
crm-1001;Лебедев Антон Васильевич;+79148861629;user707.анто@mail.ru;1971-12-04;Нижний Новгород
crm-1477;Павлова София Михайловна;958 976 01 13; USER1049.СОФИ@MAIL.RU ;28/02/1987;г. Москва
crm-3269;Алексеев Иван Дмитриевич;+79995783774;user2320.иван@mail.ru;1965-07-17;Воронеж
crm-182;степанов андрей алексеевич;+79134041800;;1968-11-16;г. Омск
crm-78;Алексеева Юлия Александровна;+79474883548;user55.юлия@mail.ru;1986-08-16;Санкт-Петербург
crm-3141;Васильёв Константин Павлович;;USER2226.КОНС@MAIL.RU;10/02/1967;КРАСНОЯРСК
crm-1397;Егорова Вера Викторовна;+79724029486;user997.вера@mail.ru;1981-12-20;Краснодар
crm-2566;Орлова Полина Борисовна;+79505354303;user1829.поли@mail.ru;1969-11-04;Омск
crm-3791;Попов Дмитрий Олегович;+79615774447;user2692.дмит@mail.ru;1983-01-02;Новосибирск
crm-3870;Алексеева Полина Ивановна;+79266767532;user2745.поли@mail.ru;1971-06-06;Омск
crm-4092;Николаёв Григорий Сёргёёвич;8 (980) 562-29-22;USER2906.ГРИГ@MAIL.RU;15.12.1990;НИЖНИЙ НОВГОРОД
crm-585;Михайлова Анна Евгеньевна;+79397583606;user413.анна@mail.ru;1980-08-01;Казань
crm-1016;Татьяна Новикова;;USER716.ТАТЬ@MAIL.RU;1985-04-05;Воронеж г.
crm-2100;Александров Алексей Андреевич;+79764987312;user1503.алек@mail.ru;1991-10-17;Ростов-на-Дону
crm-2934;Яковлев Вадим Олегович;+79847598349;user2074.вади@mail.ru;1987-06-15;Уфа
crm-2629;Михайлов Пётр Васильевич;+79645607908;user1867.пeтр@mail.ru;1963-05-28;Казань
crm-437;Дарья Воробьёва;939 263 87 92;USER308.ДАРЬ@MAIL.RU;18.7.1981;ПЕРМЬ
crm-2173;Соколов Глеб Викторович;+79462283967;user1556.глеб@mail.ru;1976-09-25;Казань
crm-2071;Андреева Вера Николаевна;+79568602084;user1483.вера@mail.ru;1977-12-18;Ростов-на-Дону
crm-1089;Андреев Даниил Алексеевич;+79964009889;user765.дани@mail.ru;1963-05-28;Омск
crm-405;морозова юлия алексеевна;8-998-9989141161;USER285.ЮЛИЯ@MAIL.RU;14.04.1960;г. Нижний Новгород
crm-2613;Степанов Павел Юрьевич;+79198658472;user1859.паве@mail.ru;1985-01-19;Пермь
crm-1953;Кузнецова Мария Николаевна;+79289068907;user1392.мари@mail.ru;1969-02-19;Екатеринбург
crm-3337;Андреева Наталья;+79194982969;USER2367.НАТА@MAIL.RU;20.9.1994;г. Воронеж
crm-43;Степанова Ирина Андреевна;+79864222667;user25.ирин@mail.ru;1980-08-13;Уфа
crm-2143;Александров Тимофей Алексеевич;+79800523717;user1532.тимо@mail.ru;1996-09-19;Новосибирск
crm-3834;зайцев валентин владимирович;79281173691; USER2722.ВАЛЕ@MAIL.RU ;1961-01-09;г. Красноярск
crm-2191;Макарова  Ксения  Владимировна;8-994-9945911818; USER1570.КСЕН@MAIL.RU ;1967-08-01;г. Ростов-на-Дону
crm-3699;Фролов Григорий Васильевич;+79951477939;user2626.григ@mail.ru;1994-04-15;Новосибирск
crm-3898;ЗАЙЦЕВ СЕРГЕЙ АЛЕКСЕЕВИЧ;939 808 23 57; USER2769.СЕРГ@MAIL.RU ;03/03/1963;КАЗАНЬ
crm-3556;Соколов Сергей Игоревич;+79315521221;user2527.серг@mail.ru;1967-08-06;Екатеринбург
crm-3606;волков кирилл викторович;+79761324600;;16/11/1963;Воронеж г.
crm-876;Борисов  Игорь  Александрович;;USER621.ИГОР@MAIL.RU;12.04.1988;Уфа г.
crm-1673;Смирнова Вера Петровна;+79661311837;user1197.вера@mail.ru;1999-11-06;Волгоград
crm-3947;Семёнов Максим Павлович;+79729042740;user2804.макс@mail.ru;1958-06-21;Самара
crm-164;семёнов илья алексеевич;984 207 88 76;;1996-11-03;г. Краснодар
crm-1955;Михайлов Денис Юрьевич;+79053037974;user1394.дени@mail.ru;1997-09-19;Москва
crm-2897;Александров Кирилл Викторович;+79098769333;user2052.кири@mail.ru;1970-11-12;Волгоград
crm-2166;АЛЕКСЕЕВ ПЁТР АЛЕКСЕЕВИЧ;927 123 60 84;USER1550.ПEТР@MAIL.RU;14/08/1988;НОВОСИБИРСК
crm-1483;Романов Никита Юрьевич;+79301904473;user1055.ники@mail.ru;1961-12-22;Омск
crm-360;Соловьёв Фёдор Павлович;+79467349628;user250.фeдо@mail.ru;1963-12-01;Новосибирск
crm-2342;Николаева Анна Павловна;+79089836592;user1677.анна@mail.ru;1959-09-08;Новосибирск
crm-17;Борисова Вера Владимировна;+79862380295;user15.вера@mail.ru;1967-05-09;Пермь
crm-2696;ФРОЛОВ ВАСИЛИЙ ОЛЕГОВИЧ;+79136514369; USER1912.ВАСИ@MAIL.RU ;1970-10-25;Ростов-на-Дону г.
crm-1571;Новикова Светлана Петровна;+79184670665;user1126.свет@mail.ru;1967-06-17;Екатеринбург
crm-745;Смирнов Игорь Борисович;+79223205138;user531.игор@mail.ru;1957-12-02;Ростов-на-Дону
crm-3675;Андреев Николай Михайлович;+79673782959;user2603.нико@mail.ru;1988-01-03;Красноярск
crm-285;Воробьёва Валентина Васильевна;+79329527907;user196.вале@mail.ru;1958-09-27;Москва
crm-2572;АЛЕКСЕЕВА СВЕТЛАНА ВИКТОРОВНА;+79642022142; USER1830.СВЕТ@MAIL.RU ;14.6.1963;Омск г.
crm-767;АЛЕКСАНДРОВ НИКИТА СЕРГЕЕВИЧ;; USER545.НИКИ@MAIL.RU ;1987-05-27;Самара г.
crm-90;Сергеев Егор Евгеньевич;+79820425618;user64.егор@mail.ru;1957-12-12;Новосибирск
crm-4009;андреев тимофей евгеньевич;79805212524; USER2847.ТИМО@MAIL.RU ;1971-09-14;ПЕРМЬ
crm-2140;Захарова Вера Павловна;+79091248134;user1529.вера@mail.ru;1974-01-07;Волгоград
crm-2418;Соколов Александр Михайлович;+79742175449;user1725.алек@mail.ru;1998-05-12;Воронеж
crm-3289;Борисов Александр Павлович;+79569741472;user2339.алек@mail.ru;1970-02-07;Нижний Новгород
crm-572;Козлова Свётлана Андрёёвна;8 (937) 063-55-33; USER404.СВЕТ@MAIL.RU ;1992-08-01;г. Уфа
crm-1753;АЛЕКСЕЕВ ПАВЕЛ ДМИТРИЕВИЧ;; USER1261.ПАВЕ@MAIL.RU ;4.1.1975;МОСКВА
crm-3875;Борисов Валентин Николаевич;+79298184386;user2749.вале@mail.ru;1973-06-20;Ростов-на-Дону
crm-1369;Александров Виктор Владимирович;+79958754269;user972.викт@mail.ru;1969-03-01;Ростов-на-Дону
crm-3790;Волкова  Мария  Ивановна;8 (938) 050-76-71; USER2691.МАРИ@MAIL.RU ;1955-05-02;Ростов-на-Дону г.
crm-4113;Никитин Лев;79122185340;;12.3.1998;Екатеринбург г.
crm-2913;Фёдоров Константин Владимирович;+79683206221;user2063.конс@mail.ru;1959-01-05;Волгоград
crm-716;Николаев Пётр Евгеньевич;+79822722829;user510.пeтр@mail.ru;1985-05-17;Уфа
crm-747;Попова Дарья Евгеньевна;+79139365293;user533.дарь@mail.ru;1966-07-25;Екатеринбург
crm-3525;Воробьёв  Дмитрий  Олегович;79913118706; USER2505.ДМИТ@MAIL.RU ;1959-01-02;г. Красноярск
crm-1713;Воробьёва Ирина Алексеевна;+79484755053;user1228.ирин@mail.ru;1955-08-03;Омск
crm-258;Петров  Ярослав  Юрьевич;79967100790;;1982-08-11;Ростов-на-Дону г.
crm-4197;Лебедева Вера Андреевна;+79414957141;user2976.вера@mail.ru;1961-06-06;Пермь
crm-707;Соловьёв Борис Игоревич;+79105576721;user504.бори@mail.ru;1972-08-25;Воронеж
crm-1866;Павлов Виктор Игорёвич;79859593858;;21.11.1989;Москва г.
crm-3872;Кузнецов Глеб Александрович;+79350840527;user2747.глеб@mail.ru;1998-02-22;Краснодар
crm-1095;Воробьёва Полина Дмитриёвна;8 (939) 076-15-98;;1980-09-03;Краснодар г.
crm-3174;Григорьев Фёдор Петрович;+79404748128;user2253.фeдо@mail.ru;1956-03-01;Казань
crm-2742;Новиков Константин Ёвгёньёвич;;USER1946.КОНС@MAIL.RU;27/12/1995;КРАСНОДАР
crm-3785;Андреев Ярослав Дмитриевич;+79747937085;user2689.ярос@mail.ru;1965-01-15;Волгоград
crm-131;КОЗЛОВА СОФИЯ ПЕТРОВНА;8 (909) 718-73-52; USER90.СОФИ@MAIL.RU ;22.11.1982;г. Санкт-Петербург
crm-1389;Фролов Андрей Евгеньевич;+79586328748;user989.андр@mail.ru;1970-10-16;Волгоград
crm-2727;степанов владимир владимирович;+79111373968; USER1934.ВЛАД@MAIL.RU ;28/03/1992;РОСТОВ-НА-ДОНУ
crm-3801;СЕМЁНОВ СЕРГЕЙ ИВАНОВИЧ;926 977 11 44; USER2697.СЕРГ@MAIL.RU ;6.2.1955;Волгоград г.
crm-3968;Морозов Роман Евгеньевич;+79725808309;user2821.рома@mail.ru;1978-10-23;Нижний Новгород
crm-2615;Игорь Кузнецов;79104425538;;03/05/1995;г. Новосибирск
crm-4068;Борисов Кирилл Иванович;+79084880908;user2892.кири@mail.ru;1961-02-02;Краснодар
crm-1261;Иванов Виктор Павлович;+79457458080;user897.викт@mail.ru;1972-04-03;Казань
crm-3573;Лебедев Иван;961 902 51 09; USER2539.ИВАН@MAIL.RU ;23.08.1974;ВОРОНЕЖ
crm-3828;Романов Пётр Викторович;+79156963268;user2718.пeтр@mail.ru;1986-04-10;Санкт-Петербург
crm-1939;Петров-Водкин Антон Николаевич;+79633521338;user1381.анто@mail.ru;1994-01-07;Нижний Новгород
crm-1162;ЕГОРОВ АЛЕКСЕЙ ИВАНОВИЧ;8-924-9244407224; USER823.АЛЕК@MAIL.RU ;14.10.1975;Санкт-Петербург г.
crm-376;Смирнова Вера Борисовна;+79591866154;user260.вера@mail.ru;1992-11-16;Пермь
crm-1639;Смирнов Игорь Сергеевич;+79493058698;user1172.игор@mail.ru;1979-01-05;Ростов-на-Дону
crm-1656;Козлов Олег Олегович;+79957501390;user1182.олег@mail.ru;1963-05-03;Москва
crm-3377;Иванов Лев Борисович;+79385349805;user2393.лев@mail.ru;1964-09-02;Новосибирск
crm-1152;Попов Вадим Викторович;+79264560961;user817.вади@mail.ru;1964-09-11;Волгоград
crm-253;Воробьёв Борис Николаевич;+79542776022;user177.бори@mail.ru;1989-07-15;Новосибирск
crm-1032;Андреева София Васильевна;+79213826743;user727.софи@mail.ru;1998-10-17;Волгоград
crm-2593;Григорьев Владимир Михайлович;+79293460827;user1847.влад@mail.ru;1972-04-01;Санкт-Петербург
crm-2787;Александрова Татьяна Игоревна;+79890314518;user1977.тать@mail.ru;1998-03-25;Нижний Новгород
crm-3357;Иванова Дарья Игоревна;+79939191539;user2378.дарь@mail.ru;1972-04-05;Москва
crm-1322;АЛЕКСАНДРОВ БОРИС АЛЕКСЕЕВИЧ;+79457783231;;09/11/1980;САНКТ-ПЕТЕРБУРГ
crm-1613;Захаров Алексей Андреевич;+79591575308;user1153.алек@mail.ru;1985-03-06;Москва
crm-1292;Сергеев Юрий Юрьевич;+79674773003;user916.юрий@mail.ru;1963-12-16;Самара
crm-4216;Романова Полина Александровна;+79852200269;user2992.поли@mail.ru;1963-09-12;Красноярск
crm-3407;Яковлев Антон Олегович;+79860863152;user2418.анто@mail.ru;1988-06-03;Уфа
crm-2838;Михайлов Глеб Владимирович;+79864954098;user2017.глеб@mail.ru;1997-09-11;Омск
crm-1614;ЗАХАРОВ АЛЕКСЕЙ АНДРЕЕВИЧ;8 (959) 157-53-08; USER1153.АЛЕК@MAIL.RU ;06/03/1985;г. Москва
crm-1850;Волков Антон Васильевич;+79864695404;user1325.анто@mail.ru;1963-05-28;Пермь
crm-4171;Никитин Алексей Павлович;+79279884371;user2959.алек@mail.ru;1984-07-22;Волгоград
crm-2439;Орлов Константин Сергеевич;+79654837143;user1740.конс@mail.ru;1984-02-06;Пермь
crm-1037;МИХАЙЛОВ АЛЕКСЕЙ АНДРЕЕВИЧ;79255470115;;10/02/1983;Екатеринбург г.
crm-1371;Степанов Артём Владимирович;+79236053903;user974.артe@mail.ru;1967-12-19;Воронеж
crm-4277;;;;99.99.9999;
crm-2126;Фролов Олег Юрьевич;+79038478297;user1516.олег@mail.ru;1995-03-16;Екатеринбург
crm-1972;РОМАНОВ ЮРИЙ ДМИТРИЕВИЧ;8-976-9765440285;;9.7.1976;УФА
crm-2064;Иванов Егор Иванович;+79018093595;user1477.егор@mail.ru;1957-07-24;Воронеж
crm-2496;Андреев Антон Павлович;+79604336430;user1779.анто@mail.ru;1987-05-16;Воронеж
crm-709;Иванова Екатерина Сергеевна;+79767327628;user506.екат@mail.ru;1983-12-20;Новосибирск
crm-1124;Сергеев Владимир Викторович;+79122005283;user796.влад@mail.ru;1988-02-23;Самара
crm-3728;Григорьева Анна Юрьевна;+79391781284;user2646.анна@mail.ru;1979-07-15;Красноярск
crm-1895;Семёнов Юрий Павлович;+79062064474;user1354.юрий@mail.ru;1955-10-18;Санкт-Петербург
crm-2219;Соловьёв Антон Андреевич;+79154720850;user1591.анто@mail.ru;1992-06-04;Ростов-на-Дону
crm-1381;Романов Александр Борисович;+79024857756;user983.алек@mail.ru;1985-07-03;Пермь
crm-2632;Воробьёв Константин Борисович;+79741997307;user1870.конс@mail.ru;1964-12-01;Ростов-на-Дону
crm-3307;Кузнецова Юлия Сергеевна;+79540730235;user2351.юлия@mail.ru;1980-08-03;Воронеж
crm-3623;Александрова Полина Викторовна;+79454168166;user2570.поли@mail.ru;1957-05-12;Воронеж
crm-3524;Воробьёв Дмитрий Олегович;+79913118706;user2505.дмит@mail.ru;1959-01-02;Красноярск
crm-2861;Морозова  Екатерина  Сергеевна;79840585314;USER2028.ЕКАТ@MAIL.RU;03/09/1994;Омск г.
crm-3633;Борисов Денис Борисович;+79344293066;user2578.дени@mail.ru;1968-07-20;Санкт-Петербург
crm-3922;Соловьёв Виктор;8 (945) 796-57-55; USER2784.ВИКТ@MAIL.RU ;1956-10-03;Пермь г.
crm-1041;андреев станислав владимирович;;USER731.СТАН@MAIL.RU;1989-08-16;г. Казань
crm-2358;Соколов Юрий Сёргёёвич;; USER1687.ЮРИЙ@MAIL.RU ;1997-05-23;г. Пермь
crm-3283;Иванов Вадим Сергеевич;+79897415665;user2333.вади@mail.ru;1973-12-12;Волгоград
crm-954;Петров Игорь Николаевич;+79735283371;user674.игор@mail.ru;1963-10-25;Казань
crm-425;Зайцева Людмила Михайловна;+79744720214;user298.людм@mail.ru;1962-10-05;Москва
crm-796;Зайцев Никита Алексеевич;+79383529790;user566.ники@mail.ru;1981-03-02;Самара
crm-2544;Петров Станислав;8-971-9718288576;USER1814.СТАН@MAIL.RU;01.04.1970;Самара г.
crm-578;Андреев Фёдор Олегович;+79571137955;user409.фeдо@mail.ru;1985-09-20;Пермь
crm-4054;Алексеев Валентин Юрьевич;+79553226551;user2878.вале@mail.ru;1989-11-28;Ростов-на-Дону
crm-784;Григорьев Денис Петрович;+79255451323;user555.дени@mail.ru;1994-09-12;Москва
crm-191;Иванов Максим Александрович;+79550918871;user128.макс@mail.ru;1974-06-07;Нижний Новгород
crm-2534;СОКОЛОВ АЛЕКСЕЙ ПАВЛОВИЧ;927 818 77 07; USER1808.АЛЕК@MAIL.RU ;04/08/1998;ПЕРМЬ
crm-2883;Орлова Ольга Петровна;+79465693101;user2043.ольг@mail.ru;1984-09-09;Екатеринбург
crm-1321;Александров Борис Алексеевич;+79457783231;user936.бори@mail.ru;1980-11-09;Санкт-Петербург
crm-1231;Семёнова Полина Дмитриевна;+79051215806;user874.поли@mail.ru;1991-07-28;Новосибирск
crm-3418;Борис Кузнецов;; USER2424.БОРИ@MAIL.RU ;09/12/1998;Омск г.
crm-574;ВОЛКОВ ДМИТРИЙ ИВАНОВИЧ;8 (900) 635-91-37;USER405.ДМИТ@MAIL.RU;05.12.1973;г. Москва
crm-4161;Егоров Глеб Петрович;+79049146928;user2952.глеб@mail.ru;1980-09-15;Волгоград
crm-2013;Григорьев Евгений Николаевич;+79454695510;user1435.евге@mail.ru;1958-06-03;Санкт-Петербург
crm-1605;алексеева людмила дмитриевна;8 (998) 134-04-63; USER1145.ЛЮДМ@MAIL.RU ;3.9.1968;г. Омск
crm-3837;Соловьёв Илья Сергеевич;+79022404695;user2725.илья@mail.ru;1994-01-27;Ростов-на-Дону
crm-2269;Новикова Дарья Васильевна;+79418464828;user1626.дарь@mail.ru;1981-03-11;Пермь
crm-2952;Борисов Евгений Юрьевич;+79161252571;user2087.евге@mail.ru;1958-05-25;Омск
crm-551;Захаров Иван Сергеевич;+79295381954;user389.иван@mail.ru;1985-04-13;Санкт-Петербург
crm-2850;Орлов Денис;79212445954;USER2023.ДЕНИ@MAIL.RU;1997-12-08;г. Санкт-Петербург
crm-2238;Степанов Станислав Дмитриевич;+79479614658;user1603.стан@mail.ru;1971-10-03;Пермь
crm-1184;Соколов Антон Андреевич;+79223481606;user841.анто@mail.ru;1991-10-28;Омск
crm-1557;Кузнецов Илья Юрьевич;+79247009761;user1113.илья@mail.ru;1971-03-26;Екатеринбург
crm-4049;ПЕТРОВ ВАДИМ ВАСИЛЬЕВИЧ;79722692915;;5.12.1977;КРАСНОЯРСК
crm-874;Орлов  Лев  Петрович;+79664128226;USER620.ЛЕВ@MAIL.RU;14.1.1985;НОВОСИБИРСК
crm-1107;Петров Юрий Евгеньевич;+79163272247;user782.юрий@mail.ru;1961-08-07;Новосибирск
crm-1693;Никитин Юрий Петрович;+79667969289;user1212.юрий@mail.ru;1961-01-04;Казань
crm-3990;ЗАХАРОВА ДАРЬЯ ВАСИЛЬЕВНА;; USER2835.ДАРЬ@MAIL.RU ;1961-02-01;Красноярск г.
crm-4190;Фёдоров  Денис  Петрович;; USER2971.ДЕНИ@MAIL.RU ;23/03/1987;г. Санкт-Петербург
crm-4256;???;;not-an-email;99.99.9999;
crm-855;Лебедев Николай Иванович;+79313961356;user609.нико@mail.ru;1973-04-20;Самара
crm-2359;СОКОЛОВ ЮРИЙ СЕРГЕЕВИЧ;998 317 36 98; USER1687.ЮРИЙ@MAIL.RU ;23/05/1997;г. Пермь
crm-115;яковлев николай владимирович;903 197 16 15;;07/04/1962;г. Самара
crm-1555;Никитина Галина Михайловна;8 (947) 237-58-65;USER1111.ГАЛИ@MAIL.RU;17.9.1992;МОСКВА
crm-1238;Орлов Юрий Игоревич;+79091856032;user880.юрий@mail.ru;1991-02-06;Нижний Новгород
crm-3833;Валентин Зайцев;928 117 36 91;;1961-01-09;КРАСНОЯРСК
crm-1344;Макаров Артём Павлович;+79890476765;user952.артe@mail.ru;1994-12-07;Воронеж
crm-3824;Александров Виктор Игоревич;+79610327042;user2714.викт@mail.ru;1966-07-16;Воронеж
crm-114;Яковлев Николай Владимирович;+79031971615;user79.нико@mail.ru;1962-04-07;Самара
crm-4156;Андреев Пётр Борисович;+79619869146;user2947.пeтр@mail.ru;1986-10-12;Казань
crm-3171;Воробьёв Тимофёй Борисович;; USER2250.ТИМО@MAIL.RU ;1995-12-28;ВОРОНЕЖ
crm-127;Козлова Вера Павловна;+79248150086;user88.вера@mail.ru;1960-02-23;Ростов-на-Дону
crm-3708;Сергеева Виктория Дмитриевна;+79319400956;user2630.викт@mail.ru;1963-12-19;Уфа
crm-2082;Соловьёв Фёдор Александрович;+79608275182;user1489.фeдо@mail.ru;1979-06-12;Москва
crm-3217;СЕРГЕЕВ ВИКТОР НИКОЛАЕВИЧ;+79880670078; USER2288.ВИКТ@MAIL.RU ;26.11.1986;г. Красноярск
crm-2882;МАКАРОВА ИРИНА БОРИСОВНА;900 164 39 18;;28.11.1964;САМАРА
crm-3687;Андреев Сергей Алексеевич;+79676339127;user2615.серг@mail.ru;1973-07-05;Самара
crm-1911;ПОПОВА ПОЛИНА ОЛЕГОВНА;8-969-9695202648; USER1366.ПОЛИ@MAIL.RU ;1992-06-13;г. Екатеринбург
crm-3230;Романов Иван;79202835991;USER2295.ИВАН@MAIL.RU;1981-02-24;г. Краснодар
crm-1454;СТЕПАНОВ АЛЕКСЕЙ ЕВГЕНЬЕВИЧ;8-959-9593379195;USER1035.АЛЕК@MAIL.RU;21.6.1996;г. Краснодар
crm-2571;Светлана Алексеева;8-964-9642022142;;14.06.1963;ОМСК
crm-1891;Козлова Ирина Борисовна;+79678715105;user1351.ирин@mail.ru;1987-11-11;Екатеринбург
crm-975;Макаров Александр Владимирович;+79288718734;user685.алек@mail.ru;1960-09-03;Екатеринбург
crm-3804;Петрова Вера Петровна;+79178567281;user2699.вера@mail.ru;1983-09-16;Екатеринбург
crm-2002;Лёбёдёв Сёргёй Викторович;; USER1425.СЕРГ@MAIL.RU ;1979-02-09;Пермь г.
crm-900;Сергеев Олег Михайлович;+79029507898;user636.олег@mail.ru;1995-03-04;Самара
crm-3455;яковлев сергей сергеевич;+79099750344;;24/07/1985;РОСТОВ-НА-ДОНУ
crm-2354;Фролов Алексей Олегович;+79156802409;user1685.алек@mail.ru;1957-12-20;Екатеринбург
crm-2596;КУЗНЕЦОВА ИРИНА ИГОРЕВНА;79320890706; USER1848.ИРИН@MAIL.RU ;1997-05-02;ВОЛГОГРАД
crm-2956;АЛЕКСАНДРОВ НИКОЛАЙ ВЛАДИМИРОВИЧ;79760506247; USER2088.НИКО@MAIL.RU ;12.05.1981;г. Ростов-на-Дону
crm-4268;;;;99.99.9999;
crm-2712;Орлов  Артём  Борисович;8-915-9158020543; USER1921.АРТE@MAIL.RU ;7.4.1965;г. Ростов-на-Дону
crm-3446;Петров-Водкин Кирилл Николаевич;+79003092317;user2451.кири@mail.ru;1966-05-18;Волгоград
crm-3026;Борисов Алексей Алексеевич;+79659342591;user2135.алек@mail.ru;1999-09-11;Ростов-на-Дону
crm-2499;Петров-Водкин Виктор Евгеньевич;+79132694306;user1782.викт@mail.ru;1974-11-28;Нижний Новгород
crm-76;Павлов Андрей Михайлович;+79265930224;user54.андр@mail.ru;1961-07-14;Санкт-Петербург
crm-316;ЗАЙЦЕВ МИХАИЛ НИКОЛАЕВИЧ;;USER223.МИХА@MAIL.RU;3.6.1955;Казань г.
crm-3154;Иванов Виктор Юрьевич;+79160380462;user2238.викт@mail.ru;1997-10-18;Москва
crm-3371;Сёргёёва Анна Сёргёёвна;79626169506; USER2387.АННА@MAIL.RU ;27.09.1986;г. Уфа
crm-4202;Николаев Глеб Борисович;+79344395746;user2981.глеб@mail.ru;1977-09-13;Нижний Новгород
crm-1267;Новикова Виктория Васильевна;+79847076088;user901.викт@mail.ru;1972-07-11;Екатеринбург
crm-843;Римский-Корсаков Валентина Петровна;+79570828188;user602.вале@mail.ru;1973-04-14;Пермь
crm-3267;Фёдоров Илья Александрович;+79359449244;user2318.илья@mail.ru;1999-03-14;Уфа
crm-930;Алексеева Галина Дмитриевна;+79507681226;user658.гали@mail.ru;1983-09-19;Екатеринбург
crm-3587;Андреев Максим Игоревич;+79405341686;user2546.макс@mail.ru;1975-09-09;Санкт-Петербург
crm-3125;Римский-Корсаков Виктор Владимирович;79829849498; USER2216.ВИКТ@MAIL.RU ;14.8.1989;САМАРА
crm-527;София Андреева;; USER371.СОФИ@MAIL.RU ;1986-11-04;МОСКВА
crm-484;Иванова Людмила Павловна;+79070756059;user343.людм@mail.ru;1975-03-10;Нижний Новгород
crm-2682;Козлов  Никита  Евгеньевич;+79199172698; USER1902.НИКИ@MAIL.RU ;6.9.1963;САМАРА
crm-3616;Алексеев Тимофей Васильевич;+79410398421;user2566.тимо@mail.ru;1961-12-10;Уфа
crm-2199;Сергеев Василий Михайлович;+79542944434;user1576.васи@mail.ru;1964-12-07;Красноярск
crm-1380;Соколова Полина;8-903-9031763086;USER982.ПОЛИ@MAIL.RU;15.01.1962;г. Санкт-Петербург
crm-558;Ирина Кузнецова;;USER392.ИРИН@MAIL.RU;12.2.1971;НИЖНИЙ НОВГОРОД
crm-138;Яковлева Светлана Викторовна;+79172054952;user95.свет@mail.ru;1979-08-07;Краснодар
crm-3351;Соловьёв Владимир;928 254 58 39;USER2373.ВЛАД@MAIL.RU;04/07/1987;Воронеж г.
crm-1117;Васильева Татьяна Петровна;+79592567191;user790.тать@mail.ru;1994-10-17;Екатеринбург
crm-1746;Егоров Ярослав Александрович;+79836475297;user1255.ярос@mail.ru;1991-08-18;Уфа
crm-249;Александров Лев Михайлович;+79527296497;user173.лев@mail.ru;1962-01-10;Краснодар
crm-1568;Степанов Ярослав Алексеевич;+79354271347;user1123.ярос@mail.ru;1982-02-06;Санкт-Петербург
crm-1384;Алексей Алексеев;922 118 47 53;;12.05.1959;Новосибирск г.
crm-3081;Зайцев Тимофей Васильевич;+79014553529;user2178.тимо@mail.ru;1971-08-10;Самара
crm-3798;Петрова Екатерина;; USER2696.ЕКАТ@MAIL.RU ;1969-03-14;РОСТОВ-НА-ДОНУ
crm-189;Борисов  Никита  Сергеевич;8-910-9104530835;USER126.НИКИ@MAIL.RU;24.02.1996;Санкт-Петербург г.
crm-427;Захаров Борис Юрьевич;+79925579064;user300.бори@mail.ru;1979-09-17;Красноярск
crm-3110;Сергеева Ольга Алексеевна;+79243428130;user2204.ольг@mail.ru;1986-03-26;Москва
crm-619;Степанов Николай Дмитриевич;+79925205333;user439.нико@mail.ru;1977-11-07;Москва
crm-3460;Петрова Мария Петровна;+79423885231;user2461.мари@mail.ru;1997-11-25;Екатеринбург
crm-3178;Петров Егор Олегович;+79876887277;user2257.егор@mail.ru;1970-05-05;Санкт-Петербург
crm-849;Кузнецов Павел Евгеньевич;+79604055035;user606.паве@mail.ru;1999-08-04;Казань
crm-28;Новиков Валентин Андреевич;+79546395369;user18.вале@mail.ru;1988-03-10;Санкт-Петербург
crm-1579;РИМСКИЙ-КОРСАКОВ ДМИТРИЙ СЕРГЕЕВИЧ;79081952182;USER1130.ДМИТ@MAIL.RU;21.7.1992;Пермь г.
crm-2663;Римский-Корсаков Артём Дмитриевич;+79211946899;user1892.артe@mail.ru;1959-02-16;Омск
crm-4167;Сергеева Ольга;8-907-9072048475; USER2956.ОЛЬГ@MAIL.RU ;8.12.1963;г. Омск
crm-2816;ЯКОВЛЕВ АЛЕКСЕЙ СЕРГЕЕВИЧ;+79760798208;USER1998.АЛЕК@MAIL.RU;14/04/1978;Новосибирск г.
crm-3914;Романова Полина;8-905-9053489187; USER2781.ПОЛИ@MAIL.RU ;1980-11-15;Ростов-на-Дону г.
crm-201;Григорьева Ольга Александровна;+79917158316;user136.ольг@mail.ru;1966-04-08;Воронеж
crm-1182;Павлов Алексей Васильевич;+79267468602;user839.алек@mail.ru;1969-07-15;Екатеринбург
crm-3135;Егорова Мария Михайловна;+79706261188;user2221.мари@mail.ru;1970-05-05;Казань
crm-2599;Никитин Александр Евгеньевич;+79077362783;user1851.алек@mail.ru;1982-12-17;Нижний Новгород
crm-987;Зайцев Константин Олегович;+79714687103;user693.конс@mail.ru;1977-08-14;Красноярск
crm-329;Соколов Павел Сергеевич;+79225038813;user229.паве@mail.ru;1994-01-08;Краснодар
crm-2668;Орлова Галина Ивановна;+79456690572;user1897.гали@mail.ru;1961-11-13;Санкт-Петербург
crm-1005;Смирнов Олег Сергеевич;+79285261974;user709.олег@mail.ru;1966-02-03;Воронеж
crm-1844;Сергеев Даниил Алексеевич;+79880161030;user1319.дани@mail.ru;1993-01-20;Санкт-Петербург
crm-190;Алексеев Алексей Александрович;+79880349707;user127.алек@mail.ru;1959-11-04;Красноярск
crm-3927;Степанов Кирилл Дмитриевич;+79297297950;user2786.кири@mail.ru;1972-04-14;Екатеринбург
crm-1459;Алексеев Григорий Борисович;+79143661206;user1037.григ@mail.ru;1966-04-18;Нижний Новгород
crm-3229;Романов Иван Владимирович;+79202835991;user2295.иван@mail.ru;1981-02-24;Краснодар
crm-3250;Фролова Полина Игоревна;+79497169858;user2307.поли@mail.ru;1970-09-21;Нижний Новгород
crm-3515;Андреев Никита Игоревич;+79861335034;user2500.ники@mail.ru;1980-03-22;Омск
crm-1756;Семёнов Илья Петрович;+79550042351;user1264.илья@mail.ru;1969-03-13;Красноярск
crm-2749;Роман Борисов;; USER1948.РОМА@MAIL.RU ;21/03/1998;г. Казань
crm-3886;Иванов Алексей Борисович;+79731631194;user2760.алек@mail.ru;1973-12-20;Омск
crm-3457;Михайлова Дарья Михайловна;+79678649375;user2458.дарь@mail.ru;1988-03-25;Москва
crm-1664;Юлия Лебедева;8-953-9537758392;USER1189.ЮЛИЯ@MAIL.RU;07.01.1989;г. Омск
crm-3327;Алексеев Юрий Игоревич;+79423309595;user2362.юрий@mail.ru;1967-12-22;Красноярск
crm-38;Глеб Макаров;79745694233; USER22.ГЛЕБ@MAIL.RU ;01.06.1955;г. Омск
crm-3511;Фролов Олег Борисович;+79995500812;user2498.олег@mail.ru;1984-05-23;Санкт-Петербург
crm-2123;волков владимир александрович;+79582387458;USER1514.ВЛАД@MAIL.RU;1998-06-11;г. Новосибирск
crm-3132;Михайлов Ёгор Михайлович;8 (940) 460-91-48; USER2219.ЕГОР@MAIL.RU ;1987-06-28;Краснодар г.
crm-3121;КУЗНЕЦОВ ВАЛЕНТИН ИГОРЕВИЧ;8-904-9042185754; USER2213.ВАЛЕ@MAIL.RU ;1979-04-13;г. Воронеж
crm-1253;Римский-Корсаков Юлия Васильевна;+79723191925;user890.юлия@mail.ru;1961-12-12;Екатеринбург
crm-1086;ОРЛОВ КИРИЛЛ НИКОЛАЕВИЧ;967 599 30 91; USER762.КИРИ@MAIL.RU ;05.08.1981;САНКТ-ПЕТЕРБУРГ
crm-1541;Захаров Владимир Александрович;+79505075739;user1100.влад@mail.ru;1985-06-22;Краснодар
crm-4125;Морозов  Денис  Васильевич;; USER2928.ДЕНИ@MAIL.RU ;10.06.1959;Казань г.
crm-2073;АНДРЕЕВА ВЕРА НИКОЛАЕВНА;8 (956) 860-20-84;;18.12.1977;РОСТОВ-НА-ДОНУ
crm-3467;Морозова Юлия Дмитриевна;+79760217182;user2466.юлия@mail.ru;1977-05-09;Новосибирск
crm-754;Андреев Павел Андреевич;+79074523592;user536.паве@mail.ru;1996-08-23;Новосибирск
crm-3569;Егоров Василий Иванович;+79141319660;user2536.васи@mail.ru;1976-11-13;Екатеринбург
crm-868;Волков Тимофей Павлович;+79818609402;user619.тимо@mail.ru;1990-02-28;Воронеж
crm-2754;Попова Светлана Павловна;+79764021297;user1950.свет@mail.ru;1995-02-15;Екатеринбург
crm-3620;Сергеев Алексей Михайлович;+79563366754;user2567.алек@mail.ru;1981-02-08;Красноярск
crm-3143;Макаров Михаил Петрович;+79926728968;user2227.миха@mail.ru;1966-03-11;Пермь
crm-988;Орлов Михаил Олегович;+79928014449;user694.миха@mail.ru;1990-01-01;Нижний Новгород
crm-3137;Григорьев Олег Васильевич;+79869133061;user2223.олег@mail.ru;1994-10-23;Ростов-на-Дону
crm-1420;Иванова Анна Сергеевна;+79556914136;user1015.анна@mail.ru;1999-08-16;Санкт-Петербург
crm-2475;Фролов Юрий;+79160434146;USER1766.ЮРИЙ@MAIL.RU;25/07/1994;КРАСНОДАР
crm-2398;Петров-Водкин  Александр  Сергеевич;8 (980) 063-73-00; USER1710.АЛЕК@MAIL.RU ;18/05/1986;Волгоград г.
crm-4200;Фролова Анна Петровна;+79371863776;user2979.анна@mail.ru;1999-09-10;Нижний Новгород
crm-464;Зайцев Виктор Андреевич;+79387371015;user329.викт@mail.ru;1955-08-19;Екатеринбург
crm-3471;Волкова Ольга Андреевна;+79898410905;user2470.ольг@mail.ru;1967-06-17;Уфа
crm-2361;Попов Григорий Павлович;+79375912015;user1688.григ@mail.ru;1986-07-27;Уфа
crm-2455;Соколов  Ярослав  Дмитриевич;8-905-9056374483; USER1750.ЯРОС@MAIL.RU ;19/06/1966;Красноярск г.
crm-2148;Тимофей Алексеев;79594130343;;19/10/1995;ПЕРМЬ
crm-2701;Егоров Евгений Михайлович;+79255580399;user1916.евге@mail.ru;1964-08-25;Ростов-на-Дону
crm-2487;Попова Полина Андреевна;+79625500109;user1774.поли@mail.ru;1972-11-05;Москва
crm-801;Воробьёв Лев Юрьевич;+79943347563;user571.лев@mail.ru;1975-06-18;Красноярск
crm-2995;Иванов Артём Игоревич;+79615185713;user2116.артe@mail.ru;1971-01-18;Омск
crm-3312;римский-корсаков кирилл николаевич;8 (976) 040-86-64;;1955-05-11;г. Екатеринбург
crm-1995;Степанова Екатерина Владимировна;+79734439008;user1420.екат@mail.ru;1996-05-01;Пермь
crm-799;Васильева Дарья Борисовна;+79155162529;user569.дарь@mail.ru;1969-08-17;Новосибирск
crm-2379;Кузнецов Пётр Васильевич;+79580316714;user1700.пeтр@mail.ru;1988-07-27;Екатеринбург
crm-246;Морозов Виктор Владимирович;+79438405549;user170.викт@mail.ru;1963-07-01;Екатеринбург
crm-3097;Степанова  Мария  Викторовна;79632893858;;1986-05-10;НОВОСИБИРСК
crm-2568;орлова полина борисовна;79505354303;USER1829.ПОЛИ@MAIL.RU;1969-11-04;ОМСК
crm-157;Макаров Станислав Петрович;+79340719666;user108.стан@mail.ru;1986-01-14;Ростов-на-Дону
crm-2244;Соколов Андрей Алексеевич;+79269808996;user1606.андр@mail.ru;1956-06-12;Волгоград
crm-442;Фёдорова Виктория Ивановна;+79396322279;user310.викт@mail.ru;1961-03-25;Санкт-Петербург
crm-3773;Петров Максим Павлович;+79657339374;user2683.макс@mail.ru;1976-04-11;Красноярск
crm-2021;Петров Вадим Юрьевич;+79505524963;user1443.вади@mail.ru;1964-12-22;Казань
crm-3;Волкова Юлия Андреевна;+79884450590;user3.юлия@mail.ru;1960-07-11;Москва
crm-3778;Фёдоров Олег Дмитриевич;+79312674023;user2685.олег@mail.ru;1956-05-11;Казань
crm-822;Фёдорова Татьяна Петровна;+79086686413;user584.тать@mail.ru;1980-12-05;Воронеж
crm-94;Яковлев Кирилл Иванович;+79194465424;user65.кири@mail.ru;1973-01-09;Санкт-Петербург
crm-2922;Кузнецов  Ярослав  Алексеевич;79983355033; USER2069.ЯРОС@MAIL.RU ;1975-05-03;ЕКАТЕРИНБУРГ
crm-3705;СОЛОВЬЁВА ЕЛЕНА ИВАНОВНА;79800711185;USER2627.ЕЛЕН@MAIL.RU;06/12/1990;НОВОСИБИРСК
crm-3540;Кузнецова Виктория Ивановна;+79866174121;user2517.викт@mail.ru;1987-08-22;Москва
crm-1549;Волкова Наталья Петровна;+79403149561;user1107.ната@mail.ru;1964-03-11;Красноярск
crm-3291;Никитина Мария Александровна;+79239075154;user2341.мари@mail.ru;1980-06-13;Москва
crm-1820;Вадим Воробьёв;+79769749781; USER1305.ВАДИ@MAIL.RU ;1992-05-07;г. Нижний Новгород
crm-862;Зайцев Роман Иванович;+79623328707;user613.рома@mail.ru;1994-11-26;Екатеринбург
crm-1781;Павлов Андрей Александрович;+79080280238;user1280.андр@mail.ru;1972-10-10;Ростов-на-Дону
crm-2424;Фёдоров Роман Николаевич;+79841879896;user1729.рома@mail.ru;1959-05-01;Москва
crm-1973;романов юрий дмитриевич;8 (976) 544-02-85;;09.07.1976;г. Уфа
crm-3204;Орлов Даниил Петрович;+79348489201;user2278.дани@mail.ru;1982-03-09;Казань
crm-1495;Лебедев Виктор Михайлович;+79374933413;user1064.викт@mail.ru;1955-02-21;Санкт-Петербург
crm-3514;Сергеева Екатерина Владимировна;+79920738747;user2499.екат@mail.ru;1989-06-06;Самара
crm-1091;Попов Илья Викторович;+79484057245;user767.илья@mail.ru;1992-12-15;Новосибирск
crm-1893;соловьёва екатерина андреевна;;USER1352.ЕКАТ@MAIL.RU;21.5.1994;ВОРОНЕЖ
crm-1887;Семёнова Вера Борисовна;+79880818142;user1347.вера@mail.ru;1971-10-15;Пермь
crm-3941;Никитина Ольга Юрьевна;+79057053231;user2798.ольг@mail.ru;1968-10-06;Нижний Новгород
crm-3910;Соколова Анна Николаевна;+79546166148;user2778.анна@mail.ru;1996-05-22;Уфа
crm-1400;Павлов Олег Александрович;+79769755041;user1000.олег@mail.ru;1979-05-06;Волгоград
crm-2081;Сергеев Сергей Михайлович;+79336881402;user1488.серг@mail.ru;1996-07-04;Красноярск
crm-3260;Римский-Корсаков Людмила;8-935-9352037858;USER2312.ЛЮДМ@MAIL.RU;12.01.1957;г. Воронеж
crm-3238;Иванова Вёра Алёксёёвна;989 749 91 38;;28.5.1985;г. Омск
crm-4095;Макаров Андрей Алексеевич;+79085745296;user2909.андр@mail.ru;1970-06-28;Воронеж
crm-2847;Орлов Максим;+79287586180;;1995-05-19;Уфа г.
crm-2901;захаров павел олегович;79417323171;;8.11.1967;г. Ростов-на-Дону
crm-732;Сергеева Ксения Борисовна;+79803195465;user521.ксен@mail.ru;1968-11-17;Красноярск
crm-3779;Смирнова Виктория Ивановна;+79252088865;user2686.викт@mail.ru;1959-01-20;Волгоград
crm-1902;Макаров Валентин Андреевич;+79335548194;user1359.вале@mail.ru;1956-01-28;Омск
crm-644;Васильев Роман Петрович;+79832185614;user459.рома@mail.ru;1987-07-03;Казань
crm-166;Макаров Алексей;; USER113.АЛЕК@MAIL.RU ;1984-08-25;г. Красноярск
crm-3368;Сергеева Анна Сергеевна;+79626169506;user2387.анна@mail.ru;1986-09-27;Уфа
crm-1233;Николаев Пётр Петрович;+79817537293;user876.пeтр@mail.ru;1996-03-26;Волгоград
crm-2626;БОРИСОВА ЕКАТЕРИНА ИВАНОВНА;985 551 66 53;USER1865.ЕКАТ@MAIL.RU;23.9.1994;КРАСНОЯРСК
crm-2919;Кузнецов Ярослав Алексеевич;+79983355033;user2069.ярос@mail.ru;1975-05-03;Екатеринбург
crm-910;Орлова Ольга Евгеньевна;+79387273088;user646.ольг@mail.ru;1955-09-10;Екатеринбург
crm-3694;Васильев Вадим Олегович;+79675279136;user2621.вади@mail.ru;1962-04-26;Ростов-на-Дону
crm-194;Римский-Корсаков Роман Сергеевич;+79716193192;user129.рома@mail.ru;1988-05-27;Краснодар
crm-970;Петрова Ольга Олеговна;+79085333626;user682.ольг@mail.ru;1998-09-18;Москва
crm-4160;Новикова Елена Николаевна;+79012836779;user2951.елен@mail.ru;1968-09-07;Уфа
crm-1388;Борисов Пётр Игоревич;+79153632746;user988.пeтр@mail.ru;1993-03-06;Санкт-Петербург
crm-3353;Семёнов Константин Михайлович;+79119232700;user2374.конс@mail.ru;1959-04-17;Казань
crm-1340;Фролов Егор Павлович;+79769801115;user948.егор@mail.ru;1970-04-23;Екатеринбург
crm-2310;Зайцев Андрей Владимирович;+79143480331;user1652.андр@mail.ru;1959-06-28;Воронеж
crm-2931;Петров Григорий Павлович;+79760355354;user2073.григ@mail.ru;1990-07-24;Красноярск
crm-4308;???;12345;;99.99.9999;
crm-184;Степанов Константин;918 468 76 57; USER124.КОНС@MAIL.RU ;17/08/1966;КРАСНОЯРСК
crm-4299;???;;;31.02.1990;
crm-2619;ВОРОБЬЁВ ЕГОР АНДРЕЕВИЧ;79372453384;USER1861.ЕГОР@MAIL.RU;17.11.1978;г. Екатеринбург
crm-129;Козлова София Петровна;+79097187352;user90.софи@mail.ru;1982-11-22;Санкт-Петербург
crm-4152;Соколов Никита Сергеевич;+79964838224;user2946.ники@mail.ru;1975-08-03;Ростов-на-Дону
crm-1423;Василий Кузнецов;8 (938) 590-56-38; USER1017.ВАСИ@MAIL.RU ;15.08.1992;КРАСНОДАР
crm-1532;Ярослав Егоров;8-969-9690337518;USER1092.ЯРОС@MAIL.RU;23/05/1996;Самара г.
crm-478;Андреева Ксения Павловна;+79104686575;user339.ксен@mail.ru;1991-10-02;Уфа
crm-1961;Соколов Павел Павлович;+79604186242;user1396.паве@mail.ru;1966-11-09;Ростов-на-Дону
crm-386;Семёнов Михаил Петрович;+79365600129;user270.миха@mail.ru;1987-12-07;Волгоград
crm-2254;НИКОЛАЕВ ВАДИМ ВАСИЛЬЕВИЧ;+79499083173; USER1614.ВАДИ@MAIL.RU ;12/11/1966;ПЕРМЬ
crm-3503;Воробьёва Людмила Васильевна;+79998050270;user2491.людм@mail.ru;1986-12-13;Самара
crm-1485;Захаров Илья Борисович;+79930629952;user1057.илья@mail.ru;1978-12-19;Новосибирск
crm-2224;Волкова Екатерина;917 276 49 50; USER1595.ЕКАТ@MAIL.RU ;1984-02-18;НИЖНИЙ НОВГОРОД
crm-3543;Виктория Кузнецова;8-986-9866174121;USER2517.ВИКТ@MAIL.RU;1987-08-22;г. Москва
crm-1399;Борисов Валентин Васильевич;+79037403664;user999.вале@mail.ru;1987-12-13;Москва
crm-2775;Фёдоров  Максим  Олегович;;USER1966.МАКС@MAIL.RU;1986-09-16;Санкт-Петербург г.
crm-836;Соловьёва Екатерина Алексеевна;+79002166608;user595.екат@mail.ru;1964-11-27;Красноярск
crm-1770;соловьёв владимир евгеньевич;79473422513; USER1274.ВЛАД@MAIL.RU ;16/12/1982;САНКТ-ПЕТЕРБУРГ
crm-522;Романова Елена Олеговна;+79930806031;user368.елен@mail.ru;1988-08-19;Самара
crm-3776;Петров Максим;8 (965) 733-93-74; USER2683.МАКС@MAIL.RU ;11.04.1976;г. Красноярск
crm-3447;Зайцев Павел Викторович;+79889282832;user2452.паве@mail.ru;1965-01-05;Уфа
crm-2084;Орлов Владимир Алёксандрович;+79001938574;;21.1.1995;Самара г.
crm-702;Николаев Максим Иванович;+79026790716;user501.макс@mail.ru;1978-11-17;Красноярск
crm-583;петров-водкин иван петрович;79712234368; USER411.ИВАН@MAIL.RU ;1969-07-16;Красноярск г.
crm-4099;Орлов Даниил Петрович;+79161174772;user2912.дани@mail.ru;1978-01-04;Нижний Новгород
crm-1433;Яковлев Максим Михайлович;+79156914793;user1023.макс@mail.ru;1990-11-26;Самара
crm-2052;Васильева Анна Павловна;+79506252990;user1468.анна@mail.ru;1966-08-28;Пермь
crm-3975;Смирнов Фёдор Павлович;+79484425059;user2826.фeдо@mail.ru;1985-01-19;Новосибирск
crm-1180;Фролов Денис Викторович;+79666361332;user837.дени@mail.ru;1960-01-03;Новосибирск
crm-158;макаров станислав петрович;; USER108.СТАН@MAIL.RU ;1986-01-14;РОСТОВ-НА-ДОНУ
crm-2239;СТЕПАНОВ СТАНИСЛАВ ДМИТРИЕВИЧ;8 (947) 961-46-58;USER1603.СТАН@MAIL.RU;3.10.1971;г. Пермь
crm-3129;Соловьёва  Галина  Юрьевна;; USER2218.ГАЛИ@MAIL.RU ;26.10.1976;г. Уфа
crm-1765;Петрова Анна;8-935-9350212678; USER1270.АННА@MAIL.RU ;1981-10-18;Нижний Новгород г.
crm-2714;Кузнецова Наталья Викторовна;+79370283695;user1922.ната@mail.ru;1981-04-05;Новосибирск
crm-1832;ЗАХАРОВ ОЛЕГ АЛЕКСАНДРОВИЧ;;USER1312.ОЛЕГ@MAIL.RU;02.05.1977;УФА
crm-3918;Романова Мария Николаевна;+79479448111;user2783.мари@mail.ru;1957-08-18;Краснодар
crm-3983;Яковлев Василий Викторович;+79320652432;user2831.васи@mail.ru;1999-10-19;Краснодар
crm-1126;Семёнов Антон Владимирович;+79350377359;user798.анто@mail.ru;1994-08-02;Нижний Новгород
crm-113;Орлов Кирилл Алексеевич;+79269967531;user78.кири@mail.ru;1978-09-19;Ростов-на-Дону
crm-1530;Егоров Ярослав;8 (969) 033-75-18;;23/05/1996;Самара г.
crm-1422;Кузнецов Василий Дмитриевич;+79385905638;user1017.васи@mail.ru;1992-08-15;Краснодар
crm-1822;Фёдорова Елена Михайловна;+79500544961;user1307.елен@mail.ru;1973-11-08;Воронеж
crm-2213;Козлов Владимир Михайлович;+79913741883;user1585.влад@mail.ru;1982-02-21;Новосибирск
crm-596;Козлов Валентин Павлович;+79026868345;user423.вале@mail.ru;1980-06-08;Санкт-Петербург
crm-3261;Орлова Виктория Сергеевна;+79192081313;user2313.викт@mail.ru;1958-12-22;Санкт-Петербург
crm-3107;Степанов Владимир Николаевич;+79112990304;user2201.влад@mail.ru;1966-09-08;Казань
crm-2426;Орлов Антон Дмитриёвич;; USER1730.АНТО@MAIL.RU ;07/02/1981;ЕКАТЕРИНБУРГ
crm-4250;???;;;31.02.1990;
crm-3883;Николаев Александр Алексеевич;+79357481248;user2757.алек@mail.ru;1988-09-08;Уфа
crm-3451;Петров Кирилл Михайлович;+79734644840;user2455.кири@mail.ru;1967-06-21;Казань
crm-3148;Степанов Максим Игоревич;+79084873501;user2232.макс@mail.ru;1987-08-25;Нижний Новгород
crm-199;Волков Дмитрий Николаевич;+79786634686;user134.дмит@mail.ru;1961-12-11;Омск
crm-4120;Григорьева Полина Александровна;+79537501548;user2927.поли@mail.ru;1997-04-26;Санкт-Петербург
crm-1689;Василий Яковлев;; USER1208.ВАСИ@MAIL.RU ;1990-09-17;САНКТ-ПЕТЕРБУРГ
crm-834;Андреева Ольга Михайловна;+79074855165;user593.ольг@mail.ru;1988-10-25;Волгоград
crm-1679;Соколов Антон Петрович;+79797779445;user1203.анто@mail.ru;1995-05-04;Красноярск
crm-2591;Фролов Сергей Павлович;+79685694790;user1845.серг@mail.ru;1997-07-28;Санкт-Петербург
crm-2657;Волков Лев Алексеевич;+79218486323;user1886.лев@mail.ru;1970-01-15;Омск
crm-877;Иванова Екатерина Владимировна;+79830157701;user622.екат@mail.ru;1980-10-19;Москва
crm-3336;андреева наталья юрьевна;8-919-9194982969; USER2367.НАТА@MAIL.RU ;20.09.1994;г. Воронеж
crm-3961;Александров Михаил Павлович;+79574144575;user2815.миха@mail.ru;1958-04-22;Ростов-на-Дону
crm-2;Петров Виктор Петрович;+79535262151;user2.викт@mail.ru;1989-05-03;Казань
crm-1910;Попова Полина Олеговна;+79695202648;user1366.поли@mail.ru;1992-06-13;Екатеринбург
crm-1509;Лебедев Никита Васильевич;+79976306404;user1076.ники@mail.ru;1972-06-11;Воронеж
crm-2723;Романова Ксения Павловна;+79978909481;user1931.ксен@mail.ru;1956-06-04;Москва
crm-866;Никитин Иван Андреевич;+79462380047;user617.иван@mail.ru;1964-12-27;Санкт-Петербург
crm-3422;Никитин Фёдор Борисович;+79383860262;user2428.фeдо@mail.ru;1977-10-16;Самара
crm-237;Морозов Игорь Олегович;+79170761806;user165.игор@mail.ru;1994-04-12;Уфа
crm-1964;Николаев Лев Борисович;+79930301255;user1398.лев@mail.ru;1984-04-01;Краснодар
crm-3013;Римский-Корсаков  Дмитрий  Олегович;968 040 61 59;USER2127.ДМИТ@MAIL.RU;12.5.1990;г. Санкт-Петербург
crm-1035;Михайлов Алексей Андреевич;+79255470115;user730.алек@mail.ru;1983-02-10;Екатеринбург
crm-11;Соловьёв Антон Игоревич;+79381703862;user9.анто@mail.ru;1958-05-19;Самара
crm-1677;Борисов Лев Васильевич;+79501841130;user1201.лев@mail.ru;1958-08-01;Казань
crm-2091;Александрова Дарья Ивановна;+79511697685;user1494.дарь@mail.ru;1985-04-12;Волгоград
crm-4048;Петров Вадим Васильевич;+79722692915;user2875.вади@mail.ru;1977-12-05;Красноярск
crm-2800;Павлов Евгений Евгеньевич;+79513736827;user1986.евге@mail.ru;1990-06-20;Омск
crm-3736;Григорьева Людмила Петровна;+79765196926;user2652.людм@mail.ru;1995-03-23;Красноярск
crm-1382;Алексеев Алексей Васильевич;+79221184753;user984.алек@mail.ru;1959-05-12;Новосибирск
crm-143;Попов  Иван  Александрович;+79860846113;USER98.ИВАН@MAIL.RU;11.8.1961;г. Пермь
crm-861;Павлов Василий Васильевич;+79983477363;user612.васи@mail.ru;1964-06-09;Новосибирск
crm-3654;Семёнов  Александр  Сергеевич;; USER2592.АЛЕК@MAIL.RU ;16/07/1979;г. Новосибирск
crm-3484;смирнов евгений павлович;+79868753216; USER2476.ЕВГЕ@MAIL.RU ;16/09/1978;САМАРА
crm-2880;Соколов Владимир Юрьевич;+79782460756;user2041.влад@mail.ru;1966-12-20;Новосибирск
crm-3860;Михайлова Анна Владимировна;+79906206462;user2738.анна@mail.ru;1955-06-15;Москва
crm-2272;Иванов Фёдор Олегович;+79825025207;user1629.фeдо@mail.ru;1958-04-07;Пермь
crm-3978;васильев никита игоревич;953 181 77 40; USER2827.НИКИ@MAIL.RU ;25/11/1980;г. Воронеж
crm-3643;Римский-Корсаков София Владимировна;+79199868174;USER2584.СОФИ@MAIL.RU;04/06/1972;г. Уфа
crm-4110;Никитин Лев Алексеевич;+79122185340;user2922.лев@mail.ru;1998-03-12;Екатеринбург
crm-1696;Зайцев Глеб Олегович;+79698307081;user1214.глеб@mail.ru;1976-07-06;Омск
crm-3000;Морозов  Валентин  Олегович;8 (903) 556-63-88; USER2119.ВАЛЕ@MAIL.RU ;27.06.1976;НИЖНИЙ НОВГОРОД
crm-3845;СТЕПАНОВА ОЛЬГА СЕРГЕЕВНА;; USER2727.ОЛЬГ@MAIL.RU ;1965-07-16;г. Воронеж
crm-840;Андреев Валентин Васильевич;+79204696657;user599.вале@mail.ru;1958-05-03;Пермь
crm-3721;Яковлева Мария Евгеньевна;+79211269418;user2642.мари@mail.ru;1960-11-03;Воронеж
crm-68;Иванов Игорь Александрович;+79658605536;user47.игор@mail.ru;1963-04-07;Казань
crm-1778;ПАВЛОВ ФЁДОР СЕРГЕЕВИЧ;935 779 00 97;USER1277.ФEДО@MAIL.RU;1993-09-18;г. Красноярск
crm-4119;Никитина Дарья Алексеевна;+79959694417;user2926.дарь@mail.ru;1977-02-22;Ростов-на-Дону
crm-7;Андреева Екатерина Петровна;+79745771233;user7.екат@mail.ru;1985-11-13;Санкт-Петербург
crm-603;фёдоров алексей николаевич;8 (960) 391-56-08; USER425.АЛЕК@MAIL.RU ;1985-02-24;г. Омск
crm-2412;Яковлев Владимир Павлович;+79874592138;user1719.влад@mail.ru;1996-01-04;Омск
crm-852;Глеб Яковлев;79270173344; USER607.ГЛЕБ@MAIL.RU ;1987-10-04;г. Уфа
crm-4114;Степанова Ирина Алексеевна;+79690893634;user2923.ирин@mail.ru;1987-08-26;Новосибирск
crm-1373;Воробьёв Роман Алексеевич;+79598060843;user976.рома@mail.ru;1986-08-15;Новосибирск
crm-3496;Никитин Илья Владимирович;+79539537785;;18.10.1957;г. Екатеринбург
crm-2948;Зайцева Татьяна Алексеевна;+79655289684;user2083.тать@mail.ru;1963-03-13;Краснодар
crm-3832;Зайцев Валентин Владимирович;+79281173691;user2722.вале@mail.ru;1961-01-09;Красноярск
crm-1204;ЕГОРОВ БОРИС ЕВГЕНЬЕВИЧ;976 703 12 81;USER855.БОРИ@MAIL.RU;08.03.1957;ОМСК
crm-2154;Римский-Корсаков Валентин Владимирович;+79364686515;user1541.вале@mail.ru;1986-07-03;Санкт-Петербург
crm-3880;Попов Илья Петрович;+79935286260;user2754.илья@mail.ru;1957-11-22;Омск
crm-2176;Николаев Михаил;8 (913) 152-86-71;;28.03.1983;КРАСНОЯРСК
crm-1082;Романова Ольга Павловна;+79164978143;user761.ольг@mail.ru;1977-04-22;Ростов-на-Дону
crm-496;Васильев Игорь Сергеевич;+79065905844;user352.игор@mail.ru;1999-06-02;Воронеж
crm-1999;Петрова Екатерина Викторовна;+79227990058;user1423.екат@mail.ru;1985-06-06;Казань
crm-3559;Егоров Антон Сергеевич;+79463281728;user2528.анто@mail.ru;1992-07-17;Москва
crm-1493;Татьяна Соколова;;USER1063.ТАТЬ@MAIL.RU;24.06.1989;САМАРА
crm-994;Воробьёв Фёдор Николаевич;+79796442952;user700.фeдо@mail.ru;1995-06-10;Воронеж
crm-326;Воробьёв Юрий;8 (923) 268-89-61;;1995-03-16;КРАСНОЯРСК
crm-1256;Воробьёв Никита Евгеньевич;+79499520111;user892.ники@mail.ru;1961-07-12;Нижний Новгород
crm-1155;Никитин Артём Алексеевич;+79955515913;user820.артe@mail.ru;1992-12-27;Краснодар
crm-1316;Семёнов Даниил Дмитриевич;+79144629439;user933.дани@mail.ru;1974-08-07;Омск
crm-3477;Зайцев Денис Павлович;+79286144944;user2473.дени@mail.ru;1974-05-25;Казань
crm-1772;соловьёв владимир евгеньевич;+79473422513;USER1274.ВЛАД@MAIL.RU;1982-12-16;г. Санкт-Петербург
crm-2411;Петров-Водкин Вера Викторовна;+79531703234;user1718.вера@mail.ru;1962-08-17;Красноярск
crm-211;Петрова Полина;8-990-9900096806;USER145.ПОЛИ@MAIL.RU;24.12.1985;г. Новосибирск
crm-2353;Соловьёв  Олег  Дмитриевич;; USER1684.ОЛЕГ@MAIL.RU ;15.06.1966;Краснодар г.
crm-3006;Смирнов Виктор Борисович;8-913-9139616840;USER2122.ВИКТ@MAIL.RU;1981-05-18;г. Екатеринбург
crm-3376;Яковлев Кирилл Евгеньевич;+79646737404;user2392.кири@mail.ru;1985-09-24;Волгоград
crm-3042;АЛЕКСЕЕВА СОФИЯ ВЛАДИМИРОВНА;8 (976) 937-84-73; USER2147.СОФИ@MAIL.RU ;13.12.1996;г. Самара
crm-3560;Морозов Борис Игоревич;+79596565702;user2529.бори@mail.ru;1965-06-25;Красноярск
crm-725;Иванова Ксения Сергеевна;+79231707806;user518.ксен@mail.ru;1973-08-24;Ростов-на-Дону
crm-2498;Степанов Фёдор Николаевич;+79970778999;user1781.фeдо@mail.ru;1972-10-20;Москва
crm-3746;Романова Анна Дмитриевна;+79973616832;user2659.анна@mail.ru;1992-11-05;Санкт-Петербург
crm-3323;ЛЕБЕДЕВА ТАТЬЯНА АЛЕКСАНДРОВНА;989 745 12 07; USER2359.ТАТЬ@MAIL.RU ;1977-03-26;НИЖНИЙ НОВГОРОД
crm-2291;Борисов Тимофей;8-935-9351277960;USER1641.ТИМО@MAIL.RU;1998-02-12;Екатеринбург г.
crm-3397;Юлия Петров-Водкин;;USER2411.ЮЛИЯ@MAIL.RU;01.12.1994;Самара г.
crm-545;Егоров Александр Борисович;+79647508175;user385.алек@mail.ru;1989-07-13;Ростов-на-Дону
crm-436;Воробьёва  Дарья  Викторовна;;USER308.ДАРЬ@MAIL.RU;18.7.1981;ПЕРМЬ
crm-2977;Смирнова Людмила Дмитриевна;+79975359308;user2102.людм@mail.ru;1963-07-03;Самара
crm-1731;Зайцева Виктория Викторовна;+79075313131;user1245.викт@mail.ru;1990-04-22;Воронеж
crm-2413;Яковлев Тимофей Олегович;+79835216017;user1720.тимо@mail.ru;1969-12-25;Пермь
crm-2686;Семёнов Лев Андреевич;+79503546705;user1906.лев@mail.ru;1984-08-12;Самара
crm-3262;Попов Ярослав Михайлович;+79757078398;user2314.ярос@mail.ru;1957-02-28;Казань
crm-635;Смирнов Игорь Борисович;+79398090315;user453.игор@mail.ru;1985-10-04;Ростов-на-Дону
crm-824;Григорьев Денис Евгеньевич;+79331755437;user586.дени@mail.ru;1975-05-15;Пермь
crm-897;НИКИТИН ВАСИЛИЙ АЛЕКСЕЕВИЧ;79097075752; USER635.ВАСИ@MAIL.RU ;05.07.1989;ВОРОНЕЖ
crm-1021;ЛЕБЕДЕВ АРТЁМ ОЛЕГОВИЧ;;USER718.АРТE@MAIL.RU;6.2.1995;Нижний Новгород г.
crm-205;Семёнов Борис Александрович;+79247569646;user140.бори@mail.ru;1984-02-01;Волгоград
crm-1821;Морозов Денис Олегович;+79866305367;user1306.дени@mail.ru;1971-09-14;Москва
crm-3166;Воробьёва Светлана Борисовна;+79423338965;user2248.свет@mail.ru;1963-08-08;Пермь
crm-1209;Попов Илья Павлович;+79048693925;user860.илья@mail.ru;1978-06-22;Новосибирск
crm-3025;Лебедев Евгений Юрьевич;+79510510879;user2134.евге@mail.ru;1961-11-22;Красноярск
crm-1264;Волков Валентин Юрьевич;+79897582164;user900.вале@mail.ru;1959-10-07;Нижний Новгород
crm-2128;Воробьёва София Юрьевна;+79318881504;user1518.софи@mail.ru;1956-10-07;Казань
crm-985;НИКОЛАЕВА МАРИЯ ДМИТРИЕВНА;963 190 76 28;USER691.МАРИ@MAIL.RU;06.06.1994;г. Воронеж
crm-684;Яковлева Галина Михайловна;+79093601786;user489.гали@mail.ru;1967-06-13;Нижний Новгород
crm-2327;Борисов  Ярослав  Петрович;8-995-9954211922;USER1668.ЯРОС@MAIL.RU;10/09/1973;г. Санкт-Петербург
crm-4100;Зайцев Евгений Владимирович;+79646870382;user2913.евге@mail.ru;1975-08-25;Новосибирск
crm-661;Петров-Водкин Тимофей Васильевич;+79474169319;user473.тимо@mail.ru;1981-12-06;Москва
crm-2938;Соколова Ирина Олеговна;+79119333521;user2077.ирин@mail.ru;1965-01-11;Красноярск
crm-1510;Степанова Наталья Алексеевна;+79954021749;user1077.ната@mail.ru;1999-12-24;Красноярск
crm-3796;Алексеев Антон Сергеевич;+79960926644;user2695.анто@mail.ru;1959-10-11;Нижний Новгород
crm-3210;Морозов Павел Павлович;+79190854946;user2284.паве@mail.ru;1991-04-15;Самара
crm-1983;Борисова Виктория Алексеевна;+79886361295;user1412.викт@mail.ru;1989-02-02;Екатеринбург
crm-772;Воробьёв Евгений Петрович;+79285816319;user548.евге@mail.ru;1990-04-16;Самара
crm-2973;Зайцев  Роман  Иванович;8 (976) 100-30-94;;26.4.1962;Ростов-на-Дону г.
crm-1387;Васильева Вера Игоревна;+79026795830;user987.вера@mail.ru;1982-12-10;Новосибирск
crm-1704;Кузнецов Егор Дмитриевич;+79821200182;user1222.егор@mail.ru;1974-04-08;Екатеринбург
crm-3184;Семёнов Алексей Дмитриевич;+79903001481;user2261.алек@mail.ru;1982-09-10;Пермь
crm-399;Козлова Наталья Александровна;+79924718463;user282.ната@mail.ru;1959-02-10;Уфа
crm-2569;Алексеева Светлана Викторовна;+79642022142;user1830.свет@mail.ru;1963-06-14;Омск
crm-3692;ИВАНОВ ПЁТР ПАВЛОВИЧ;79237492242;;26/05/1979;Ростов-на-Дону г.
crm-1282;Сергеев  Никита  Евгеньевич;+79121425092;;22.6.1962;г. Пермь
crm-3874;Петров-Водкин Александр;; USER2748.АЛЕК@MAIL.RU ;13.07.1969;МОСКВА
crm-4067;Васильев Евгений Сергеевич;+79904069176;user2891.евге@mail.ru;1972-10-18;Санкт-Петербург
crm-3523;Васильева Дарья Андреевна;+79646459280;user2504.дарь@mail.ru;1962-04-09;Пермь
crm-2505;КОЗЛОВА ИРИНА ПАВЛОВНА;79061234804; USER1787.ИРИН@MAIL.RU ;21.10.1986;г. Красноярск
crm-2212;Лебедев Вадим Алексеевич;+79391516312;user1584.вади@mail.ru;1992-05-25;Москва
crm-170;Николаев Фёдор Михайлович;+79665502190;user115.фeдо@mail.ru;1961-12-14;Самара
crm-1350;Кузнецова Екатерина Михайловна;+79187197129;user956.екат@mail.ru;1983-12-03;Нижний Новгород
crm-886;Егоров  Артём  Борисович;79815484782;;25.04.1994;Санкт-Петербург г.
crm-3315;Александров Даниил Юрьевич;+79227235227;user2355.дани@mail.ru;1959-08-04;Уфа
crm-2453;Соколов Ярослав Дмитриевич;+79056374483;user1750.ярос@mail.ru;1966-06-19;Красноярск
crm-1670;Екатерина Воробьёва;;USER1194.ЕКАТ@MAIL.RU;17/12/1980;НИЖНИЙ НОВГОРОД
crm-544;Степанов Станислав Юрьевич;+79861332814;user384.стан@mail.ru;1958-11-16;Уфа
crm-649;Николаев  Ярослав  Дмитриевич;8 (934) 497-89-22;USER463.ЯРОС@MAIL.RU;1974-04-17;г. Москва
crm-685;Кузнецова Татьяна Викторовна;+79833366096;user490.тать@mail.ru;1974-08-05;Казань
crm-2721;Алексеев Виктор Сергеевич;+79403051897;user1929.викт@mail.ru;1967-04-03;Ростов-на-Дону
crm-2745;Петров Валентин Павлович;+79670761893;user1947.вале@mail.ru;1997-10-26;Воронеж
crm-27;Михайлова  София  Евгеньевна;995 623 68 67; USER17.СОФИ@MAIL.RU ;15/12/1958;Уфа г.
crm-1610;Макарова Анна Павловна;+79337400644;user1150.анна@mail.ru;1959-10-24;Пермь
crm-2351;Соловьёв Олег Дмитриевич;+79020982657;user1684.олег@mail.ru;1966-06-15;Краснодар
crm-3220;Андреева Елена Игоревна;+79638419080;user2291.елен@mail.ru;1999-03-04;Пермь
crm-3724;Ирина Попова;; USER2643.ИРИН@MAIL.RU ;1995-02-08;КРАСНОЯРСК
crm-638;Сергей Попов;934 783 42 49; USER454.СЕРГ@MAIL.RU ;24/01/1995;КРАСНОЯРСК
crm-735;Григорьев Станислав Сергеевич;+79688330563;user523.стан@mail.ru;1979-06-27;Омск
crm-1950;Волков Максим Павлович;+79401760234;user1389.макс@mail.ru;1967-12-20;Санкт-Петербург
crm-1068;Зайцева Юлия Дмитриевна;+79254164647;user751.юлия@mail.ru;1990-08-22;Краснодар
crm-3225;ПЕТРОВ-ВОДКИН ДЕНИС СЕРГЕЕВИЧ;8 (900) 646-42-24;USER2293.ДЕНИ@MAIL.RU;1992-02-15;Екатеринбург г.
crm-2204;МАКАРОВ ВИКТОР ЕВГЕНЬЕВИЧ;79764247539;;2.10.1989;Уфа г.
crm-1289;Романова Галина Владимировна;+79289202425;user913.гали@mail.ru;1969-09-09;Казань
crm-3727;Степанова Наталья Юрьевна;+79527665305;user2645.ната@mail.ru;1957-04-24;Самара
crm-130;козлова софия петровна;+79097187352; USER90.СОФИ@MAIL.RU ;22/11/1982;САНКТ-ПЕТЕРБУРГ
crm-3240;Воробьёв Александр Борисович;+79696708304;user2300.алек@mail.ru;1975-09-11;Самара
crm-1119;Григорьев Михаил Викторович;+79983497220;user791.миха@mail.ru;1972-03-09;Волгоград
crm-3516;Александров Виктор Васильевич;+79193974004;user2501.викт@mail.ru;1971-01-01;Воронеж
crm-2523;Волкова Светлана Александровна;+79934486865;user1800.свет@mail.ru;1988-05-12;Волгоград
crm-3326;Иванова Екатерина Александровна;+79422202219;user2361.екат@mail.ru;1969-08-10;Уфа
crm-395;Морозов Глеб Дмитриевич;+79234875263;user278.глеб@mail.ru;1960-08-22;Пермь
crm-2428;Петрова Екатерина Павловна;+79004005571;user1731.екат@mail.ru;1971-10-20;Екатеринбург
crm-4313;???;12345;;99.99.9999;
crm-1125;Романов Павел Борисович;+79712555318;user797.паве@mail.ru;1984-07-27;Краснодар
crm-2543;Петров Станислав Игоревич;+79718288576;user1814.стан@mail.ru;1970-04-01;Самара
crm-1863;Николаев Борис Владимирович;+79156294533;user1333.бори@mail.ru;1969-07-25;Санкт-Петербург
crm-1914;александров станислав александрович;8-921-9213398565; USER1368.СТАН@MAIL.RU ;14/06/1955;КРАСНОДАР
crm-2666;Романов Никита Сергеевич;+79416171306;user1895.ники@mail.ru;1995-09-27;Воронеж
crm-2014;Николаев Иван Сергеевич;+79562466329;user1436.иван@mail.ru;1975-11-06;Нижний Новгород
crm-4;Петров-Водкин Глеб Борисович;+79428800555;user4.глеб@mail.ru;1978-11-04;Краснодар
crm-694;Андрёёва Людмила Алёксандровна;+79252642507; USER495.ЛЮДМ@MAIL.RU ;19.1.1982;Ростов-на-Дону г.
crm-4224;Лебедев Сергей Владимирович;+79201521887;user2999.серг@mail.ru;1972-10-23;Омск
crm-2029;Орлов  Евгений  Павлович;;USER1450.ЕВГЕ@MAIL.RU;1999-04-07;Омск г.
crm-580;Петров-Водкин Иван Петрович;+79712234368;user411.иван@mail.ru;1969-07-16;Красноярск
crm-4236;;;;99.99.9999;
crm-1695;Романов Сергей Евгеньевич;+79138224715;user1213.серг@mail.ru;1976-03-23;Самара
crm-4235;???;12345;;99.99.9999;
crm-152;сергеев тимофей викторович;+79181297237; USER105.ТИМО@MAIL.RU ;24.04.1987;Москва г.
crm-3295;Макарова Дарья Михайловна;8-973-9730407022; USER2344.ДАРЬ@MAIL.RU ;3.7.1968;г. Краснодар
crm-618;Зайцева София Алексеевна;+79941842977;user438.софи@mail.ru;1967-12-04;Красноярск
crm-3384;Петров-Водкин Вера Николаевна;+79628257482;user2399.вера@mail.ru;1971-08-17;Краснодар
crm-2698;Попова Людмила Михайловна;+79321718568;user1913.людм@mail.ru;1968-10-22;Самара
crm-3551;Семёнов Дмитрий Владимирович;+79908931845;user2525.дмит@mail.ru;1976-05-28;Ростов-на-Дону
crm-3858;Николаёва Ёлёна Олёговна;;USER2737.ЕЛЕН@MAIL.RU;15/12/1964;САМАРА
crm-2211;Яковлева София Викторовна;+79025773871;user1583.софи@mail.ru;1964-01-07;Ростов-на-Дону
crm-1922;ЕГОРОВ НИКОЛАЙ ПЕТРОВИЧ;;USER1370.НИКО@MAIL.RU;1983-10-15;г. Волгоград
crm-3787;Волкова Мария Ивановна;+79380507671;user2691.мари@mail.ru;1955-05-02;Ростов-на-Дону
crm-2912;Лебедев Тимофей Михайлович;+79069998426;user2062.тимо@mail.ru;1981-05-25;Ростов-на-Дону
crm-3304;Светлана Алексеева;8-958-9589393587; USER2349.СВЕТ@MAIL.RU ;1998-05-11;Казань г.
crm-1333;Кузнецов Владимир Иванович;+79524100711;user943.влад@mail.ru;1968-01-12;Самара
crm-511;Николаев Александр Александрович;+79808416291;user362.алек@mail.ru;1986-08-19;Екатеринбург
crm-1752;Алексеев Павел Дмитриевич;+79037790611;user1261.паве@mail.ru;1975-01-04;Москва
crm-2162;Лебедев Илья Павлович;+79950043699;user1548.илья@mail.ru;1963-03-03;Санкт-Петербург
crm-1623;Козлов Денис;954 912 17 89; USER1158.ДЕНИ@MAIL.RU ;18.3.1999;г. Нижний Новгород
crm-2514;соколов алексей игоревич;8-985-9852942797;USER1793.АЛЕК@MAIL.RU;19/12/1957;Воронеж г.
crm-1059;Егоров Владимир Андреевич;+79801065124;user743.влад@mail.ru;1978-03-08;Санкт-Петербург
crm-287;Смирнов Григорий Юрьевич;+79829485083;user198.григ@mail.ru;1991-06-06;Москва
crm-2594;Кузнецова Ирина Игоревна;+79320890706;user1848.ирин@mail.ru;1997-05-02;Волгоград
crm-2691;Римский-Корсаков Ольга Васильевна;+79680677021;user1909.ольг@mail.ru;1955-12-17;Москва
crm-3031;ФЁДОРОВА СВЕТЛАНА БОРИСОВНА;; USER2139.СВЕТ@MAIL.RU ;1969-04-18;г. Казань
crm-1527;Михайлова Виктория Васильевна;+79659780690;user1090.викт@mail.ru;1981-06-23;Омск
crm-757;Сёргёёв Тимофёй Игорёвич;+79143371993; USER538.ТИМО@MAIL.RU ;11.3.1963;Екатеринбург г.
crm-4189;Фёдоров Денис;+79381310014;;23.3.1987;г. Санкт-Петербург
crm-3420;Яковлев Владимир Павлович;+79660199948;user2426.влад@mail.ru;1961-08-04;Пермь
crm-929;Макарова Полина Викторовна;+79204043371;user657.поли@mail.ru;1996-09-15;Волгоград
crm-2680;козлов никита евгеньевич;+79199172698;;06.09.1963;г. Самара
crm-458;Фролов Вадим Алексеевич;+79354985085;user325.вади@mail.ru;1999-12-12;Уфа
crm-3080;Александров Игорь Владимирович;+79592749530;user2177.игор@mail.ru;1960-01-21;Красноярск
crm-2415;Зайцев Роман Павлович;+79919610650;user1722.рома@mail.ru;1964-06-25;Екатеринбург
crm-3004;смирнов виктор борисович;8 (913) 961-68-40;USER2122.ВИКТ@MAIL.RU;18/05/1981;Екатеринбург г.
crm-485;Смирнов Павел Петрович;+79796619240;user344.паве@mail.ru;1958-01-20;Казань
crm-896;Никитин Василий Алексеевич;+79097075752;user635.васи@mail.ru;1989-07-05;Воронеж
crm-3259;Римский-Корсаков  Людмила  Васильевна;8-935-9352037858; USER2312.ЛЮДМ@MAIL.RU ;1957-01-12;Воронеж г.
crm-2374;Васильева Татьяна Васильевна;+79195309461;user1697.тать@mail.ru;1986-01-16;Казань
crm-4053;Павлова Полина Сергеевна;+79273141201;user2877.поли@mail.ru;1970-05-07;Воронеж
crm-4259;???;12345;;99.99.9999;
crm-3473;Борис Михайлов;;USER2471.БОРИ@MAIL.RU;1981-08-24;г. Нижний Новгород
crm-1432;Римский-Корсаков Лев Юрьевич;+79539782687;user1022.лев@mail.ru;1989-12-08;Краснодар
crm-206;Николаева Полина Викторовна;+79702130990;user141.поли@mail.ru;1976-11-02;Воронеж
crm-2030;Смирнов Никита Николаевич;+79695049334;user1451.ники@mail.ru;1998-04-12;Казань
crm-229;Романов Валёнтин Андрёёвич;;USER158.ВАЛЕ@MAIL.RU;1963-05-25;Омск г.
crm-4283;;;;99.99.9999;
crm-3030;Фёдорова Светлана Борисовна;+79389079445;user2139.свет@mail.ru;1969-04-18;Казань
crm-759;Павлова Галина Михайловна;+79730895715;user540.гали@mail.ru;1965-11-12;Воронеж
crm-540;Алексеев Лев Александрович;+79028540635;user380.лев@mail.ru;1959-03-18;Екатеринбург
crm-3487;Егорова Дарья Владимировна;+79934071655;user2478.дарь@mail.ru;1989-09-12;Пермь
crm-788;Андреева Валентина Петровна;+79653650983;user559.вале@mail.ru;1970-08-01;Санкт-Петербург
crm-2072;АНДРЕЕВА ВЕРА НИКОЛАЕВНА;8-956-9568602084;USER1483.ВЕРА@MAIL.RU;18.12.1977;Ростов-на-Дону г.
crm-2888;Васильева  Мария  Васильевна;;USER2045.МАРИ@MAIL.RU;28.10.1974;г. Красноярск
crm-339;Васильев Владимир Дмитриевич;+79207255477;user233.влад@mail.ru;1979-05-28;Волгоград
crm-4030;ЛЕБЕДЕВ ВЛАДИМИР СЕРГЕЕВИЧ;8-961-9616659913;USER2860.ВЛАД@MAIL.RU;16.01.1988;г. Санкт-Петербург
crm-1288;СЕМЁНОВ МАКСИМ ДМИТРИЕВИЧ;8 (912) 981-89-42; USER912.МАКС@MAIL.RU ;27.3.1960;г. Краснодар
crm-742;Андреева Вера Борисовна;+79987357864;user530.вера@mail.ru;1997-10-12;Ростов-на-Дону
crm-1619;Семёнова Анна Борисовна;+79601892045;user1156.анна@mail.ru;1958-07-07;Красноярск
crm-3189;Макарова София Дмитриевна;+79141664552;user2266.софи@mail.ru;1998-04-10;Казань
crm-465;Кузнецова Людмила Борисовна;+79019299414;user330.людм@mail.ru;1976-01-05;Воронеж
crm-3063;Яковлев Даниил Васильевич;+79421342237;user2165.дани@mail.ru;1968-08-08;Казань
crm-1335;Павлов  Борис  Петрович;+79809268700;;15.03.1960;ВОРОНЕЖ
crm-424;Григорьев Владимир;; USER297.ВЛАД@MAIL.RU ;1968-11-08;Воронеж г.
crm-2609;Смирнова Анна Дмитриевна;+79444476111;user1858.анна@mail.ru;1979-03-13;Красноярск
crm-58;Андреева Ольга Дмитриевна;+79923778908;user37.ольг@mail.ru;1995-02-24;Санкт-Петербург
crm-82;Римский-Корсаков Пётр Евгеньевич;+79678783733;user59.пeтр@mail.ru;1972-08-26;Новосибирск
crm-1325;Захарова Елена Ивановна;+79542322095;user937.елен@mail.ru;1992-07-13;Казань
crm-2827;Николаев Антон Дмитриевич;+79670071021;user2006.анто@mail.ru;1972-01-22;Красноярск
crm-2998;Морозов Валентин Олегович;+79035566388;user2119.вале@mail.ru;1976-06-27;Нижний Новгород
crm-1596;Фролов Егор Андреевич;+79979354477;user1139.егор@mail.ru;1962-11-01;Красноярск
crm-595;Орлов Иван Владимирович;+79263542640;user422.иван@mail.ru;1991-03-16;Краснодар
crm-1331;Никитин Егор Владимирович;+79152354951;user941.егор@mail.ru;1994-06-08;Москва
crm-2474;Юрий Фролов;8 (916) 043-41-46;;25/07/1994;КРАСНОДАР
crm-2576;Семёнова Елена Ивановна;+79938849826;user1832.елен@mail.ru;1968-12-28;Красноярск
crm-2438;Григорьев Алексей Олегович;+79964242792;user1739.алек@mail.ru;1997-06-21;Краснодар
crm-305;Александрова Полина Николаевна;+79041042630;user213.поли@mail.ru;1988-06-16;Нижний Новгород
crm-4239;???;12345;;99.99.9999;
crm-455;Сергеев Григорий Николаевич;+79773095664;user322.григ@mail.ru;1990-11-14;Санкт-Петербург
crm-1676;Андреева София Александровна;+79687670736;user1200.софи@mail.ru;1966-10-19;Казань
crm-271;козлов николай михайлович;8 (961) 114-49-91;USER187.НИКО@MAIL.RU;10/08/1973;ЕКАТЕРИНБУРГ
crm-3726;Егоров Максим Владимирович;+79235379448;user2644.макс@mail.ru;1999-05-10;Казань
crm-3379;Римский-Корсаков Артём Александрович;+79954212965;user2394.артe@mail.ru;1999-10-20;Воронеж
crm-3532;МАКАРОВА ВИКТОРИЯ ИГОРЕВНА;8 (997) 824-48-10;USER2510.ВИКТ@MAIL.RU;1998-04-02;САМАРА
crm-1727;Смирнова Анна Сергеевна;+79005569054;user1241.анна@mail.ru;1980-03-16;Красноярск
crm-507;Андреев Кирилл Сергеевич;+79173591790;user358.кири@mail.ru;1989-02-02;Самара
crm-323;Максим Козлов;; USER226.МАКС@MAIL.RU ;14.8.1983;САНКТ-ПЕТЕРБУРГ
crm-4135;Семёнов Фёдор Сергеевич;+79737745196;user2934.фeдо@mail.ru;1992-04-04;Новосибирск
crm-2750;Захаров Игорь Михайлович;+79725790774;user1949.игор@mail.ru;1967-10-14;Краснодар
crm-2028;Орлов Евгений Павлович;+79840325760;user1450.евге@mail.ru;1999-04-07;Омск
crm-2416;Лебедева Мария Петровна;+79791658292;user1723.мари@mail.ru;1958-12-06;Красноярск
crm-1310;ИВАНОВА ОЛЬГА ВАСИЛЬЕВНА;;USER929.ОЛЬГ@MAIL.RU;26.3.1961;Волгоград г.
crm-1691;Фёдоров Антон Васильевич;+79415682643;user1210.анто@mail.ru;1977-03-19;Уфа
crm-1151;Никитин Николай Юрьевич;+79668937230;user816.нико@mail.ru;1971-03-07;Нижний Новгород
crm-2023;Макаров Роман Александрович;+79859598293;user1445.рома@mail.ru;1984-11-13;Санкт-Петербург
crm-2387;Попов Константин Иванович;+79448629021;user1706.конс@mail.ru;1969-10-23;Пермь
crm-1491;Соколова Татьяна Васильевна;+79193353414;user1063.тать@mail.ru;1989-06-24;Самара
crm-2264;Соколов Василий;8-939-9392275263;USER1622.ВАСИ@MAIL.RU;13.04.1982;Омск г.
crm-3216;Сергеев Виктор Николаевич;+79880670078;user2288.викт@mail.ru;1986-11-26;Красноярск
crm-777;Фролова Мария Алексеевна;+79347704703;user550.мари@mail.ru;1961-02-27;Санкт-Петербург
crm-3153;Семёнов Юрий Петрович;+79645102825;user2237.юрий@mail.ru;1984-06-10;Самара
crm-1589;ЯКОВЛЕВ ВАСИЛИЙ АЛЕКСАНДРОВИЧ;79596968160;USER1136.ВАСИ@MAIL.RU;1975-10-08;САНКТ-ПЕТЕРБУРГ
crm-2266;Орлов Владимир Олегович;+79053468700;user1623.влад@mail.ru;1975-10-03;Уфа
crm-2819;Степанов Тимофей Васильевич;+79073479263;user2000.тимо@mail.ru;1959-10-07;Екатеринбург
crm-3637;Соколов Дмитрий Викторович;+79585030454;user2582.дмит@mail.ru;1983-06-14;Нижний Новгород
crm-3378;Иванов Лёв Борисович;8 (938) 534-98-05;;2.9.1964;НОВОСИБИРСК
crm-4304;;;;99.99.9999;
crm-1365;Егорова Ксения Олеговна;+79547395884;user969.ксен@mail.ru;1993-04-02;Омск
crm-2076;Воробьёва Полина Дмитриевна;+79884737381;user1485.поли@mail.ru;1955-09-02;Омск
crm-2653;борисов фёдор павлович;901 133 80 91; USER1882.ФEДО@MAIL.RU ;7.4.1982;г. Нижний Новгород
crm-1101;Григорьев Дмитрий Олегович;+79037790616;user776.дмит@mail.ru;1989-03-05;Самара
crm-340;Воробьёв Евгений Дмитриевич;+79579490700;user234.евге@mail.ru;1998-05-26;Казань
crm-2946;Степанов  Валентин  Сергеевич;; USER2082.ВАЛЕ@MAIL.RU ;20/10/1997;Екатеринбург г.
crm-1705;Семёнов Юрий Борисович;+79775792493;user1223.юрий@mail.ru;1964-10-11;Екатеринбург
crm-2241;Смирнов Григорий Олегович;+79720358181;user1604.григ@mail.ru;1998-03-22;Красноярск
crm-444;Кузнецов Денис Борисович;+79336982492;user312.дени@mail.ru;1989-06-14;Нижний Новгород
crm-3273;Петров Михаил Борисович;+79298338115;user2323.миха@mail.ru;1969-03-18;Москва
crm-1478;Лебедев Тимофей Павлович;+79975473982;user1050.тимо@mail.ru;1995-08-09;Санкт-Петербург
crm-2441;Алексеева Валентина Сергеевна;+79943832108;user1742.вале@mail.ru;1974-09-08;Волгоград
crm-2541;Галина Смирнова;;USER1813.ГАЛИ@MAIL.RU;08.05.1999;г. Уфа
crm-3396;Петров-Водкин Юлия Васильевна;+79614081143;user2411.юлия@mail.ru;1994-12-01;Самара
crm-1580;Кузнецов Роман Николаевич;+79531335439;user1131.рома@mail.ru;1999-08-25;Ростов-на-Дону
crm-2825;Борисов Тимофей Викторович;+79422846043;user2004.тимо@mail.ru;1984-07-22;Самара
crm-2923;Степанова Валентина Викторовна;+79490613759;user2070.вале@mail.ru;1983-04-13;Ростов-на-Дону
crm-1521;Михайлов Борис Александрович;+79833403663;user1087.бори@mail.ru;1988-07-09;Уфа
crm-1492;Татьяна Соколова;919 335 34 14;USER1063.ТАТЬ@MAIL.RU;24/06/1989;Самара г.
crm-531;Екатерина Волкова;8-957-9573406589;USER373.ЕКАТ@MAIL.RU;24.8.1991;ОМСК
crm-2642;АЛЕКСАНДРОВ ДАНИИЛ АЛЕКСАНДРОВИЧ;8 (930) 494-31-21;USER1874.ДАНИ@MAIL.RU;3.5.1977;г. Новосибирск
crm-2532;Николаева Виктория Ивановна;+79158846063;user1807.викт@mail.ru;1977-06-20;Ростов-на-Дону
crm-1120;Макарова Екатерина Михайловна;+79948057130;user792.екат@mail.ru;1981-03-11;Омск
crm-4127;Александров Тимофей Олегович;+79897567269;user2929.тимо@mail.ru;1961-02-14;Воронеж
crm-396;Иванов Максим Петрович;+79347307482;user279.макс@mail.ru;1963-04-17;Волгоград
crm-3971;Орлова  Ксения  Викторовна;8 (925) 419-12-97;USER2822.КСЕН@MAIL.RU;09/01/1972;г. Москва
crm-3950;Морозов Иван Юрьевич;+79607301012;user2807.иван@mail.ru;1975-02-03;Нижний Новгород
crm-2978;смирнова людмила дмитриевна;79975359308; USER2102.ЛЮДМ@MAIL.RU ;03.07.1963;Самара г.
crm-2489;Фёдорова Ольга Юрьевна;+79713505788;user1776.ольг@mail.ru;1970-11-15;Пермь
crm-3393;Римский-Корсаков Николай Евгеньевич;+79122567149;user2408.нико@mail.ru;1987-12-27;Волгоград
crm-2890;Попов Иван Игоревич;+79776162143;user2047.иван@mail.ru;1981-12-22;Волгоград
crm-188;Борисов  Никита  Сергеевич;8-910-9104530835; USER126.НИКИ@MAIL.RU ;24.02.1996;САНКТ-ПЕТЕРБУРГ
crm-1415;Никитина Наталья Васильёвна;8 (921) 862-51-84;USER1012.НАТА@MAIL.RU;7.1.1980;КРАСНОДАР
crm-2217;Кузнецова Анна Владимировна;+79507338978;user1589.анна@mail.ru;1982-04-13;Воронеж
crm-2377;ЯКОВЛЕВА ПОЛИНА ВИКТОРОВНА;8-986-9865591972; USER1699.ПОЛИ@MAIL.RU ;03.04.1982;КАЗАНЬ
crm-3835;Петров-Водкин Даниил Павлович;+79279568437;user2723.дани@mail.ru;1995-01-04;Новосибирск
crm-3222;андреева елена игоревна;;USER2291.ЕЛЕН@MAIL.RU;04/03/1999;Пермь г.
crm-3609;Егоров Виктор Игоревич;+79230979575;user2560.викт@mail.ru;1999-12-21;Пермь
crm-153;Сёргёёв Тимофёй Викторович;8-918-9181297237; USER105.ТИМО@MAIL.RU ;1987-04-24;г. Москва
crm-4207;Новиков Иван Александрович;+79338120289;user2986.иван@mail.ru;1979-02-24;Москва
crm-4091;Григорий Николаев;79805622922; USER2906.ГРИГ@MAIL.RU ;15/12/1990;г. Нижний Новгород
crm-4237;???;12345;;99.99.9999;
crm-2468;Григорьева Людмила Павловна;+79448533174;user1762.людм@mail.ru;1956-04-22;Омск
crm-2385;Зайцев Андрей Сергеевич;+79075015352;user1704.андр@mail.ru;1999-08-27;Екатеринбург
crm-4267;???;12345;;99.99.9999;
crm-3670;Волков Кирилл Александрович;+79323313752;user2601.кири@mail.ru;1992-10-01;Москва
crm-906;Андреев Николай Павлович;+79027122996;user642.нико@mail.ru;1974-12-24;Воронеж
crm-2731;Орлов Антон Сергеевич;+79804446301;user1936.анто@mail.ru;1983-07-07;Нижний Новгород
crm-1898;Зайцев Олег Алексеевич;+79176848339;user1357.олег@mail.ru;1992-12-16;Москва
crm-1410;Васильев Никита Васильевич;+79711986376;user1008.ники@mail.ru;1973-07-03;Пермь
crm-3662;Кузнецов Даниил Васильевич;+79927620621;user2596.дани@mail.ru;1994-04-21;Нижний Новгород
crm-1359;Лебедев Григорий Петрович;+79721938470;user965.григ@mail.ru;1993-12-18;Самара
crm-260;Михайлова Дарья Владимировна;+79296490362;user180.дарь@mail.ru;1998-02-27;Казань
crm-2722;Фёдоров Илья Владимирович;+79100866841;user1930.илья@mail.ru;1992-07-23;Уфа
crm-2836;Григорьев Никита Михайлович;+79151243052;user2015.ники@mail.ru;1995-10-07;Пермь
crm-69;Соколов Лев Васильевич;+79136872336;user48.лев@mail.ru;1959-11-04;Воронеж
crm-263;Егорова Ксения Дмитриевна;+79502961504;user183.ксен@mail.ru;1989-08-07;Москва
crm-2006;Иванов Валентин Игоревич;+79017784307;user1428.вале@mail.ru;1985-04-26;Уфа
crm-3465;Борисов Василий Олегович;+79058218207;user2464.васи@mail.ru;1983-02-05;Волгоград
crm-3920;Романова Мария;+79479448111;;18.8.1957;КРАСНОДАР
crm-1403;Яковлев Александр Васильевич;+79559785245;user1003.алек@mail.ru;1998-12-14;Красноярск
crm-3090;Волков Лёв Михайлович;; USER2185.ЛЕВ@MAIL.RU ;23.02.1980;г. Красноярск
crm-688;Морозов Владимир;8 (994) 094-65-01;;2.10.1981;г. Уфа
crm-2112;Николаев Артём Павлович;+79158016956;user1510.артe@mail.ru;1966-07-24;Новосибирск
crm-142;Иван Попов;8 (986) 084-61-13; USER98.ИВАН@MAIL.RU ;11/08/1961;Пермь г.
crm-817;Егоров Борис Николаевич;+79569812996;user582.бори@mail.ru;1976-05-18;Волгоград
crm-780;Фёдоров Михаил Александрович;+79885462154;user553.миха@mail.ru;1961-02-27;Москва
crm-3488;Волков Пётр Борисович;+79557327423;user2479.пeтр@mail.ru;1976-02-02;Санкт-Петербург
crm-752;Кузнёцов Станислав Юрьёвич;8 (940) 573-12-91;USER534.СТАН@MAIL.RU;1989-06-13;ОМСК
crm-1787;Петров-Водкин  Борис  Евгеньевич;900 691 63 84; USER1281.БОРИ@MAIL.RU ;03.02.1968;г. Воронеж
crm-454;Семёнов Илья Юрьевич;+79415156936;user321.илья@mail.ru;1963-10-17;Воронеж
crm-4192;Соколова Ксения Борисовна;+79241384720;user2972.ксен@mail.ru;1964-09-04;Уфа
crm-2556;Николаев Роман Олегович;+79859327874;user1823.рома@mail.ru;1986-11-27;Самара
crm-2910;Кузнецов Роман Павлович;+79114334070;user2060.рома@mail.ru;1964-03-23;Красноярск
crm-648;Николаев Ярослав Дмитриевич;+79344978922;user463.ярос@mail.ru;1974-04-17;Москва
crm-4075;Борисова Ольга Ивановна;+79641178766;user2897.ольг@mail.ru;1981-06-28;Екатеринбург
crm-3640;Никитина  Ольга  Владимировна;; USER2583.ОЛЬГ@MAIL.RU ;23.9.1963;Ростов-на-Дону г.
crm-1111;Петров Иван Павлович;+79652465902;user786.иван@mail.ru;1963-10-18;Уфа
crm-42;Макаров Николай Алексеевич;+79676156535;user24.нико@mail.ru;1961-06-23;Пермь
crm-4066;Егорова Полина Олеговна;+79835149153;user2890.поли@mail.ru;1969-03-27;Воронеж
crm-1088;Воробьёв Борис Иванович;+79819431360;user764.бори@mail.ru;1968-05-19;Самара
crm-1592;Михайлова Светлана Евгеньевна;+79411230500;user1137.свет@mail.ru;1987-04-18;Новосибирск
crm-1735;Фролова Мария Пётровна;;USER1248.МАРИ@MAIL.RU;23/01/1968;Воронеж г.
crm-385;Петров-Водкин Виктор Викторович;+79016520473;user269.викт@mail.ru;1988-10-03;Омск
crm-2957;Алексеев Иван Александрович;+79856252321;user2089.иван@mail.ru;1959-07-17;Красноярск
crm-2157;Макаров Артём Павлович;+79915809142;user1544.артe@mail.ru;1961-11-13;Краснодар
crm-2376;Яковлева Полина Викторовна;+79865591972;user1699.поли@mail.ru;1982-04-03;Казань
crm-4078;Фролова Анна Игоревна;+79239270578;user2898.анна@mail.ru;1998-10-04;Красноярск
crm-3386;Захарова София Дмитриевна;+79302018540;user2401.софи@mail.ru;1958-12-21;Уфа
crm-4227;;;;99.99.9999;
crm-3979;Васильёв Никита Игорёвич;; USER2827.НИКИ@MAIL.RU ;25.11.1980;Воронеж г.
crm-3009;Соколова Екатерина Павловна;+79127421233;user2125.екат@mail.ru;1958-02-05;Нижний Новгород
crm-2592;Макаров Станислав Владимирович;+79851815265;user1846.стан@mail.ru;1956-06-24;Волгоград
crm-1513;Захаров Фёдор Юрьевич;+79902707035;user1080.фeдо@mail.ru;1987-05-18;Ростов-на-Дону
crm-1431;Морозов Пётр Викторович;+79660695763;user1021.пeтр@mail.ru;1997-11-17;Уфа
crm-110;Смирнов Лев Васильевич;+79373256954;user75.лев@mail.ru;1982-09-18;Казань
crm-2844;Семёнов  Никита  Николаевич;955 561 79 59; USER2020.НИКИ@MAIL.RU ;01.10.1969;Самара г.
crm-3138;Смирнов Станислав Евгеньевич;+79552512072;user2224.стан@mail.ru;1972-03-18;Краснодар
crm-1254;Александров Антон Николаевич;+79844840439;user891.анто@mail.ru;1980-12-01;Екатеринбург
crm-3239;ИВАНОВА ВЕРА АЛЕКСЕЕВНА;79897499138;USER2299.ВЕРА@MAIL.RU;1985-05-28;г. Омск
crm-602;фёдоров алексей николаевич;8-960-9603915608;USER425.АЛЕК@MAIL.RU;24.02.1985;г. Омск
crm-3756;Захаров  Лев  Дмитриевич;79703983293;;22.9.1991;Ростов-на-Дону г.
crm-3109;Борисов Вадим Николаевич;+79354647873;user2203.вади@mail.ru;1985-09-11;Новосибирск
crm-2730;Павлов  Борис  Павлович;; USER1935.БОРИ@MAIL.RU ;22.11.1957;г. Самара
crm-1940;петров-водкин антон николаевич;; USER1381.АНТО@MAIL.RU ;7.1.1994;Нижний Новгород г.
crm-1873;Андрей Егоров;952 164 47 87; USER1337.АНДР@MAIL.RU ;09.08.1965;КРАСНОДАР
crm-1470;Петров-Водкин Дмитрий Викторович;+79229009900;user1043.дмит@mail.ru;1979-09-07;Нижний Новгород
crm-3062;Кузнецов Виктор Васильевич;+79916240582;user2164.викт@mail.ru;1970-04-27;Санкт-Петербург
crm-3388;Смирнов Максим Викторович;+79689281702;user2403.макс@mail.ru;1989-09-25;Уфа
crm-1003;Лебедев Антон;79148861629; USER707.АНТО@MAIL.RU ;04.12.1971;г. Нижний Новгород
crm-504;Попов Роман Викторович;+79295171332;user355.рома@mail.ru;1984-09-16;Самара
crm-550;Александров Михаил Николаевич;+79733036282;user388.миха@mail.ru;1969-04-03;Воронеж
crm-3176;Новиков Глеб Александрович;+79973802505;user2255.глеб@mail.ru;1967-08-27;Казань
crm-3311;Римский-Корсаков Кирилл Николаевич;+79760408664;user2353.кири@mail.ru;1955-05-11;Екатеринбург
crm-4172;Семёнова Ксения Александровна;+79974197170;user2960.ксен@mail.ru;1962-03-22;Новосибирск
crm-629;Смирнов Вадим Юрьевич;+79455962133;user449.вади@mail.ru;1998-01-14;Красноярск
crm-3777;Смирнов Вадим Олегович;+79868747471;user2684.вади@mail.ru;1969-10-26;Волгоград
crm-999;Фёдорова Светлана Евгеньевна;+79746500760;user705.свет@mail.ru;1981-11-04;Санкт-Петербург
crm-3092;Григорьев Никита Михайлович;+79303169568;user2187.ники@mail.ru;1986-11-15;Краснодар
crm-3115;Воробьёв Артём Александрович;+79059079000;user2209.артe@mail.ru;1979-01-21;Москва
crm-1813;Петров-Водкин  Екатерина  Евгеньевна;;USER1301.ЕКАТ@MAIL.RU;09.10.1996;ВОРОНЕЖ
crm-3322;Лёбёдёва Татьяна Алёксандровна;+79897451207;;26.3.1977;Нижний Новгород г.
crm-2417;Семёнов Роман Андреевич;+79939090213;user1724.рома@mail.ru;1998-06-16;Москва
crm-95;Кузнецов Григорий Игоревич;+79795322695;user66.григ@mail.ru;1966-09-15;Пермь
crm-1358;Новиков Алексей Павлович;+79674651677;user964.алек@mail.ru;1981-03-24;Нижний Новгород
crm-2786;Павлова Анна Евгеньевна;+79079545293;user1976.анна@mail.ru;1989-07-14;Красноярск
crm-1620;Орлов Роман Сергеевич;+79476203800;user1157.рома@mail.ru;1975-03-18;Екатеринбург
crm-1954;Семёнова Людмила Владимировна;+79731101704;user1393.людм@mail.ru;1983-08-06;Красноярск
crm-1626;Степанов Николай Александрович;+79898803519;user1160.нико@mail.ru;1963-10-15;Нижний Новгород
crm-1294;Козлов Константин Иванович;+79941305668;user918.конс@mail.ru;1991-06-06;Краснодар
crm-3288;Макаров Ярослав Викторович;+79667171262;user2338.ярос@mail.ru;1964-02-19;Красноярск
crm-2094;Смирнов Дмитрий Сергеевич;+79116977751;user1497.дмит@mail.ru;1955-11-03;Москва
crm-2092;Римский-Корсаков Кирилл Николаевич;+79673774509;user1495.кири@mail.ru;1985-07-23;Волгоград
crm-590;Козлов Валёнтин Сёргёёвич;;USER417.ВАЛЕ@MAIL.RU;27/08/1989;Самара г.
crm-3428;Козлов Максим Викторович;+79863132727;user2434.макс@mail.ru;1988-04-08;Воронеж
crm-697;Александрова Анна Владимировна;+79056916381;user496.анна@mail.ru;1968-05-08;Москва
crm-2554;ОРЛОВА ЕЛЕНА ВАСИЛЬЕВНА;+79909025186;;1975-08-01;Казань г.
crm-613;Макарова Мария Алексеевна;+79605433484;user435.мари@mail.ru;1969-01-06;Нижний Новгород
crm-3789;Волкова  Мария  Ивановна;8 (938) 050-76-71;;02/05/1955;Ростов-на-Дону г.
crm-1071;михайлов виктор дмитриевич;; USER753.ВИКТ@MAIL.RU ;1989-12-26;Москва г.
crm-217;Смирнова Дарья Викторовна;+79558483487;user150.дарь@mail.ru;1983-08-16;Санкт-Петербург
crm-3651;Смирнов Евгений Михайлович;+79173450284;user2591.евге@mail.ru;1993-10-26;Омск
crm-1076;Яковлев Лев Дмитриевич;+79526830087;user756.лев@mail.ru;1956-05-10;Москва
crm-2684;Морозова Людмила Николаевна;+79104754576;user1904.людм@mail.ru;1972-10-03;Екатеринбург
crm-4221;Кузнецов Егор Петрович;+79298732636;user2997.егор@mail.ru;1992-12-10;Пермь
crm-4063;Семёнова Валентина Николаевна;+79425629510;user2887.вале@mail.ru;1982-05-20;Краснодар
crm-2184;Семёнова Вера Игоревна;+79814555731;user1565.вера@mail.ru;1980-09-08;Москва
crm-4203;Козлов Валентин Евгеньевич;+79975029527;user2982.вале@mail.ru;1991-01-13;Москва
crm-914;Яковлева  Юлия  Васильевна;8-957-9571309424; USER647.ЮЛИЯ@MAIL.RU ;04/11/1958;г. Волгоград
crm-25;Михайлова  София  Евгеньевна;;USER17.СОФИ@MAIL.RU;15.12.1958;Уфа г.
crm-962;Николаев Тимофей Васильевич;+79288958886;user679.тимо@mail.ru;1975-07-28;Омск
crm-3753;Васильев Юрий Иванович;+79378764675;user2665.юрий@mail.ru;1979-01-20;Санкт-Петербург
crm-1277;ИВАНОВ ВАСИЛИЙ СЕРГЕЕВИЧ;+79381586952;;1960-02-27;Ростов-на-Дону г.
crm-2302;СМИРНОВ ПЁТР ИГОРЕВИЧ;911 312 80 20;USER1647.ПEТР@MAIL.RU;10/10/1980;г. Краснодар
crm-703;НИКОЛАЕВ МАКСИМ ИВАНОВИЧ;902 679 07 16;;1978-11-17;КРАСНОЯРСК
crm-3538;Макаров Юрий Павлович;+79085778437;user2515.юрий@mail.ru;1977-06-24;Уфа
crm-98;Соколов Андрей Петрович;+79594998389;user69.андр@mail.ru;1986-09-07;Санкт-Петербург
crm-74;Семёнов Олег Павлович;+79448004690;user53.олег@mail.ru;1974-07-08;Волгоград
crm-3788;Мария Волкова;+79380507671; USER2691.МАРИ@MAIL.RU ;02.05.1955;РОСТОВ-НА-ДОНУ
crm-728;Романов  Кирилл  Сергеевич;;USER519.КИРИ@MAIL.RU;1983-05-19;Казань г.
crm-3074;Егоров Глеб Игоревич;+79019277800;user2174.глеб@mail.ru;1963-04-24;Краснодар
crm-168;макаров алексей борисович;8-934-9342665703;USER113.АЛЕК@MAIL.RU;1984-08-25;КРАСНОЯРСК
crm-2372;Михаил Кузнецов;;USER1695.МИХА@MAIL.RU;14.01.1976;г. Нижний Новгород
crm-1317;Семёнов  Даниил  Дмитриевич;79144629439;USER933.ДАНИ@MAIL.RU;07.08.1974;Омск г.
crm-1130;Сергеев Юрий Владимирович;+79920065669;user802.юрий@mail.ru;1974-12-04;Краснодар
crm-4183;Яковлева Вера Евгеньевна;+79698980341;user2966.вера@mail.ru;1965-10-03;Красноярск
crm-1192;Кузнёцова Юлия Пётровна;8-950-9500595185; USER845.ЮЛИЯ@MAIL.RU ;15.04.1962;Пермь г.
crm-3521;Борисов Алёксёй Васильёвич;79962071010; USER2503.АЛЕК@MAIL.RU ;18/03/1975;ЕКАТЕРИНБУРГ
crm-3735;Борисов Владимир Михайлович;+79328268658;user2651.влад@mail.ru;1972-10-05;Красноярск
crm-2422;Новиков Антон Павлович;+79339435648;user1727.анто@mail.ru;1957-07-13;Красноярск
crm-108;Фролова Ирина Алексеевна;+79435751353;user74.ирин@mail.ru;1999-04-27;Казань
crm-1166;Римский-Корсаков Светлана Игоревна;+79089374088;user826.свет@mail.ru;1962-03-17;Екатеринбург
crm-1905;Васильев Артём Сергеевич;+79186368665;user1362.артe@mail.ru;1968-03-07;Екатеринбург
crm-2856;Лебедев  Виктор  Игоревич;+79066817903; USER2025.ВИКТ@MAIL.RU ;1996-07-06;Омск г.
crm-3958;Фролова Екатерина;8 (995) 909-18-93;;02.10.1985;Волгоград г.
crm-937;Петров-Водкин  Григорий  Александрович;;USER663.ГРИГ@MAIL.RU;01.12.1987;Екатеринбург г.
crm-3495;Никитин Илья Владимирович;+79539537785;user2485.илья@mail.ru;1957-10-18;Екатеринбург
crm-420;Егоров Роман Дмитриевич;+79972854187;user296.рома@mail.ru;1975-01-26;Екатеринбург
crm-2172;Козлов Евгений Сергеевич;+79932411242;user1555.евге@mail.ru;1958-12-13;Москва
crm-3948;Алексеева Татьяна Владимировна;+79588143855;user2805.тать@mail.ru;1962-05-13;Уфа
crm-2255;НИКОЛАЕВ ВАДИМ ВАСИЛЬЕВИЧ;8 (949) 908-31-73; USER1614.ВАДИ@MAIL.RU ;12.11.1966;Пермь г.
crm-831;Андреева София Дмитриевна;+79994488614;user590.софи@mail.ru;1972-12-18;Самара
crm-1945;Лебедева  Анна  Михайловна;; USER1384.АННА@MAIL.RU ;23.06.1976;Новосибирск г.
crm-133;Андреев Валентин Павлович;+79727757618;user91.вале@mail.ru;1993-02-23;Уфа
crm-1652;Николаева Анна Васильевна;+79571436231;user1179.анна@mail.ru;1986-02-17;Новосибирск
crm-3466;Михайлов Фёдор Андреевич;+79925551231;user2465.фeдо@mail.ru;1960-06-15;Екатеринбург
crm-3693;Алексеев Ярослав Петрович;+79006359392;user2620.ярос@mail.ru;1989-01-21;Красноярск
crm-2247;Григорьев Даниил Андреевич;+79904264744;user1609.дани@mail.ru;1960-04-11;Санкт-Петербург
crm-3198;Александров Максим Александрович;+79689575476;user2272.макс@mail.ru;1961-04-01;Воронеж
crm-622;Соловьёв Денис Алексеевич;+79585937354;user442.дени@mail.ru;1957-05-14;Волгоград
crm-3980;Петров Владимир Алексеевич;+79510790172;user2828.влад@mail.ru;1970-04-12;Нижний Новгород
crm-3846;СТЕПАНОВА ОЛЬГА СЕРГЕЕВНА;940 255 92 57;;16.7.1965;Воронеж г.
crm-3558;СОКОЛОВ СЕРГЕЙ ИГОРЕВИЧ;931 552 12 21; USER2527.СЕРГ@MAIL.RU ;06.08.1967;г. Екатеринбург
crm-4187;Иванов Иван Андреевич;+79008771132;user2970.иван@mail.ru;1990-04-26;Нижний Новгород
crm-2306;Иванов Борис Викторович;955 123 11 15; USER1649.БОРИ@MAIL.RU ;08/06/1994;г. Красноярск
crm-553;Егоров Михаил Павлович;+79213588924;user391.миха@mail.ru;1985-04-12;Москва
crm-288;Павлов Вадим Васильевич;+79801720951;user199.вади@mail.ru;1990-03-24;Омск
crm-4059;Римский-Корсаков Антон Евгеньевич;+79661939590;user2883.анто@mail.ru;1993-03-02;Казань
crm-1662;Козлов Фёдор Евгеньевич;+79025811598;user1188.фeдо@mail.ru;1963-11-23;Санкт-Петербург
crm-3003;Смирнов Виктор Борисович;+79139616840;user2122.викт@mail.ru;1981-05-18;Екатеринбург
crm-2388;Борисов Игорь Петрович;+79131023395;user1707.игор@mail.ru;1979-10-23;Самара
crm-1551;Михайлов Станислав Александрович;+79726872353;user1109.стан@mail.ru;1959-04-12;Москва
crm-494;Илья Михайлов;985 939 32 16; USER350.ИЛЬЯ@MAIL.RU ;21.11.1965;г. Нижний Новгород
crm-771;Петров-Водкин  Николай  Петрович;8-919-9198943958;USER547.НИКО@MAIL.RU;22.01.1994;Москва г.
crm-1298;Новиков Дмитрий Пётрович;934 482 79 43;USER921.ДМИТ@MAIL.RU;24.02.1960;Пермь г.
crm-3355;Соловьёв Дмитрий Дмитриевич;+79736961049;user2376.дмит@mail.ru;1958-08-11;Пермь
crm-3431;Фёдоров Станислав Алексеевич;+79750143069;user2436.стан@mail.ru;1978-05-18;Казань
crm-2284;Римский-Корсаков Никита Игоревич;+79673382196;user1638.ники@mail.ru;1956-06-26;Екатеринбург
crm-3049;Васильев Павел Владимирович;+79228757722;user2153.паве@mail.ru;1978-09-01;Москва
crm-3223;Кузнецов Илья Олегович;+79647000852;user2292.илья@mail.ru;1972-10-13;Красноярск
crm-2087;Петров Никита Павлович;+79728952750;user1491.ники@mail.ru;1982-03-12;Казань
crm-911;Яковлева Юлия Васильевна;+79571309424;user647.юлия@mail.ru;1958-11-04;Волгоград
crm-2383;Васильев Евгений Викторович;+79469163006;user1702.евге@mail.ru;1989-12-15;Екатеринбург
crm-2316;Семёнов Владимир Александрович;+79318321685;user1658.влад@mail.ru;1982-07-28;Москва
crm-2895;Васильев Артём Павлович;+79463717677;user2050.артe@mail.ru;1973-10-15;Пермь
crm-1052;Иванов Денис Борисович;+79204541319;user740.дени@mail.ru;1985-04-21;Омск
crm-3002;Смирнов Евгений Александрович;+79834437625;user2121.евге@mail.ru;1970-11-23;Екатеринбург
crm-3474;Зайцева Елена Алексеевна;+79102465374;user2472.елен@mail.ru;1965-02-13;Красноярск
crm-1852;Волков Антон;8 (986) 469-54-04; USER1325.АНТО@MAIL.RU ;28/05/1963;ПЕРМЬ
crm-40;Петров  Илья  Андреевич;+79446447208; USER23.ИЛЬЯ@MAIL.RU ;01.05.1989;г. Ростов-на-Дону
crm-2597;Волкова Юлия Борисовна;+79317777795;user1849.юлия@mail.ru;1987-12-23;Санкт-Петербург
crm-1468;фролова ирина дмитриевна;;USER1042.ИРИН@MAIL.RU;2.9.1972;г. Ростов-на-Дону
crm-1121;Фёдоров Владимир Павлович;+79190127893;user793.влад@mail.ru;1963-05-16;Казань
crm-1831;Олег Захаров;8 (941) 552-10-19; USER1312.ОЛЕГ@MAIL.RU ;1977-05-02;УФА
crm-1717;Фролов Глеб Дмитриевич;+79744629940;user1232.глеб@mail.ru;1997-01-23;Новосибирск
crm-1849;Римский-Корсаков Александр Владимирович;+79705141910;user1324.алек@mail.ru;1981-01-20;Москва
crm-820;ВОРОБЬЁВА ЕЛЕНА ОЛЕГОВНА;8 (963) 258-31-40; USER583.ЕЛЕН@MAIL.RU ;1996-04-08;ВОЛГОГРАД
crm-3070;Михайлов Станислав Павлович;+79643240085;user2172.стан@mail.ru;1970-08-05;Краснодар
crm-2907;Римский-Корсаков Артём;8 (913) 823-40-59; USER2057.АРТE@MAIL.RU ;16.07.1968;г. Пермь
crm-3192;Семёнов Александр Владимирович;+79943073415;user2269.алек@mail.ru;1982-10-22;Пермь
crm-4263;???;;;31.02.1990;
crm-798;Попова Валентина Андреевна;+79644136865;user568.вале@mail.ru;1972-07-07;Красноярск
crm-3741;Петров Максим Юрьевич;+79306320434;user2656.макс@mail.ru;1977-09-25;Волгоград
crm-509;Фёдоров Антон Владимирович;+79434217323;user360.анто@mail.ru;1997-10-23;Красноярск
crm-4041;Волкова София Ивановна;+79492618289;user2868.софи@mail.ru;1992-12-24;Казань
crm-3814;Соловьёв Никита Алексеевич;+79655858514;user2707.ники@mail.ru;1962-04-28;Екатеринбург
crm-762;Романова Полина Юрьевна;+79284614410;user543.поли@mail.ru;1992-04-18;Казань
crm-2911;Смирнова Валентина Юрьевна;+79307616184;user2061.вале@mail.ru;1988-07-10;Новосибирск
crm-3602;Сергеев Павел Сергеевич;+79444551782;user2556.паве@mail.ru;1969-06-10;Воронеж
crm-2201;Макарова Юлия Николаевна;+79510437307;user1578.юлия@mail.ru;1971-01-14;Омск
crm-1828;Семёнов Алексей Алексеевич;+79702461954;user1310.алек@mail.ru;1974-09-23;Екатеринбург
crm-657;Александров Фёдор Викторович;+79249232620;user469.фeдо@mail.ru;1992-10-07;Ростов-на-Дону
crm-2017;Александров Александр Владимирович;+79791685352;user1439.алек@mail.ru;1962-07-22;Волгоград
crm-3715;Борисов Константин Владимирович;+79756295137;user2636.конс@mail.ru;1993-12-15;Волгоград
crm-2193;Морозова Вера Борисовна;+79022647956;user1572.вера@mail.ru;1980-11-09;Екатеринбург
crm-490;Попов Илья Александрович;+79464366310;user348.илья@mail.ru;1982-02-28;Красноярск
crm-1529;Егоров Ярослав Евгеньевич;+79690337518;user1092.ярос@mail.ru;1996-05-23;Самара
crm-4228;???;;;31.02.1990;
crm-508;Кузнецов Иван Владимирович;+79958349654;user359.иван@mail.ru;1969-05-22;Краснодар
crm-1085;Орлов  Кирилл  Николаевич;967 599 30 91; USER762.КИРИ@MAIL.RU ;1981-08-05;САНКТ-ПЕТЕРБУРГ
crm-756;Сергеев Тимофей Игоревич;+79143371993;user538.тимо@mail.ru;1963-03-11;Екатеринбург
crm-1918;Зайцев  Григорий  Дмитриевич;932 239 69 62;USER1369.ГРИГ@MAIL.RU;11/12/1990;г. Ростов-на-Дону
crm-4058;Смирнов Кирилл Борисович;+79005656040;user2882.кири@mail.ru;1992-08-02;Омск
crm-2618;Воробьёв Егор;;USER1861.ЕГОР@MAIL.RU;17.11.1978;ЕКАТЕРИНБУРГ
crm-2003;лебедев сергей викторович;+79194655122;USER1425.СЕРГ@MAIL.RU;09/02/1979;г. Пермь
crm-3430;Соловьёв Константин Андреевич;+79964307023;user2435.конс@mail.ru;1977-12-01;Казань
crm-3838;Соловьёв Илья Сёргёёвич;902 240 46 95; USER2725.ИЛЬЯ@MAIL.RU ;27/01/1994;Ростов-на-Дону г.
crm-515;Зайцев Максим;8-906-9065549866; USER365.МАКС@MAIL.RU ;1998-05-23;ПЕРМЬ
crm-1048;Семёнов Ярослав Игоревич;+79974098150;user737.ярос@mail.ru;1968-11-24;Нижний Новгород
crm-4169;Павлов Виктор Иванович;+79622863687;user2957.викт@mail.ru;1990-08-04;Ростов-на-Дону
crm-3425;Фёдоров Олег Петрович;+79169806036;user2431.олег@mail.ru;1958-03-23;Волгоград
crm-1099;Михайлов Денис Борисович;+79238663446;user774.дени@mail.ru;1997-10-21;Новосибирск
crm-1280;Фёдорова Анна Борисовна;+79213799816;user909.анна@mail.ru;1992-07-10;Нижний Новгород
crm-1302;Михайлов Даниил;;USER924.ДАНИ@MAIL.RU;11.04.1964;г. Самара
crm-2429;Борисов Павел Николаевич;+79886498225;user1732.паве@mail.ru;1993-09-21;Москва
crm-1463;ВОЛКОВ КОНСТАНТИН ЮРЬЕВИЧ;;USER1039.КОНС@MAIL.RU;23.6.1963;г. Пермь
crm-4077;БОРИСОВА ОЛЬГА ИВАНОВНА;+79641178766;USER2897.ОЛЬГ@MAIL.RU;28.06.1981;ЕКАТЕРИНБУРГ
crm-1716;Сергеева Дарья Ивановна;+79640100289;user1231.дарь@mail.ru;1990-10-24;Красноярск
crm-2050;Римский-Корсаков Анна Александровна;+79875267763;user1466.анна@mail.ru;1974-03-19;Воронеж
crm-2103;Фёдоров Фёдор Андреевич;+79491281342;user1506.фeдо@mail.ru;1996-10-01;Казань
crm-3332;СОКОЛОВ ЕГОР ИГОРЕВИЧ;8-960-9606475515; USER2366.ЕГОР@MAIL.RU ;18.2.1980;Нижний Новгород г.
crm-708;Макаров Станислав Игоревич;+79193265707;user505.стан@mail.ru;1985-09-15;Уфа
crm-3981;Алексеев Алексей Владимирович;+79937105429;user2829.алек@mail.ru;1997-03-22;Ростов-на-Дону
crm-2929;РИМСКИЙ-КОРСАКОВ ФЁДОР ПАВЛОВИЧ;79445701089;;3.1.1986;г. Воронеж
crm-1241;СМИРНОВ ДАНИИЛ ПАВЛОВИЧ;; USER882.ДАНИ@MAIL.RU ;1973-06-28;КАЗАНЬ
crm-1636;Андреева Галина Викторовна;+79820310409;user1169.гали@mail.ru;1996-01-09;Воронеж
crm-2759;Никитина Елена Петровна;+79576965659;user1954.елен@mail.ru;1981-10-12;Казань
crm-3008;Петрова Мария Павловна;+79025818402;user2124.мари@mail.ru;1993-01-06;Новосибирск
crm-3103;Захаров Андрей Васильевич;+79812454816;user2197.андр@mail.ru;1995-04-02;Новосибирск
crm-3612;Кузнецов Даниил Петрович;+79781881570;user2562.дани@mail.ru;1974-03-03;Москва
crm-2431;Никитин Кирилл Петрович;+79244435938;user1734.кири@mail.ru;1988-10-25;Нижний Новгород
crm-3589;Максим Андреев;; USER2546.МАКС@MAIL.RU ;9.9.1975;САНКТ-ПЕТЕРБУРГ
crm-2464;Егоров Евгений Иванович;+79081005513;user1758.евге@mail.ru;1990-08-03;Нижний Новгород
crm-2229;Римский-Корсаков Олег Сергеевич;+79446312253;user1598.олег@mail.ru;1966-05-02;Москва
crm-3553;Дмитрий Семёнов;+79908931845;USER2525.ДМИТ@MAIL.RU;28/05/1976;Ростов-на-Дону г.
crm-2509;Макаров Сергей Андреевич;+79303770368;user1790.серг@mail.ru;1987-08-23;Санкт-Петербург
crm-3701;Фролов Григорий;79951477939;USER2626.ГРИГ@MAIL.RU;15/04/1994;НОВОСИБИРСК
crm-1283;Никита Сергеев;912 142 50 92; USER910.НИКИ@MAIL.RU ;22.6.1962;ПЕРМЬ
crm-2974;ЗАЙЦЕВ РОМАН ИВАНОВИЧ;976 100 30 94;USER2100.РОМА@MAIL.RU;26/04/1962;г. Ростов-на-Дону
crm-3653;Семёнов Александр;8 (986) 504-99-17;USER2592.АЛЕК@MAIL.RU;1979-07-16;Новосибирск г.
crm-3510;Степанов Игорь Александрович;+79367747600;user2497.игор@mail.ru;1961-12-25;Краснодар
crm-4233;???;;;31.02.1990;
crm-85;София Никитина;79081367610; USER61.СОФИ@MAIL.RU ;14.03.1960;КАЗАНЬ
crm-1223;РОМАНОВ НИКИТА ИГОРЕВИЧ;+79747917141; USER869.НИКИ@MAIL.RU ;21.02.1966;Самара г.
crm-1160;Егоров Алексей Иванович;+79244407224;user823.алек@mail.ru;1975-10-14;Санкт-Петербург
crm-1332;Григорьева Юлия Ивановна;+79555678104;user942.юлия@mail.ru;1955-09-03;Пермь
crm-2648;Егорова Ксения Николаевна;+79208746234;user1879.ксен@mail.ru;1999-07-07;Волгоград
crm-412;Соколов Станислав Павлович;+79095170918;user290.стан@mail.ru;1979-06-04;Казань
crm-320;Андреев Игорь Петрович;+79409495904;user225.игор@mail.ru;1972-11-01;Пермь
crm-3186;Павлов Фёдор Евгеньевич;+79634227413;user2263.фeдо@mail.ru;1983-05-21;Новосибирск
crm-309;Сергеев Ярослав Юрьевич;+79354860287;user217.ярос@mail.ru;1995-01-20;Нижний Новгород
crm-4132;Козлова  Полина  Павловна;8 (935) 591-95-12;USER2931.ПОЛИ@MAIL.RU;20/04/1956;г. Новосибирск
crm-3330;Фролов Пётр Андреевич;+79999352758;user2365.пeтр@mail.ru;1985-04-01;Омск
crm-2552;Сергеев Вадим Викторович;+79850938642;user1820.вади@mail.ru;1978-09-09;Уфа
crm-3732;Морозов Алексей Борисович;+79645799059;user2648.алек@mail.ru;1982-11-08;Нижний Новгород
crm-57;Алексеев Валентин Владимирович;+79308730330;user36.вале@mail.ru;1973-06-26;Уфа
crm-1507;Волков Артём Александрович;+79430264259;user1074.артe@mail.ru;1971-06-01;Омск
crm-1588;Яковлев Василий Александрович;+79596968160;user1136.васи@mail.ru;1975-10-08;Санкт-Петербург
crm-1653;николаева анна васильевна;957 143 62 31;;17.02.1986;НОВОСИБИРСК
crm-2113;Николаев  Артём  Павлович;8 (915) 801-69-56;USER1510.АРТE@MAIL.RU;1966-07-24;Новосибирск г.
crm-467;Андреева Людмила Михайловна;+79883445607;user332.людм@mail.ru;1995-02-09;Москва
crm-4050;ПЕТРОВ ВАДИМ ВАСИЛЬЕВИЧ;; USER2875.ВАДИ@MAIL.RU ;05.12.1977;КРАСНОЯРСК
crm-3967;Андреев Денис Николаевич;+79485743704;user2820.дени@mail.ru;1962-04-12;Красноярск
crm-4024;ФЁДОРОВ ГРИГОРИЙ СЕРГЕЕВИЧ;8 (961) 583-49-36;USER2856.ГРИГ@MAIL.RU;1996-09-18;г. Ростов-на-Дону
crm-860;Орлов Евгений;; USER611.ЕВГЕ@MAIL.RU ;1991-03-23;ВОРОНЕЖ
crm-3949;Кузнецова Елена Павловна;+79046331606;user2806.елен@mail.ru;1982-01-18;Воронеж
crm-1862;Николаева Наталья Евгеньевна;+79793276092;user1332.ната@mail.ru;1970-04-21;Санкт-Петербург
crm-1505;Андреева Ольга Михайловна;+79874793514;user1072.ольг@mail.ru;1988-01-16;Воронеж
crm-2419;Соколов Вадим Евгеньевич;+79963201910;user1726.вади@mail.ru;1970-11-02;Пермь
crm-2841;Новиков Андрей;+79307921754; USER2018.АНДР@MAIL.RU ;06.01.1982;ОМСК
crm-1134;Павлова Полина Евгеньевна;+79928202518;user806.поли@mail.ru;1984-05-19;Новосибирск
crm-1758;Степанова Полина Петровна;+79435366065;user1266.поли@mail.ru;1969-11-19;Москва
crm-3183;Воробьёва Светлана Евгеньевна;+79018724120;user2260.свет@mail.ru;1991-08-18;Воронеж
crm-3120;Кузнецов Валентин;+79042185754; USER2213.ВАЛЕ@MAIL.RU ;13.04.1979;Воронеж г.
crm-2586;Александров Павел Сергеевич;+79193548520;user1840.паве@mail.ru;1971-01-17;Новосибирск
crm-3871;Егоров Максим Юрьевич;+79978555227;user2746.макс@mail.ru;1993-09-27;Нижний Новгород
crm-2878;соколова галина сергеевна;;USER2039.ГАЛИ@MAIL.RU;1982-02-26;РОСТОВ-НА-ДОНУ
crm-2670;Орлова Галина;8-945-9456690572;USER1897.ГАЛИ@MAIL.RU;13.11.1961;Санкт-Петербург г.
crm-1647;Вадим Римский-Корсаков;;USER1176.ВАДИ@MAIL.RU;1974-06-05;г. Новосибирск
crm-981;Орлова Валентина Борисовна;+79077941049;user690.вале@mail.ru;1963-01-07;Омск
crm-944;Александров Пётр Андреевич;+79798626489;user668.пeтр@mail.ru;1969-07-17;Новосибирск
crm-1490;Орлова Юлия Игоревна;+79001025025;user1062.юлия@mail.ru;1997-08-28;Пермь
crm-47;Орлов Пётр Дмитриевич;+79907075310;user29.пeтр@mail.ru;1965-05-03;Омск
crm-3667;Степанов Даниил Иванович;+79168428381;user2599.дани@mail.ru;1990-05-12;Москва
crm-3205;Александров Валентин Александрович;+79456099344;user2279.вале@mail.ru;1987-04-08;Волгоград
crm-4033;Александров Дмитрий Александрович;+79189423988;user2862.дмит@mail.ru;1977-07-17;Екатеринбург
crm-469;Семёнов Юрий Евгеньевич;+79921472328;user333.юрий@mail.ru;1979-01-25;Казань
crm-1644;Фёдоров Евгений Александрович;+79180833061;user1174.евге@mail.ru;1995-10-20;Казань
crm-2099;Соколов Сергей Иванович;+79199389492;user1502.серг@mail.ru;1971-02-16;Москва
crm-1686;Морозов Николай Олегович;+79606570086;user1207.нико@mail.ru;1995-04-11;Нижний Новгород
crm-3897;Зайцев Сергей Алексеевич;+79398082357;user2769.серг@mail.ru;1963-03-03;Казань
crm-2386;Новиков Илья Евгеньевич;+79295173923;user1705.илья@mail.ru;1997-11-14;Уфа
crm-2807;Новиков Юрий Сергеевич;+79219993582;user1993.юрий@mail.ru;1957-07-01;Нижний Новгород
crm-1210;Иванов Павел Алексеевич;+79676198184;user861.паве@mail.ru;1975-02-03;Уфа
crm-6;Смирнов Глеб Иванович;+79815973895;user6.глеб@mail.ru;1971-05-04;Москва
crm-952;Римский-Корсаков Ксения Игоревна;+79025095115;user672.ксен@mail.ru;1972-03-21;Нижний Новгород
crm-1158;Петрова Валентина;; USER821.ВАЛЕ@MAIL.RU ;28/03/1956;Самара г.
crm-207;Григорьева Наталья Дмитриевна;+79731776601;user142.ната@mail.ru;1989-05-12;Волгоград
crm-180;Степанова Галина Юрьевна;+79366549933;user122.гали@mail.ru;1966-11-28;Казань
crm-915;Никитина Вера Игоревна;+79187841935;user648.вера@mail.ru;1993-08-03;Ростов-на-Дону
crm-1835;Романов Иван Андреевич;+79431489317;user1314.иван@mail.ru;1981-09-16;Омск
crm-3073;соловьёв кирилл юрьевич;; USER2173.КИРИ@MAIL.RU ;1991-04-21;г. Новосибирск
crm-4008;Андреев  Тимофей  Евгеньевич;+79805212524; USER2847.ТИМО@MAIL.RU ;1971-09-14;ПЕРМЬ
crm-1808;Фёдоров Григорий Игоревич;+79327520846;user1298.григ@mail.ru;1996-06-11;Волгоград
crm-823;Орлов Антон Николаевич;+79801639946;user585.анто@mail.ru;1981-10-17;Екатеринбург
crm-3710;смирнов борис евгеньевич;+79126266667;;3.6.1991;КРАСНОЯРСК
crm-3043;алексеева софия владимировна;+79769378473; USER2147.СОФИ@MAIL.RU ;1996-12-13;САМАРА
crm-4298;???;12345;;99.99.9999;
crm-3627;Орлов Ярослав Игоревич;+79164516903;user2574.ярос@mail.ru;1992-05-21;Краснодар
crm-3618;АЛЕКСЕЕВ ТИМОФЕЙ ВАСИЛЬЕВИЧ;79410398421; USER2566.ТИМО@MAIL.RU ;10/12/1961;УФА
crm-3999;Соколов Дмитрий Борисович;+79308734622;user2842.дмит@mail.ru;1965-07-16;Омск
crm-2650;Иванов Илья Александрович;+79393939294;user1881.илья@mail.ru;1964-01-27;Нижний Новгород
crm-1665;Романов Юрий Игоревич;+79652259758;user1190.юрий@mail.ru;1989-05-19;Пермь
crm-2448;Александров  Егор  Петрович;8 (909) 789-93-84;USER1747.ЕГОР@MAIL.RU;08.02.1971;г. Красноярск
crm-2195;Борисова Ольга Дмитриевна;+79035744702;user1574.ольг@mail.ru;1995-08-11;Ростов-на-Дону
crm-408;Петров-Водкин Юрий Олегович;+79629686011;user288.юрий@mail.ru;1973-06-27;Красноярск
crm-3414;Никитина Светлана Игоревна;+79487461394;user2423.свет@mail.ru;1973-03-24;Красноярск
crm-2870;Фёдоров Глеб Дмитриевич;+79494203255;user2034.глеб@mail.ru;1976-01-06;Волгоград
crm-1319;Алексеев Юрий Михайлович;+79156245141;user934.юрий@mail.ru;1971-09-16;Екатеринбург
crm-1202;Макаров Алексей Юрьевич;+79933444333;user854.алек@mail.ru;1997-11-20;Уфа
crm-3839;Соловьёв Илья;+79022404695; USER2725.ИЛЬЯ@MAIL.RU ;27.1.1994;г. Ростов-на-Дону
crm-2147;алексеев тимофей андреевич;+79594130343; USER1535.ТИМО@MAIL.RU ;19.10.1995;Пермь г.
crm-1725;Яковлев Евгений Игоревич;+79024222254;user1239.евге@mail.ru;1972-01-06;Казань
crm-2979;Петров Станислав Павлович;+79809995695;user2103.стан@mail.ru;1961-05-19;Омск
crm-1386;Лебедев Максим Алексеевич;+79794279010;user986.макс@mail.ru;1987-01-15;Москва
crm-181;Степанов Андрей Алексеевич;+79134041800;user123.андр@mail.ru;1968-11-16;Омск
crm-1661;Николаев Максим Михайлович;+79440727516;user1187.макс@mail.ru;1955-07-18;Санкт-Петербург
crm-491;Егоров Виктор Олегович;+79970243372;user349.викт@mail.ru;1972-07-07;Ростов-на-Дону
crm-1829;Петров-Водкин Григорий Петрович;+79728990141;user1311.григ@mail.ru;1989-06-23;Москва
crm-4289;;;;99.99.9999;
crm-292;Волкова Ольга Борисовна;+79249907076;user203.ольг@mail.ru;1993-02-06;Волгоград
crm-3575;Петров Иван Борисович;+79399698117;user2541.иван@mail.ru;1977-07-18;Самара
crm-1715;Лебедев Вадим Андреевич;+79829776541;user1230.вади@mail.ru;1960-07-08;Волгоград
crm-1006;Борисов Вадим Александрович;+79663483073;user710.вади@mail.ru;1961-02-08;Екатеринбург
crm-2040;Яковлев Василий Игоревич;+79039237274;user1457.васи@mail.ru;1991-09-15;Пермь
crm-1383;Алексей Алексеев;79221184753; USER984.АЛЕК@MAIL.RU ;1959-05-12;НОВОСИБИРСК
crm-456;Александров Антон Павлович;+79765753917;user323.анто@mail.ru;1964-02-25;Пермь
crm-1237;Соловьёва Виктория Дмитриевна;+79253635430;user879.викт@mail.ru;1984-08-09;Екатеринбург
crm-209;Григорьев Даниил Михайлович;+79242237629;user144.дани@mail.ru;1974-06-01;Волгоград
crm-4040;Петров-Водкин Николай Павлович;+79500126487;user2867.нико@mail.ru;1961-02-13;Красноярск
crm-1804;Александрова Ольга Сергеевна;+79289491083;user1294.ольг@mail.ru;1966-06-19;Ростов-на-Дону
crm-564;Алексеев Ярослав Николаевич;+79239920095;user397.ярос@mail.ru;1975-08-26;Новосибирск
crm-3036;Новикова Ольга Андреевна;+79223177533;user2143.ольг@mail.ru;1958-06-07;Казань
crm-2240;Степанов  Станислав  Дмитриевич;+79479614658;USER1603.СТАН@MAIL.RU;3.10.1971;Пермь г.
crm-3052;ПЕТРОВ-ВОДКИН ЮРИЙ ОЛЕГОВИЧ;;USER2154.ЮРИЙ@MAIL.RU;26.10.1992;КРАСНОДАР
crm-1569;Иванов Иван Александрович;+79967385982;user1124.иван@mail.ru;1979-05-14;Новосибирск
crm-2131;Волкова Дарья Васильевна;+79276476566;user1521.дарь@mail.ru;1977-02-16;Воронеж
crm-1865;павлов виктор игоревич;+79859593858; USER1334.ВИКТ@MAIL.RU ;21.11.1989;Москва г.
crm-1803;Алексеев Евгений Сергеевич;+79201120172;user1293.евге@mail.ru;1968-12-08;Воронеж
crm-813;Степанов Кирилл Игоревич;+79220113217;user578.кири@mail.ru;1963-02-26;Самара
crm-651;Ярослав Николаев;; USER463.ЯРОС@MAIL.RU ;1974-04-17;Москва г.
crm-571;Козлова Светлана Андреевна;+79370635533;user404.свет@mail.ru;1992-08-01;Уфа
crm-4176;Фролов Игорь Васильевич;+79519143586;user2962.игор@mail.ru;1962-05-09;Ростов-на-Дону
crm-482;воробьёв ярослав николаевич;8 (959) 729-59-44;;23.10.1988;г. Нижний Новгород
crm-3252;Павлов Александр Игоревич;+79007764703;user2309.алек@mail.ru;1961-05-07;Омск
crm-3764;Петров-Водкин Глеб Павлович;+79058200482;user2674.глеб@mail.ru;1967-07-22;Волгоград
crm-1178;Воробьёв Владимир Алексеевич;+79072237192;user835.влад@mail.ru;1961-10-05;Нижний Новгород
crm-2925;степанова валентина викторовна;+79490613759; USER2070.ВАЛЕ@MAIL.RU ;13.04.1983;г. Ростов-на-Дону
crm-3610;Егоров Виктор;79230979575;USER2560.ВИКТ@MAIL.RU;21.12.1999;Пермь г.
crm-449;Степанов Виктор Сергеевич;+79696605782;user316.викт@mail.ru;1995-02-02;Казань
crm-1163;егоров алексей иванович;79244407224;;14.10.1975;г. Санкт-Петербург
crm-3385;Попова Вера Викторовна;+79263814343;user2400.вера@mail.ru;1986-03-02;Красноярск
crm-3383;Никитина Светлана Александровна;+79305765310;user2398.свет@mail.ru;1977-02-10;Новосибирск
crm-51;Романов Борис Борисович;; USER31.БОРИ@MAIL.RU ;05/06/1975;Уфа г.
crm-4103;Михайлов Станислав Васильевич;+79999799719;user2916.стан@mail.ru;1975-04-06;Красноярск
crm-3536;Фёдоров Валентин Игоревич;+79782139870;user2513.вале@mail.ru;1966-07-28;Краснодар
crm-1840;Кузнецова Светлана;906 291 48 18; USER1317.СВЕТ@MAIL.RU ;27.9.1966;Екатеринбург г.
crm-1800;Михайлов Никита Владимирович;+79162428701;user1290.ники@mail.ru;1965-10-22;Санкт-Петербург
crm-1347;СОЛОВЬЁВ ФЁДОР ВАСИЛЬЕВИЧ;8-934-9347509494;;18.12.1972;г. Уфа
crm-236;Волков Вадим Евгеньевич;+79420741782;user164.вади@mail.ru;1963-07-24;Самара
crm-3145;Никитин Виктор Сергеевич;+79216086854;user2229.викт@mail.ru;1967-09-13;Санкт-Петербург
crm-2323;Егорова Ирина Игоревна;+79398523764;user1665.ирин@mail.ru;1965-10-10;Нижний Новгород
crm-4013;Михайлов Антон Ёвгёньёвич;+79154446436;;05.08.1972;Воронеж г.
crm-724;Сергеев Константин Олегович;+79344503780;user517.конс@mail.ru;1981-12-07;Пермь
crm-1131;Фёдоров Александр Васильевич;+79044368712;user803.алек@mail.ru;1960-01-17;Омск
crm-1635;Волков Олег Викторович;+79935151587;user1168.олег@mail.ru;1998-08-11;Самара
crm-2755;Римский-Корсаков Андрей Иванович;+79515576136;user1951.андр@mail.ru;1961-02-26;Москва
crm-410;Римский-Корсаков Светлана;8 (936) 767-67-64;;05/12/1999;г. Казань
crm-2751;Игорь Захаров;+79725790774;;1967-10-14;г. Краснодар
crm-273;Фёдоров Алёксёй Алёксандрович;; USER188.АЛЕК@MAIL.RU ;14.6.1981;Екатеринбург г.
crm-3035;Никитина Ольга Ивановна;+79814468810;user2142.ольг@mail.ru;1982-02-06;Краснодар
crm-3904;Олег Новиков;8-955-9557596180;USER2773.ОЛЕГ@MAIL.RU;17/01/1983;Казань г.
crm-2146;Алексеев Тимофей Андреевич;+79594130343;user1535.тимо@mail.ru;1995-10-19;Пермь
crm-3709;Смирнов Борис Евгеньевич;+79126266667;user2631.бори@mail.ru;1991-06-03;Красноярск
crm-2545;Пётров Станислав Игорёвич;; USER1814.СТАН@MAIL.RU ;01/04/1970;г. Самара
crm-1275;Егорова Вера Олеговна;+79321129852;user906.вера@mail.ru;1958-07-16;Волгоград
crm-539;Андреев Тимофей Иванович;+79048625687;user379.тимо@mail.ru;1958-01-10;Красноярск
crm-1699;Степанова София Юрьевна;+79539755385;user1217.софи@mail.ru;1980-06-16;Уфа
crm-4151;Соколова Светлана;8 (920) 587-74-40; USER2945.СВЕТ@MAIL.RU ;1976-07-04;г. Екатеринбург
crm-2884;Орлова Ольга;79465693101;;9.9.1984;г. Екатеринбург
crm-1742;Новиков Юрий Игоревич;+79827184185;user1254.юрий@mail.ru;1955-02-13;Санкт-Петербург
crm-4270;;;;99.99.9999;
crm-2875;Соколова Галина Сергеевна;+79895589237;user2039.гали@mail.ru;1982-02-26;Ростов-на-Дону
crm-2547;Васильева Полина Васильевна;+79403307360;user1815.поли@mail.ru;1986-03-21;Екатеринбург
crm-2741;Новиков Константин Евгеньевич;+79056900441;user1946.конс@mail.ru;1995-12-27;Краснодар
crm-816;Соловьёв Фёдор Олегович;+79293291135;user581.фeдо@mail.ru;1999-07-03;Нижний Новгород
crm-1482;Яковлева Наталья Юрьевна;+79339862984;user1054.ната@mail.ru;1997-09-03;Волгоград
crm-3263;Ярослав Попов;8-975-9757078398;;1957-02-28;г. Казань
crm-3743;Петров  Максим  Юрьевич;; USER2656.МАКС@MAIL.RU ;1977-09-25;ВОЛГОГРАД
crm-1393;Павлов Сергей Владимирович;+79703692753;user993.серг@mail.ru;1975-04-28;Уфа
crm-3126;РИМСКИЙ-КОРСАКОВ ВИКТОР ВЛАДИМИРОВИЧ;8-982-9829849498;USER2216.ВИКТ@MAIL.RU;14/08/1989;г. Самара
crm-363;НИКИТИНА ВИКТОРИЯ ОЛЕГОВНА;8-942-9423732269; USER251.ВИКТ@MAIL.RU ;1991-09-02;г. Москва
crm-3805;Орлов Никита Олегович;+79427521320;user2700.ники@mail.ru;1975-11-21;Екатеринбург
crm-993;Волкова Дарья Олеговна;+79947458849;user699.дарь@mail.ru;1979-04-24;Нижний Новгород
crm-359;Григорьев Николай Борисович;+79678050376;user249.нико@mail.ru;1987-10-21;Краснодар
crm-4222;Соколов Сергей Борисович;+79359963084;user2998.серг@mail.ru;1970-12-17;Ростов-на-Дону
crm-567;Никитин Александр Павлович;+79571404210;user400.алек@mail.ru;1965-06-28;Омск
crm-4280;;;;99.99.9999;
crm-3712;Андреев Денис Юрьевич;+79216373515;user2633.дени@mail.ru;1972-11-13;Санкт-Петербург
crm-3843;Андреев Павел;8-911-9113243011;USER2726.ПАВЕ@MAIL.RU;20.12.1967;г. Краснодар
crm-3084;Михайлов Фёдор Алексеевич;+79689890003;user2181.фeдо@mail.ru;1992-05-02;Омск
crm-2389;Борисов  Игорь  Петрович;8 (913) 102-33-95;;23.10.1979;г. Самара
crm-1027;Егоров Алексей Викторович;+79381126984;user723.алек@mail.ru;1993-07-04;Воронеж
crm-1792;Михайлова Полина Васильевна;+79173518995;user1284.поли@mail.ru;1967-04-25;Нижний Новгород
crm-3314;Попова Юлия Викторовна;+79144171927;user2354.юлия@mail.ru;1977-10-24;Пермь
crm-826;Орлова Юлия Сергеевна;+79662360176;user588.юлия@mail.ru;1955-08-25;Омск
crm-3853;Васильев Николай Алексеевич;+79581336432;user2734.нико@mail.ru;1960-07-28;Новосибирск
crm-838;Егоров Виктор Павлович;+79516920072;user597.викт@mail.ru;1973-09-14;Самара
crm-1567;Сергеева Дарья Юрьевна;+79582572723;user1122.дарь@mail.ru;1962-08-23;Казань
crm-4214;Фролов  Владимир  Владимирович;8-969-9693190072;USER2990.ВЛАД@MAIL.RU;9.1.1961;НОВОСИБИРСК
crm-604;Романов Сергей Борисович;+79746930159;user426.серг@mail.ru;1960-03-10;Москва
crm-1268;Фролов Юрий Петрович;+79736588664;user902.юрий@mail.ru;1958-09-24;Москва
crm-3681;Воробьёв Сергей Евгеньевич;+79199181149;user2609.серг@mail.ru;1963-03-16;Нижний Новгород
crm-45;Соловьёв Владимир Алексеевич;+79521675311;user27.влад@mail.ru;1969-05-20;Красноярск
crm-463;Степанов Михаил Викторович;+79019628999;user328.миха@mail.ru;1963-08-13;Омск
crm-280;Фёдор Семёнов;+79175957341;;04.11.1980;ВОЛГОГРАД
crm-141;Попов Иван Александрович;+79860846113;user98.иван@mail.ru;1961-08-11;Пермь
crm-3114;Новиков Павел Викторович;+79254167141;user2208.паве@mail.ru;1979-05-17;Новосибирск
crm-2792;Соловьёв Денис Петрович;+79503865546;user1982.дени@mail.ru;1957-10-02;Нижний Новгород
crm-761;Соловьёв Дмитрий Игоревич;+79790049717;user542.дмит@mail.ru;1958-08-05;Уфа
crm-1981;Павлов Николай Иванович;+79613914925;user1410.нико@mail.ru;1986-02-03;Красноярск
crm-3253;Николаев Иван Борисович;+79727578035;user2310.иван@mail.ru;1977-04-11;Воронеж
crm-3769;Петров-Водкин Артём Алексеевич;+79384033443;user2679.артe@mail.ru;1964-02-13;Воронеж
crm-3329;Борисов Валентин Евгеньевич;+79559580413;user2364.вале@mail.ru;1990-02-15;Санкт-Петербург
crm-978;Орлов Егор Александрович;+79003296727;user688.егор@mail.ru;1993-12-26;Волгоград
crm-2114;Николаев Артём;915 801 69 56;USER1510.АРТE@MAIL.RU;24.07.1966;г. Новосибирск
crm-790;Петрова Татьяна Владимировна;+79203851147;user561.тать@mail.ru;1955-02-13;Самара
crm-534;Семёнов Кирилл Петрович;+79670668885;user376.кири@mail.ru;1991-05-23;Казань
crm-1269;Васильев Даниил Павлович;+79296861342;user903.дани@mail.ru;1999-02-12;Нижний Новгород
crm-640;Макарова Вера Николаевна;+79837640301;user455.вера@mail.ru;1966-04-25;Самара
crm-2518;Иванова Юлия Сергеевна;+79305196344;user1797.юлия@mail.ru;1960-01-16;Казань
crm-2368;Иванова Валентина Евгеньевна;+79769746505;user1692.вале@mail.ru;1985-04-28;Красноярск
crm-1978;Захаров Василий Юрьевич;+79743795635;user1407.васи@mail.ru;1975-08-25;Воронеж
crm-2253;Николаёв Вадим Васильёвич;; USER1614.ВАДИ@MAIL.RU ;12.11.1966;Пермь г.
crm-4238;???;;not-an-email;99.99.9999;
crm-1890;Петров-Водкин Ирина Васильевна;+79156536571;user1350.ирин@mail.ru;1981-02-05;Екатеринбург
crm-3274;Смирнов Борис Петрович;+79606486938;user2324.бори@mail.ru;1979-06-26;Самара
crm-4195;Семёнов Юрий Сергеевич;+79888087613;user2974.юрий@mail.ru;1963-12-14;Москва
crm-908;Романов Вадим Владимирович;+79494545232;user644.вади@mail.ru;1974-11-27;Москва
crm-4188;Фёдоров Денис Петрович;+79381310014;user2971.дени@mail.ru;1987-03-23;Санкт-Петербург
crm-3655;СЕМЁНОВ АЛЕКСАНДР СЕРГЕЕВИЧ;8-986-9865049917; USER2592.АЛЕК@MAIL.RU ;1979-07-16;г. Новосибирск
crm-4051;Вадим Петров;8 (972) 269-29-15; USER2875.ВАДИ@MAIL.RU ;5.12.1977;Красноярск г.
crm-631;Смирнов  Вадим  Юрьевич;+79455962133; USER449.ВАДИ@MAIL.RU ;14/01/1998;Красноярск г.
crm-2772;Фёдоров Максим Олегович;+79262083756;user1966.макс@mail.ru;1986-09-16;Санкт-Петербург
crm-242;Лебедев Евгений Дмитриевич;+79640696708;user168.евге@mail.ru;1985-05-16;Ростов-на-Дону
crm-1150;Козлов Фёдор Алексеевич;+79720866311;user815.фeдо@mail.ru;1983-07-11;Нижний Новгород
crm-3931;Козлова Ольга Борисовна;+79027918815;user2788.ольг@mail.ru;1968-02-17;Красноярск
crm-4159;Смирнова Ксения Викторовна;+79905316566;user2950.ксен@mail.ru;1970-11-14;Екатеринбург
crm-3818;Воробьёва Полина Викторовна;+79170267565;user2711.поли@mail.ru;1966-04-04;Новосибирск
crm-4262;???;;;31.02.1990;
crm-3761;Захаров Артём Викторович;+79886601117;user2671.артe@mail.ru;1969-10-17;Самара
crm-3349;Соловьёв Владимир Олегович;+79282545839;user2373.влад@mail.ru;1987-07-04;Воронеж
crm-3648;Григорьев Пётр Андреевич;+79498353602;user2588.пeтр@mail.ru;1969-09-04;Пермь
crm-1164;Попова Вера Юрьевна;+79573842780;user824.вера@mail.ru;1971-06-25;Краснодар
crm-4094;Фёдорова Юлия Васильевна;+79477962160;user2908.юлия@mail.ru;1997-02-13;Новосибирск
crm-2329;Ярослав Борисов;79954211922; USER1668.ЯРОС@MAIL.RU ;1973-09-10;САНКТ-ПЕТЕРБУРГ
crm-2233;ЗАХАРОВ ИГОРЬ СЕРГЕЕВИЧ;; USER1599.ИГОР@MAIL.RU ;09.05.1984;г. Ростов-на-Дону
crm-116;Орлов Антон Дмитриевич;+79721264214;user80.анто@mail.ru;1999-07-06;Екатеринбург
crm-1157;Пётрова Валёнтина Юрьёвна;8-940-9402190952;USER821.ВАЛЕ@MAIL.RU;1956-03-28;г. Самара
crm-3856;Николаева Елена Олеговна;+79235283168;user2737.елен@mail.ru;1964-12-15;Самара
crm-1330;Николаев Валентин Олегович;+79051756848;user940.вале@mail.ru;1977-02-15;Воронеж
crm-1464;Константин Волков;+79497866098; USER1039.КОНС@MAIL.RU ;23.6.1963;г. Пермь
crm-3542;кузнецова виктория ивановна;8-986-9866174121;USER2517.ВИКТ@MAIL.RU;22/08/1987;Москва г.
crm-3806;Орлова Ирина Васильевна;+79076925143;user2701.ирин@mail.ru;1997-03-18;Новосибирск
crm-3985;Григорьева Елена Владимировна;+79607287186;user2833.елен@mail.ru;1969-01-12;Уфа
crm-1208;Новиков Валентин Олегович;+79144372030;user859.вале@mail.ru;1956-09-13;Пермь
crm-331;Васильёв Борис Олёгович;8-991-9918703774; USER230.БОРИ@MAIL.RU ;06.10.1988;г. Нижний Новгород
crm-1791;Воробьёв Пётр Евгеньевич;+79963344673;user1283.пeтр@mail.ru;1985-04-27;Санкт-Петербург
crm-3441;Новиков Борис Игоревич;+79700880535;user2446.бори@mail.ru;1979-06-11;Нижний Новгород
crm-1222;Романов Никита Игоревич;+79747917141;user869.ники@mail.ru;1966-02-21;Самара
crm-433;Захарова Елена Николаевна;+79572024176;user306.елен@mail.ru;1985-04-13;Омск
crm-1018;Новикова Татьяна;+79190929070; USER716.ТАТЬ@MAIL.RU ;05.04.1985;г. Воронеж
crm-667;РИМСКИЙ-КОРСАКОВ КИРИЛЛ ИВАНОВИЧ;79384308069; USER478.КИРИ@MAIL.RU ;6.1.1993;Москва г.
crm-1732;Павлов Ярослав Владимирович;+79353574951;user1246.ярос@mail.ru;1976-09-25;Новосибирск
crm-1392;Григорьев Григорий Иванович;+79005716360;user992.григ@mail.ru;1994-09-08;Пермь
crm-4093;Андреева Екатерина Алексеевна;+79409620979;user2907.екат@mail.ru;1979-10-15;Волгоград
crm-3199;Романов Глеб Петрович;+79233754655;user2273.глеб@mail.ru;1977-06-28;Пермь
crm-4305;???;;;31.02.1990;
crm-23;РИМСКИЙ-КОРСАКОВ ЯРОСЛАВ АЛЕКСАНДРОВИЧ;+79168288133; USER16.ЯРОС@MAIL.RU ;1962-09-09;г. Новосибирск
crm-895;иванова елена ивановна;79035920476;;10.3.1994;г. Ростов-на-Дону
crm-853;Яковлев  Глеб  Васильевич;8 (927) 017-33-44; USER607.ГЛЕБ@MAIL.RU ;04/10/1987;Уфа г.
crm-3884;Фролов Валентин Олегович;+79756679318;user2758.вале@mail.ru;1983-12-09;Москва
crm-2347;Макаров Евгений;8-951-9516327081;;21/03/1968;Нижний Новгород г.
crm-111;Петрова Виктория Александровна;+79430800858;user76.викт@mail.ru;1974-03-06;Казань
crm-4158;Макарова Анна Игоревна;+79695259868;user2949.анна@mail.ru;1991-08-02;Краснодар
crm-753;Захаров Александр Алексеевич;+79464677555;user535.алек@mail.ru;1995-07-24;Казань
crm-2010;Павлов Пётр Игоревич;+79611335809;user1432.пeтр@mail.ru;1964-02-28;Красноярск
crm-671;Егоров Григорий Дмитриевич;+79288946164;user481.григ@mail.ru;1977-08-21;Краснодар
crm-1320;Егорова Екатерина Николаевна;+79786905807;user935.екат@mail.ru;1956-04-24;Омск
crm-2765;Борисов Олег Викторович;+79552971445;user1959.олег@mail.ru;1987-11-09;Екатеринбург
crm-355;Егорова Валентина;8 (913) 482-37-56; USER246.ВАЛЕ@MAIL.RU ;12/03/1958;г. Москва
crm-1749;Васильев Роман Юрьевич;+79776980557;user1258.рома@mail.ru;1989-06-01;Казань
crm-758;Соколов Роман Николаевич;+79132867790;user539.рома@mail.ru;1959-05-02;Волгоград
crm-2927;Римский-Корсаков Фёдор Павлович;+79445701089;user2072.фeдо@mail.ru;1986-01-03;Воронеж
crm-2799;ЗАЙЦЕВ БОРИС ВЛАДИМИРОВИЧ;79653027370; USER1985.БОРИ@MAIL.RU ;13/06/1963;Санкт-Петербург г.
crm-2794;ПАВЛОВ НИКОЛАЙ ЕВГЕНЬЕВИЧ;8 (902) 678-49-93; USER1983.НИКО@MAIL.RU ;27.08.1980;г. Краснодар
crm-872;Орлов Лев Петрович;+79664128226;user620.лев@mail.ru;1985-01-14;Новосибирск
crm-418;Степанов Олег Васильевич;+79553797855;user294.олег@mail.ru;1990-05-20;Красноярск
crm-2283;Воробьёв Егор Андреевич;+79640706251;user1637.егор@mail.ru;1988-05-21;Москва
crm-179;Егоров Артём Александрович;+79462686466;user121.артe@mail.ru;1973-11-14;Москва
crm-1892;Соловьёва Екатерина Андреевна;+79575921200;user1352.екат@mail.ru;1994-05-21;Воронеж
crm-1278;иванов василий сергеевич;8-938-9381586952; USER907.ВАСИ@MAIL.RU ;27/02/1960;Ростов-на-Дону г.
crm-1142;Светлана Романова;942 800 48 59;USER809.СВЕТ@MAIL.RU;01.01.1969;УФА
crm-365;Орлов Лев Петрович;+79896566828;user252.лев@mail.ru;1990-09-11;Москва
crm-654;Попов Валентин Евгеньевич;+79631142980;user466.вале@mail.ru;1984-01-25;Самара
crm-3161;Волков Кирилл Олегович;+79786776222;user2244.кири@mail.ru;1957-09-10;Москва
crm-1952;Михайлов Никита Иванович;+79053022803;user1391.ники@mail.ru;1985-01-04;Нижний Новгород
crm-1248;Зайцев  Игорь  Олегович;; USER887.ИГОР@MAIL.RU ;16.7.1961;КАЗАНЬ
crm-2177;Николаев  Михаил  Николаевич;+79131528671; USER1558.МИХА@MAIL.RU ;28/03/1983;Красноярск г.
crm-1722;Соколов Константин Петрович;+79709507756;user1236.конс@mail.ru;1987-09-02;Красноярск
crm-3028;Смирнов Борис Александрович;+79680942912;user2137.бори@mail.ru;1986-09-14;Екатеринбург
crm-2595;КУЗНЕЦОВА ИРИНА ИГОРЕВНА;+79320890706;;1997-05-02;Волгоград г.
crm-4278;???;;not-an-email;99.99.9999;
crm-2397;Петров-Водкин Александр Сергеевич;+79800637300;user1710.алек@mail.ru;1986-05-18;Волгоград
crm-1594;Михайлова  Светлана  Евгеньевна;79411230500;;18.04.1987;НОВОСИБИРСК
crm-2025;Андреев Даниил Александрович;+79381520176;user1447.дани@mail.ru;1989-04-09;Краснодар
crm-1987;Семёнова  Екатерина  Дмитриевна;+79616476388; USER1414.ЕКАТ@MAIL.RU ;1984-11-16;г. Санкт-Петербург
crm-3691;Иванов Пётр Павлович;+79237492242;user2619.пeтр@mail.ru;1979-05-26;Ростов-на-Дону
crm-2822;Борисова Юлия Борисовна;+79631569873;user2001.юлия@mail.ru;1969-12-25;Новосибирск
crm-3022;АЛЕКСАНДРОВ ГРИГОРИЙ АЛЕКСАНДРОВИЧ;; USER2132.ГРИГ@MAIL.RU ;17/01/1994;г. Екатеринбург
crm-1751;Смирнова Ольга Дмитриевна;+79450052940;user1260.ольг@mail.ru;1969-04-09;Екатеринбург
crm-3926;МОРОЗОВ ВАДИМ ОЛЕГОВИЧ;8-920-9208570294;USER2785.ВАДИ@MAIL.RU;07/12/1974;г. Уфа
crm-591;Григорьев Александр Игоревич;+79710639841;user418.алек@mail.ru;1984-09-05;Красноярск
crm-689;морозов владимир петрович;;USER492.ВЛАД@MAIL.RU;02.10.1981;г. Уфа
crm-1611;Алексеев Алексей Иванович;+79303930407;user1151.алек@mail.ru;1980-07-22;Краснодар
crm-4043;Михайлов Николай Николаевич;+79928980735;user2870.нико@mail.ru;1998-02-20;Воронеж
crm-3350;Соловьёв  Владимир  Олегович;+79282545839;USER2373.ВЛАД@MAIL.RU;04/07/1987;ВОРОНЕЖ
crm-1106;Морозов Лев Владимирович;+79922965393;user781.лев@mail.ru;1960-01-08;Пермь
crm-3197;Александров  Роман  Иванович;+79902460799; USER2271.РОМА@MAIL.RU ;13/03/1978;г. Пермь
crm-3078;Морозов  Игорь  Алексеевич;; USER2175.ИГОР@MAIL.RU ;09/02/1964;г. Пермь
crm-969;СОКОЛОВ ВАЛЕНТИН ИГОРЕВИЧ;79139541078;USER681.ВАЛЕ@MAIL.RU;1993-09-22;Волгоград г.
crm-2382;Козлов Сергей Викторович;+79354456134;user1701.серг@mail.ru;1976-03-13;Екатеринбург
crm-1776;Павлов Фёдор;935 779 00 97;USER1277.ФEДО@MAIL.RU;1993-09-18;КРАСНОЯРСК
crm-789;Романов Тимофей Павлович;+79801799224;user560.тимо@mail.ru;1963-01-24;Новосибирск
crm-3228;Воробьёв Кирилл Евгеньевич;+79809569555;user2294.кири@mail.ru;1986-12-24;Пермь
crm-3501;Захарова Дарья Сергеевна;+79607399124;user2489.дарь@mail.ru;1983-01-20;Нижний Новгород
crm-3599;Сергеева Валентина Сергеевна;+79050039264;user2553.вале@mail.ru;1984-11-26;Волгоград
crm-1246;Козлов Никита Дмитриевич;+79208763435;user886.ники@mail.ru;1958-12-07;Москва
crm-645;Петров Сергей Алексеевич;+79590672468;user460.серг@mail.ru;1981-10-11;Санкт-Петербург
crm-1759;Орлов Фёдор Николаевич;+79719990721;user1267.фeдо@mail.ru;1978-05-02;Санкт-Петербург
crm-2125;Новикова Анна Сергеевна;+79917684120;user1515.анна@mail.ru;1989-08-28;Пермь
crm-2681;Козлов  Никита  Евгеньевич;79199172698;USER1902.НИКИ@MAIL.RU;6.9.1963;г. Самара
crm-3517;Зайцев Даниил Алексеевич;+79940330804;user2502.дани@mail.ru;1989-08-17;Нижний Новгород
crm-3629;соловьёва наталья николаевна;+79413362758;USER2575.НАТА@MAIL.RU;1989-07-10;ОМСК
crm-1737;Андреев Вадим Борисович;+79647334100;user1250.вади@mail.ru;1995-02-03;Уфа
crm-806;Попова Людмила Владимировна;+79552218200;user575.людм@mail.ru;1990-06-09;Санкт-Петербург
crm-3571;Андреева Людмила Петровна;+79204399261;user2538.людм@mail.ru;1964-06-23;Казань
crm-2693;Павлов Роман Сергеевич;+79386697743;user1911.рома@mail.ru;1991-06-07;Уфа
crm-4061;Фролов Андрей Игоревич;+79586641788;user2885.андр@mail.ru;1996-04-23;Нижний Новгород
crm-1643;Ольга Николаева;; USER1173.ОЛЬГ@MAIL.RU ;1988-04-12;Новосибирск г.
crm-303;Соколова Виктория Александровна;+79584523299;user211.викт@mail.ru;1978-06-14;Уфа
crm-3748;Макарова Наталья Петровна;+79008242980;user2661.ната@mail.ru;1977-04-02;Воронеж
crm-3313;Римский-Корсаков Кирилл Николаёвич;79760408664; USER2353.КИРИ@MAIL.RU ;11.05.1955;ЕКАТЕРИНБУРГ
crm-167;Макаров  Алексей  Борисович;;USER113.АЛЕК@MAIL.RU;25.08.1984;Красноярск г.
crm-1825;Борисова София Сергеевна;+79998544611;user1309.софи@mail.ru;1999-06-01;Омск
crm-1453;Степанов Алексей Евгеньевич;+79593379195;user1035.алек@mail.ru;1996-06-21;Краснодар
crm-1015;Новикова Татьяна Александровна;+79190929070;user716.тать@mail.ru;1985-04-05;Воронеж
crm-3545;Лебедев Глеб Владимирович;+79034167441;user2519.глеб@mail.ru;1995-03-24;Волгоград
crm-4295;???;12345;;99.99.9999;
crm-1080;Соловьёва Дарья Евгеньевна;+79507863374;user759.дарь@mail.ru;1963-01-09;Самара
crm-2947;Степанов  Валентин  Сергеевич;;USER2082.ВАЛЕ@MAIL.RU;1997-10-20;Екатеринбург г.
crm-2795;Смирнов Александр Борисович;+79657917850;user1984.алек@mail.ru;1987-07-08;Пермь
crm-2153;Фёдоров Павел Олегович;+79915353953;user1540.паве@mail.ru;1957-04-12;Санкт-Петербург
crm-1051;Тимофей Романов;;USER739.ТИМО@MAIL.RU;24.10.1980;г. Москва
crm-3685;Лебедев Илья Игоревич;+79589081880;user2613.илья@mail.ru;1960-06-01;Москва
crm-2709;Николаев Александр Николаевич;+79744283359;user1920.алек@mail.ru;1991-09-17;Москва
crm-885;Егоров Артём Борисович;+79815484782;user626.артe@mail.ru;1994-04-25;Санкт-Петербург
crm-4258;???;12345;;99.99.9999;
crm-2163;Сергеев Михаил Борисович;+79257832157;user1549.миха@mail.ru;1977-11-20;Новосибирск
crm-3676;Семёнов Валентин Петрович;+79063556126;user2604.вале@mail.ru;1961-07-13;Омск
crm-2893;Петров-Водкин Иван Васильевич;+79216201654;user2048.иван@mail.ru;1982-08-01;Пермь
crm-4178;Воробьёв Фёдор Михайлович;+79041224568;user2964.фeдо@mail.ru;1984-11-28;Воронеж
crm-297;Фёдоров Илья Александрович;+79647142268;user205.илья@mail.ru;1977-09-07;Новосибирск
crm-1797;Семёнов Кирилл Петрович;+79372795383;user1287.кири@mail.ru;1977-10-12;Воронеж
crm-1040;Андреев Станислав;930 738 83 91;;16.08.1989;Казань г.
crm-322;Козлов Максим Михайлович;+79339423553;USER226.МАКС@MAIL.RU;14.08.1983;САНКТ-ПЕТЕРБУРГ
crm-711;сергеев артём владимирович;+79313949792;;06.07.1976;г. Пермь
crm-533;Васильев Лев Дмитриевич;+79268216051;user375.лев@mail.ru;1980-01-16;Самара
crm-434;Павлова Мария Игоревна;+79191462437;user307.мари@mail.ru;1974-01-26;Волгоград
crm-1430;Фролова Екатерина;+79078787924; USER1020.ЕКАТ@MAIL.RU ;1975-04-17;Пермь г.
crm-611;Никитин Дмитрий Юрьевич;+79194428796;user433.дмит@mail.ru;1982-01-09;Уфа
crm-1996;Петров-Водкин Антон Алексеевич;+79724812361;user1421.анто@mail.ru;1961-11-18;Нижний Новгород
crm-1455;СТЕПАНОВ АЛЕКСЕЙ ЕВГЕНЬЕВИЧ;959 337 91 95;;21.06.1996;г. Краснодар
crm-2903;захаров павел олегович;79417323171;USER2055.ПАВЕ@MAIL.RU;1967-11-08;Ростов-на-Дону г.
crm-1741;Фролова Ольга Михайловна;+79698095618;user1253.ольг@mail.ru;1968-03-18;Красноярск
crm-1149;Григорьев Олег Андреевич;+79268297533;user814.олег@mail.ru;1992-08-14;Санкт-Петербург
crm-1185;Антон Соколов;+79223481606; USER841.АНТО@MAIL.RU ;28.10.1991;Омск г.
crm-1937;Смирнова Елена Николаевна;+79958525151;user1380.елен@mail.ru;1958-01-04;Самара
crm-1524;Орлов Фёдор Павлович;+79208146561;user1088.фeдо@mail.ru;1984-07-25;Волгоград
crm-1323;АЛЕКСАНДРОВ БОРИС АЛЕКСЕЕВИЧ;8 (945) 778-32-31;USER936.БОРИ@MAIL.RU;9.11.1980;Санкт-Петербург г.
crm-1318;Даниил Семёнов;+79144629439;USER933.ДАНИ@MAIL.RU;1974-08-07;Омск г.
crm-3257;Романова Екатерина;; USER2311.ЕКАТ@MAIL.RU ;08.11.1998;г. Красноярск
crm-627;Орлов Роман Олегович;+79800419146;user447.рома@mail.ru;1985-05-20;Омск
crm-351;Павлов Борис;79584230225;;1999-11-28;НОВОСИБИРСК
crm-2790;Орлов Егор Евгеньевич;+79409203569;user1980.егор@mail.ru;1999-03-20;Новосибирск
crm-3892;волков валентин игоревич;968 364 58 88; USER2765.ВАЛЕ@MAIL.RU ;1984-04-21;г. Москва
crm-445;Григорьев Вадим Дмитриевич;+79598999912;user313.вади@mail.ru;1990-01-07;Омск
crm-705;Николаева Полина Викторовна;+79153549094;user502.поли@mail.ru;1993-09-23;Новосибирск
crm-1440;Алексеев Артём;79214821317; USER1028.АРТE@MAIL.RU ;10.07.1983;г. Уфа
crm-1795;Захаров Виктор Игоревич;+79345352391;user1286.викт@mail.ru;1982-01-22;Омск
crm-2868;КУЗНЕЦОВА НАТАЛЬЯ ПЕТРОВНА;960 508 53 83;USER2032.НАТА@MAIL.RU;04.08.1971;ВОРОНЕЖ
crm-1139;Романова Светлана Павловна;+79428004859;user809.свет@mail.ru;1969-01-01;Уфа
crm-1612;Римский-Корсаков Ирина Олеговна;+79375624660;user1152.ирин@mail.ru;1991-11-27;Москва
crm-1608;Сергеева Ирина Андреевна;+79389109480;user1148.ирин@mail.ru;1987-07-05;Волгоград
crm-3755;Захаров Лев Дмитриевич;+79703983293;user2667.лев@mail.ru;1991-09-22;Ростов-на-Дону
crm-3765;Волков Денис Олегович;+79133924863;user2675.дени@mail.ru;1979-02-24;Ростов-на-Дону
crm-2732;Зайцев Лев Александрович;+79056696132;user1937.лев@mail.ru;1998-07-27;Краснодар
crm-3096;Степанова Мария Викторовна;+79632893858;user2191.мари@mail.ru;1986-05-10;Новосибирск
crm-2672;РИМСКИЙ-КОРСАКОВ АЛЕКСЕЙ МИХАЙЛОВИЧ;8-985-9857662488;USER1898.АЛЕК@MAIL.RU;26.07.1999;ВОЛГОГРАД
crm-1394;Петров Ярослав Петрович;+79393057733;user994.ярос@mail.ru;1977-09-01;Санкт-Петербург
crm-1875;Сёмёнов Михаил Владимирович;79742038220;USER1338.МИХА@MAIL.RU;23.10.1968;ВОЛГОГРАД
crm-3528;Попов Михаил Андреевич;+79933256322;user2508.миха@mail.ru;1996-05-08;Екатеринбург
crm-2409;ФЁДОРОВА АННА ЕВГЕНЬЕВНА;988 595 39 25;;28.1.1963;САНКТ-ПЕТЕРБУРГ
crm-3019;Фролов Егор Михайлович;+79193047549;user2130.егор@mail.ru;1961-09-20;Краснодар
crm-4036;Александров Станислав Алексеевич;+79149666765;user2865.стан@mail.ru;1982-05-27;Казань
crm-4147;Никитина Наталья Михайловна;+79235263930;user2942.ната@mail.ru;1980-06-27;Нижний Новгород
crm-3823;Васильев Константин Олегович;+79005189127;user2713.конс@mail.ru;1968-08-07;Краснодар
crm-928;Васильева София Борисовна;+79862345486;user656.софи@mail.ru;1985-11-18;Омск
crm-295;Волкова Ольга;924 990 70 76; USER203.ОЛЬГ@MAIL.RU ;6.2.1993;ВОЛГОГРАД
crm-2042;Фёдоров Тимофей Борисович;+79834306580;user1459.тимо@mail.ru;1955-08-11;Воронеж
crm-3077;Морозов Игорь;902 156 98 25;USER2175.ИГОР@MAIL.RU;09.02.1964;ПЕРМЬ
crm-4184;Воробьёв Вадим Павлович;+79912154274;user2967.вади@mail.ru;1966-08-04;Омск
crm-869;Тимофей Волков;8 (981) 860-94-02;USER619.ТИМО@MAIL.RU;1990-02-28;ВОРОНЕЖ
crm-2349;Степанов Борис Александрович;+79918273853;user1683.бори@mail.ru;1988-07-18;Пермь
crm-4300;;;;99.99.9999;
crm-3116;Волкова Юлия Владимировна;+79603152304;user2210.юлия@mail.ru;1995-05-21;Новосибирск
crm-695;андреева людмила александровна;+79252642507; USER495.ЛЮДМ@MAIL.RU ;1982-01-19;РОСТОВ-НА-ДОНУ
crm-3399;Борисова Ирина Васильевна;+79319969624;user2413.ирин@mail.ru;1983-05-24;Казань
crm-55;Козлова Анна Михайловна;+79413666616;user34.анна@mail.ru;1972-10-09;Уфа
crm-2631;Захаров Андрей Павлович;+79598761337;user1869.андр@mail.ru;1960-07-25;Москва
crm-2939;Морозов Антон Николаевич;+79515825889;user2078.анто@mail.ru;1981-11-09;Уфа
crm-4070;Петров-Водкин Егор Павлович;+79488939089;user2894.егор@mail.ru;1978-08-18;Пермь
crm-2853;Лебедев Виктор Игоревич;+79066817903;user2025.викт@mail.ru;1996-07-06;Омск
crm-2097;Новикова Татьяна Павловна;+79472845415;user1500.тать@mail.ru;1985-11-21;Пермь
crm-995;Римский-Корсаков Юрий Дмитриевич;+79869947336;user701.юрий@mail.ru;1971-09-03;Новосибирск
crm-3611;Семёнов Алексей Петрович;+79202269201;user2561.алек@mail.ru;1980-10-22;Омск
crm-1145;Никитин Николай Юрьевич;+79011797018;user812.нико@mail.ru;1969-06-03;Екатеринбург
crm-1531;Ярослав Егоров;8-969-9690337518; USER1092.ЯРОС@MAIL.RU ;23/05/1996;Самара г.
crm-439;ВОРОБЬЁВ ИВАН МИХАЙЛОВИЧ;+79528034035; USER309.ИВАН@MAIL.RU ;03.02.1963;г. Волгоград
crm-2340;петров фёдор евгеньевич;79090425627; USER1676.ФEДО@MAIL.RU ;15/10/1984;Красноярск г.
crm-1740;ВОРОБЬЁВ ЮРИЙ НИКОЛАЕВИЧ;+79905028267;USER1252.ЮРИЙ@MAIL.RU;16/08/1976;г. Новосибирск
crm-2531;Макаров Михаил Олегович;+79194511748;user1806.миха@mail.ru;1986-12-14;Екатеринбург
crm-2074;Андреева  Вера  Николаевна;; USER1483.ВЕРА@MAIL.RU ;18/12/1977;РОСТОВ-НА-ДОНУ
crm-318;Михаил Зайцев;+79670719010; USER223.МИХА@MAIL.RU ;03.06.1955;Казань г.
crm-3934;Васильев Борис Владимирович;+79974361924;user2791.бори@mail.ru;1956-12-08;Екатеринбург
crm-1824;Петров-Водкин Полина Олеговна;+79637852864;user1308.поли@mail.ru;1984-07-04;Москва
crm-1007;Козлова Светлана Владимировна;+79642126958;user711.свет@mail.ru;1975-01-06;Санкт-Петербург
crm-3342;Захарова  Ольга  Владимировна;79654657665;;1979-12-09;Новосибирск г.
crm-393;Соловьёв Василий Александрович;+79470931264;user276.васи@mail.ru;1975-06-22;Омск
crm-3600;Воробьёв Василий Викторович;+79160826960;user2554.васи@mail.ru;1974-08-15;Новосибирск
crm-524;Никитин Вадим Юрьевич;+79514097609;user369.вади@mail.ru;1963-03-19;Самара
crm-3227;Денис Петров-Водкин;+79006464224; USER2293.ДЕНИ@MAIL.RU ;1992-02-15;ЕКАТЕРИНБУРГ
crm-34;Кузнецов Александр Сергеевич;+79554123896;user21.алек@mail.ru;1961-07-06;Санкт-Петербург
crm-920;Соколов Николай Борисович;+79443632115;user651.нико@mail.ru;1970-06-11;Казань
crm-593;Андреев Сергей Николаевич;+79849438539;user420.серг@mail.ru;1955-08-09;Москва
crm-3938;Григорьев Олег Александрович;+79505692146;user2795.олег@mail.ru;1991-01-13;Омск
crm-356;егорова валентина борисовна;+79134823756; USER246.ВАЛЕ@MAIL.RU ;12.3.1958;г. Москва
crm-3795;Семёнов Василий Сергеевич;+79350973155;user2694.васи@mail.ru;1962-08-27;Казань
crm-1409;Новиков Илья Евгеньевич;+79698130334;user1007.илья@mail.ru;1986-01-12;Новосибирск
crm-2378;Яковлёва Полина Викторовна;986 559 19 72;;03/04/1982;КАЗАНЬ
crm-4157;Лебедева Анна Олеговна;+79730554001;user2948.анна@mail.ru;1986-05-25;Москва
crm-1313;Морозова Светлана Юрьевна;+79170732854;user932.свет@mail.ru;1956-02-18;Краснодар
crm-2005;Михайлова Екатерина Сергеевна;+79660621138;user1427.екат@mail.ru;1965-05-09;Екатеринбург
crm-1271;Васильёв Даниил Павлович;929 686 13 42;;12/02/1999;НИЖНИЙ НОВГОРОД
crm-3016;Петров Виктор;8 (986) 873-08-30;USER2128.ВИКТ@MAIL.RU;19.04.1987;ПЕРМЬ
crm-4312;???;12345;;99.99.9999;
crm-4163;Иванова Людмила Николаевна;+79203234444;user2954.людм@mail.ru;1961-01-11;Нижний Новгород
crm-1270;Васильев  Даниил  Павлович;8-929-9296861342;;12.02.1999;НИЖНИЙ НОВГОРОД
crm-1449;Смирнов Тимофей Иванович;+79452137189;user1032.тимо@mail.ru;1993-01-08;Самара
crm-1215;Павлов Максим Викторович;+79445298628;user864.макс@mail.ru;1992-12-24;Екатеринбург
crm-2589;Макаров Роман Андреевич;+79047110818;user1843.рома@mail.ru;1983-10-06;Москва
crm-2330;Лебедев Егор Олегович;+79635537555;user1669.егор@mail.ru;1960-02-22;Уфа
crm-958;Никитин Александр Александрович;+79041858643;user678.алек@mail.ru;1999-10-23;Екатеринбург
crm-1667;Римский-Корсаков Полина Борисовна;+79282999535;user1192.поли@mail.ru;1969-11-03;Омск
crm-3050;Петров-Водкин Юрий Олегович;+79033351135;user2154.юрий@mail.ru;1992-10-26;Краснодар
crm-983;Николаева Мария;+79631907628;USER691.МАРИ@MAIL.RU;06/06/1994;Воронеж г.
crm-3624;Морозова Светлана Николаевна;+79550243451;user2571.свет@mail.ru;1982-11-15;Нижний Новгород
crm-673;Новиков Андрей Андреевич;+79942373781;user483.андр@mail.ru;1976-08-02;Новосибирск
crm-2644;Кузнецова Елена Васильевна;+79995808072;user1875.елен@mail.ru;1980-07-02;Красноярск
crm-304;Петров Борис Павлович;+79569068134;user212.бори@mail.ru;1990-10-03;Ростов-на-Дону
crm-2796;Зайцев Борис Владимирович;+79653027370;user1985.бори@mail.ru;1963-06-13;Санкт-Петербург
crm-1560;Петров Егор Александрович;+79826840903;user1116.егор@mail.ru;1971-08-28;Красноярск
crm-776;Попов Кирилл Сергеевич;+79110302736;user549.кири@mail.ru;1957-11-25;Санкт-Петербург
crm-722;Андреев Михаил;8-985-9857966681;USER515.МИХА@MAIL.RU;1961-12-23;г. Красноярск
crm-2315;Соколова Екатерина Владимировна;+79538768153;user1657.екат@mail.ru;1982-12-11;Казань
crm-990;Макаров Станислав Иванович;+79310619731;user696.стан@mail.ru;1968-07-07;Волгоград
crm-693;Андреева Людмила Александровна;+79252642507;user495.людм@mail.ru;1982-01-19;Ростов-на-Дону
crm-760;Орлов Александр Алексеевич;+79224013008;user541.алек@mail.ru;1999-01-12;Волгоград
crm-2818;Андреев Вадим Васильевич;+79504736979;user1999.вади@mail.ru;1998-01-14;Воронеж
crm-748;Дарья Попова;913 936 52 93;USER533.ДАРЬ@MAIL.RU;25.7.1966;г. Екатеринбург
crm-460;Лебедева Екатерина;8 (956) 592-96-29; USER326.ЕКАТ@MAIL.RU ;1987-09-11;Нижний Новгород г.
crm-2259;Орлов Антон Александрович;+79506414603;user1618.анто@mail.ru;1959-05-24;Санкт-Петербург
crm-2149;Римский-Корсаков Даниил Олегович;+79962648866;user1536.дани@mail.ru;1959-07-26;Санкт-Петербург
crm-2964;Фролов Михаил Владимирович;+79112126355;user2096.миха@mail.ru;1970-02-28;Санкт-Петербург
crm-1896;Васильев Борис Юрьевич;+79995096275;user1355.бори@mail.ru;1967-07-20;Красноярск
crm-1299;Попов Денис Борисович;+79861364127;user922.дени@mail.ru;1967-10-18;Казань
crm-221;Соколова Полина Александровна;+79227763510;user154.поли@mail.ru;1968-08-18;Краснодар
crm-3529;Николаева Ольга Дмитриевна;+79311722781;user2509.ольг@mail.ru;1964-04-03;Ростов-на-Дону
crm-2548;Павлов Григорий Сергеевич;+79779550878;user1816.григ@mail.ru;1982-12-07;Нижний Новгород
crm-3438;Лебедева Ольга Павловна;+79502758982;user2443.ольг@mail.ru;1967-03-04;Санкт-Петербург
crm-163;Семёнов  Илья  Алексеевич;+79842078876;USER112.ИЛЬЯ@MAIL.RU;03.11.1996;г. Краснодар
crm-2503;Степанова Екатерина Олеговна;+79737322424;user1786.екат@mail.ru;1968-05-02;Новосибирск
crm-1506;Григорьев Алексей Иванович;+79795876340;user1073.алек@mail.ru;1976-06-01;Воронеж
crm-3718;Римский-Корсаков Ольга Борисовна;+79550552753;user2639.ольг@mail.ru;1965-09-04;Уфа
crm-1169;Орлов Александр Васильевич;+79487702307;user829.алек@mail.ru;1962-01-25;Волгоград
crm-3657;Никитин Олег Викторович;+79426312550;user2594.олег@mail.ru;1963-04-27;Ростов-на-Дону
crm-3453;ЯКОВЛЕВ СЕРГЕЙ СЕРГЕЕВИЧ;909 975 03 44;;24.7.1985;РОСТОВ-НА-ДОНУ
crm-2817;яковлев алексей сергеевич;;USER1998.АЛЕК@MAIL.RU;14.4.1978;НОВОСИБИРСК
crm-1932;Васильева Наталья Петровна;+79791468837;user1377.ната@mail.ru;1993-01-19;Новосибирск
crm-655;Козлов Василий Васильевич;+79495805490;user467.васи@mail.ru;1978-07-26;Самара
crm-901;Соловьёв Ярослав Алексеевич;+79742808733;user637.ярос@mail.ru;1962-07-23;Пермь
crm-1312;Новикова Татьяна Ивановна;+79835935396;user931.тать@mail.ru;1993-04-08;Волгоград
crm-851;Яковлев Глеб Васильевич;+79270173344;user607.глеб@mail.ru;1987-10-04;Уфа
crm-1694;Никитин Юрий Пётрович;966 796 92 89;;4.1.1961;Казань г.
crm-3552;СЕМЁНОВ ДМИТРИЙ ВЛАДИМИРОВИЧ;8-990-9908931845;;1976-05-28;РОСТОВ-НА-ДОНУ
crm-3906;Соловьёв Денис Александрович;+79093817686;user2775.дени@mail.ru;1974-05-20;Москва
crm-1518;Козлов Станислав Павлович;+79645674890;user1084.стан@mail.ru;1980-10-26;Волгоград
crm-3181;Петров-Водкин Светлана Владимировна;+79285445021;user2258.свет@mail.ru;1969-02-21;Новосибирск
crm-3921;Соловьёв Виктор Михайлович;+79457965755;user2784.викт@mail.ru;1956-10-03;Пермь
crm-1075;Михайлова Ирина Сергеевна;+79468171752;user755.ирин@mail.ru;1994-12-12;Воронеж
crm-3634;Петров Лев Сергеевич;+79087098479;user2579.лев@mail.ru;1997-06-15;Нижний Новгород
crm-2937;Соловьёв Пётр Дмитриевич;+79984354977;user2076.пeтр@mail.ru;1960-12-11;Краснодар
crm-338;Сергеев  Павел  Павлович;; USER232.ПАВЕ@MAIL.RU ;1986-02-21;Санкт-Петербург г.
crm-1414;Никитина Наталья Васильевна;+79218625184;user1012.ната@mail.ru;1980-01-07;Краснодар
crm-3012;РИМСКИЙ-КОРСАКОВ ДМИТРИЙ ОЛЕГОВИЧ;79680406159;;12.05.1990;Санкт-Петербург г.
crm-2236;Волков Григорий Борисович;+79730728618;user1601.григ@mail.ru;1977-07-02;Уфа
crm-792;Петров Григорий Петрович;+79228856263;user562.григ@mail.ru;1957-03-10;Омск
crm-1327;ИВАНОВ ЛЕВ ЮРЬЕВИЧ;; USER938.ЛЕВ@MAIL.RU ;13/09/1990;Краснодар г.
crm-1877;Яковлев Сергей Николаевич;+79034670125;user1339.серг@mail.ru;1966-07-27;Самара
crm-658;Борисова Елена Игоревна;+79775187770;user470.елен@mail.ru;1987-01-19;Самара
crm-3338;Михайлов Егор Дмитриевич;+79377427049;user2368.егор@mail.ru;1978-08-08;Москва
crm-945;Васильев Илья Михайлович;+79277969895;user669.илья@mail.ru;1986-07-26;Красноярск
crm-1022;лебедев артём олегович;8-947-9479005350; USER718.АРТE@MAIL.RU ;1995-02-06;г. Нижний Новгород
crm-1216;Римский-Корсаков Даниил Викторович;+79406018758;user865.дани@mail.ru;1958-07-07;Волгоград
crm-3421;Григорьева Анна Олеговна;+79020720045;user2427.анна@mail.ru;1975-06-01;Новосибирск
crm-514;Зайцев Максим Иванович;+79065549866;user365.макс@mail.ru;1998-05-23;Пермь
crm-49;Романов Борис Борисович;+79328349426;user31.бори@mail.ru;1975-06-05;Уфа
crm-212;Пётрова Полина Павловна;8 (990) 009-68-06;USER145.ПОЛИ@MAIL.RU;1985-12-24;НОВОСИБИРСК
crm-175;ГРИГОРЬЕВ ГРИГОРИЙ СЕРГЕЕВИЧ;; USER119.ГРИГ@MAIL.RU ;26.8.1973;г. Ростов-на-Дону
crm-406;Кузнецова Анна Владимировна;+79328141039;user286.анна@mail.ru;1960-04-17;Пермь
crm-2312;Михайлов Кирилл Владимирович;+79002424837;user1654.кири@mail.ru;1959-11-15;Екатеринбург
crm-3334;Андреева Наталья Юрьевна;+79194982969;user2367.ната@mail.ru;1994-09-20;Воронеж
crm-2776;Андреева Екатерина Александровна;+79636559376;user1967.екат@mail.ru;1972-07-07;Пермь
crm-1979;Андреева Виктория Олеговна;+79435651722;user1408.викт@mail.ru;1955-12-02;Казань
crm-1634;Петров-Водкин Виктория Евгеньевна;+79038041192;user1167.викт@mail.ru;1972-07-17;Воронеж
crm-3876;Орлова Ксения Дмитриевна;+79576787283;user2750.ксен@mail.ru;1998-08-19;Казань
crm-2461;Петров-Водкин Мария Сергеевна;+79524819303;user1755.мари@mail.ru;1965-07-14;Самара
crm-1494;Соколова Татьяна Васильёвна;+79193353414; USER1063.ТАТЬ@MAIL.RU ;1989-06-24;г. Самара
crm-898;Никитин  Василий  Алексеевич;8 (909) 707-57-52; USER635.ВАСИ@MAIL.RU ;05/07/1989;Воронеж г.
crm-791;Пётрова Татьяна Владимировна;920 385 11 47;USER561.ТАТЬ@MAIL.RU;13/02/1955;Самара г.
crm-413;СОКОЛОВ СТАНИСЛАВ ПАВЛОВИЧ;; USER290.СТАН@MAIL.RU ;4.6.1979;Казань г.
crm-2538;Григорьев Артём Борисович;+79560002105;user1812.артe@mail.ru;1987-12-07;Пермь
crm-4005;Григорьев Сергей Васильевич;+79270970888;user2845.серг@mail.ru;1988-12-16;Волгоград
crm-3499;Сергеев Владимир Владимирович;+79227794726;user2487.влад@mail.ru;1958-05-15;Красноярск
crm-3533;Макарова Виктория;8-997-9978244810;USER2510.ВИКТ@MAIL.RU;02.04.1998;САМАРА
crm-692;Морозова Ксения Дмитриевна;+79588502517;user494.ксен@mail.ru;1976-07-26;Воронеж
crm-3626;Борисова Галина Борисовна;+79034661017;user2573.гали@mail.ru;1999-03-05;Нижний Новгород
crm-1196;Егоров Денис Евгеньевич;+79664889617;user848.дени@mail.ru;1970-04-03;Санкт-Петербург
crm-3187;Егорова Наталья Петровна;+79292357682;user2264.ната@mail.ru;1984-05-11;Санкт-Петербург
crm-3157;Никитин Владимир Викторович;+79974052292;user2240.влад@mail.ru;1990-11-11;Казань
crm-2687;Семёнов Лев;79503546705; USER1906.ЛЕВ@MAIL.RU ;12/08/1984;Самара г.
crm-2673;Захаров Денис Андреевич;+79899196255;user1899.дени@mail.ru;1973-02-03;Пермь
crm-617;Соловьёв Юрий Евгеньевич;+79615326666;user437.юрий@mail.ru;1968-04-03;Ростов-на-Дону
crm-4057;Григорьев Григорий Николаевич;+79105063950;user2881.григ@mail.ru;1965-02-08;Уфа
crm-2551;Орлов Сергей Игоревич;+79978166975;user1819.серг@mail.ru;1986-05-21;Нижний Новгород
crm-4086;ВАСИЛЬЕВА ЮЛИЯ МИХАЙЛОВНА;8 (932) 383-96-65;USER2903.ЮЛИЯ@MAIL.RU;5.10.1967;ПЕРМЬ
crm-3155;Сергеев Станислав Николаевич;+79322176211;user2239.стан@mail.ru;1963-08-03;Ростов-на-Дону
crm-270;Козлов Николай Михайлович;+79611144991;user187.нико@mail.ru;1973-08-10;Екатеринбург
crm-804;Иванова Галина Владимировна;+79394435300;user574.гали@mail.ru;1970-07-20;Воронеж
crm-2965;Римский-Корсаков Илья Дмитриевич;+79645010660;user2097.илья@mail.ru;1975-12-01;Ростов-на-Дону
crm-2783;Волков Даниил Владимирович;+79338525803;user1973.дани@mail.ru;1980-11-17;Красноярск
crm-3076;Морозов Игорь Алексеевич;+79021569825;user2175.игор@mail.ru;1964-02-09;Пермь
crm-3713;Фролова Полина Борисовна;+79911237187;user2634.поли@mail.ru;1975-09-21;Нижний Новгород
crm-2161;Новикова Людмила Олеговна;+79298932719;user1547.людм@mail.ru;1973-03-13;Уфа
crm-2318;Андреева Полина Владимировна;+79079473320;user1660.поли@mail.ru;1965-08-02;Екатеринбург
crm-847;Евгений Романов;;USER605.ЕВГЕ@MAIL.RU;1956-02-27;ВОРОНЕЖ
crm-459;Лебедева Екатерина Петровна;+79565929629;user326.екат@mail.ru;1987-09-11;Нижний Новгород
crm-3991;Захарова Дарья;967 392 52 54;USER2835.ДАРЬ@MAIL.RU;1.2.1961;КРАСНОЯРСК
crm-568;Новиков Вадим Андреевич;+79989219645;user401.вади@mail.ru;1968-07-13;Москва
crm-3505;Лёбёдёва Валёнтина Игорёвна;+79710324954;USER2492.ВАЛЕ@MAIL.RU;1974-01-14;Воронеж г.
crm-1811;Петров-Водкин Екатерина Евгеньевна;+79247941148;user1301.екат@mail.ru;1996-10-09;Воронеж
crm-3614;Павлов Ярослав Петрович;+79030416160;user2564.ярос@mail.ru;1976-03-23;Омск
crm-2515;Васильев Фёдор Иванович;+79318980406;user1794.фeдо@mail.ru;1961-11-06;Москва
crm-440;Воробьёв Иван Михайлович;8 (952) 803-40-35;USER309.ИВАН@MAIL.RU;1963-02-03;г. Волгоград
crm-2744;Константин Новиков;905 690 04 41;USER1946.КОНС@MAIL.RU;1995-12-27;КРАСНОДАР
crm-4175;Соколова Валентина Петровна;+79776690830;user2961.вале@mail.ru;1958-09-11;Казань
crm-501;Алёксандров Максим Павлович;8-922-9226435749; USER354.МАКС@MAIL.RU ;18.05.1979;г. Нижний Новгород
crm-2289;Воробьёв Артём Павлович;+79742633071;user1640.артe@mail.ru;1984-12-07;Омск
crm-1729;Сергеев Борис Борисович;+79327836823;user1243.бори@mail.ru;1969-12-06;Омск
crm-2430;Морозова Полина Александровна;+79023677721;user1733.поли@mail.ru;1967-02-27;Новосибирск
crm-3468;Смирнова Полина Петровна;+79553268383;user2467.поли@mail.ru;1956-11-15;Казань
crm-2488;Зайцев Денис Сергеевич;+79987648405;user1775.дени@mail.ru;1970-01-12;Москва
crm-3493;Морозов Евгений Иванович;+79051071450;user2483.евге@mail.ru;1982-06-13;Уфа
crm-4062;Орлова Елена Викторовна;+79773405300;user2886.елен@mail.ru;1966-06-10;Уфа
crm-3887;Лебедева Татьяна Михайловна;+79520542294;user2761.тать@mail.ru;1989-08-07;Воронеж
crm-2753;ЗАХАРОВ ИГОРЬ МИХАЙЛОВИЧ;8-972-9725790774; USER1949.ИГОР@MAIL.RU ;14.10.1967;Краснодар г.
crm-1305;Романова Татьяна Олеговна;+79091092927;user925.тать@mail.ru;1977-01-19;Пермь
crm-4266;???;;not-an-email;99.99.9999;
crm-3504;Лебедева Валентина Игоревна;+79710324954;user2492.вале@mail.ru;1974-01-14;Воронеж
crm-1649;Римский-Корсаков Вадим;8-900-9006685488; USER1176.ВАДИ@MAIL.RU ;1974-06-05;г. Новосибирск
crm-1228;ВОРОБЬЁВ ПАВЕЛ ВАСИЛЬЕВИЧ;;USER872.ПАВЕ@MAIL.RU;2.7.1966;ВОЛГОГРАД
crm-1730;Фёдорова Мария Андреевна;+79752301453;user1244.мари@mail.ru;1993-02-26;Красноярск
crm-3075;Егоров  Глеб  Игоревич;901 927 78 00; USER2174.ГЛЕБ@MAIL.RU ;24.4.1963;г. Краснодар
crm-1598;Иванов Василий Олегович;+79239097288;user1141.васи@mail.ru;1985-08-12;Санкт-Петербург
crm-3128;Соловьёва Галина Юрьевна;+79149510297;user2218.гали@mail.ru;1976-10-26;Уфа
crm-3869;Лебедев Николай Михайлович;+79998988913;user2744.нико@mail.ru;1985-01-18;Красноярск
crm-226;Егорова Анна;959 185 68 88; USER157.АННА@MAIL.RU ;10/06/1969;Ростов-на-Дону г.
crm-557;КУЗНЕЦОВА ИРИНА ИГОРЕВНА;;USER392.ИРИН@MAIL.RU;12.2.1971;НИЖНИЙ НОВГОРОД
crm-2578;Козлов Григорий Иванович;+79280442838;user1834.григ@mail.ru;1981-01-21;Краснодар
crm-3362;Григорьев Владимир Борисович;+79597305118;user2383.влад@mail.ru;1955-02-18;Омск
crm-3041;Алексеева  София  Владимировна;79769378473;USER2147.СОФИ@MAIL.RU;1996-12-13;САМАРА
crm-3825;Волков Станислав Евгеньевич;+79141897156;user2715.стан@mail.ru;1991-08-06;Омск
crm-2433;Козлов Борис Дмитриевич;+79296791980;user1736.бори@mail.ru;1966-06-23;Ростов-на-Дону
crm-1133;Фролова Елена Владимировна;+79581759496;user805.елен@mail.ru;1971-08-16;Уфа
crm-636;Попов Сергей Васильевич;+79347834249;user454.серг@mail.ru;1995-01-24;Красноярск
crm-1657;Андреев Андрей Николаевич;+79224774018;user1183.андр@mail.ru;1955-04-02;Красноярск
crm-2575;соловьёв антон петрович;8-922-9221531270;;22/08/1993;г. Новосибирск
crm-1295;Волков Василий Васильевич;+79442261425;user919.васи@mail.ru;1974-03-07;Воронеж
crm-135;Иванов Антон Петрович;+79877162872;user93.анто@mail.ru;1977-01-28;Нижний Новгород
crm-3547;Никитина Мария Васильевна;+79734086691;user2521.мари@mail.ru;1980-09-02;Новосибирск
crm-2590;Новикова Полина Викторовна;+79445821774;user1844.поли@mail.ru;1997-12-01;Екатеринбург
crm-1520;Фёдоров Андрей Юрьевич;+79988820303;user1086.андр@mail.ru;1977-10-20;Омск
crm-1098;Алексеев Александр Павлович;+79808011776;user773.алек@mail.ru;1968-09-18;Москва
crm-739;Романов Игорь Юрьевич;+79759616901;user527.игор@mail.ru;1999-08-10;Казань
crm-2061;Григорьев Алексей Павлович;+79950935965;user1475.алек@mail.ru;1964-02-27;Омск
crm-3485;Смирнов Ёвгёний Павлович;; USER2476.ЕВГЕ@MAIL.RU ;1978-09-16;г. Самара
crm-4136;Андреева Татьяна Дмитриевна;+79692057890;user2935.тать@mail.ru;1991-05-19;Екатеринбург
crm-3799;Семёнов Сергей Иванович;+79269771144;user2697.серг@mail.ru;1955-02-06;Волгоград
crm-2559;Степанов Алексей Алексеевич;+79199201164;user1826.алек@mail.ru;1995-07-25;Екатеринбург
crm-1050;Романов Тимофей Борисович;+79199546853;user739.тимо@mail.ru;1980-10-24;Москва
crm-3173;Александров Станислав Владимирович;+79104311238;user2252.стан@mail.ru;1989-04-05;Волгоград
crm-231;Иванов Станислав Владимирович;+79755540692;user159.стан@mail.ru;1993-04-13;Санкт-Петербург
crm-1736;Морозов Кирилл Игоревич;+79772280661;user1249.кири@mail.ru;1993-05-23;Новосибирск
crm-347;Захарова Анна Евгеньевна;+79164232959;user241.анна@mail.ru;1983-05-11;Красноярск
crm-4248;???;;not-an-email;99.99.9999;
crm-699;Никитин Валентин Евгеньевич;+79547201277;user498.вале@mail.ru;1968-02-05;Омск
crm-1193;КУЗНЕЦОВА ЮЛИЯ ПЕТРОВНА;8 (950) 059-51-85;;15/04/1962;ПЕРМЬ
crm-1793;МИХАЙЛОВА ПОЛИНА ВАСИЛЬЕВНА;8 (917) 351-89-95; USER1284.ПОЛИ@MAIL.RU ;1967-04-25;Нижний Новгород г.
crm-2436;ВОРОБЬЁВ МАКСИМ ВИКТОРОВИЧ;+79167051162;;07.04.1961;г. Самара
crm-2604;макаров лев викторович;79333024675; USER1853.ЛЕВ@MAIL.RU ;22.5.1983;Ростов-на-Дону г.
crm-2889;Александров Алексей Олегович;+79851321292;user2046.алек@mail.ru;1989-09-08;Воронеж
crm-1187;Соловьёв Сергей Михайлович;+79976587391;user842.серг@mail.ru;1996-08-15;Уфа
crm-3706;Егорова Наталья Игоревна;+79823544284;user2628.ната@mail.ru;1970-04-11;Краснодар
crm-3309;кузнецова юлия сергеевна;; USER2351.ЮЛИЯ@MAIL.RU ;1980-08-03;ВОРОНЕЖ
crm-712;Сергеев Артём;8-931-9313949792; USER507.АРТE@MAIL.RU ;6.7.1976;ПЕРМЬ
crm-543;Александров Вадим Алексеевич;+79509776830;user383.вади@mail.ru;1992-06-01;Ростов-на-Дону
crm-2068;Захарова София Олеговна;+79607758713;user1481.софи@mail.ru;1975-09-25;Екатеринбург
crm-1799;Захаров Глеб Владимирович;+79173767693;user1289.глеб@mail.ru;1979-12-01;Ростов-на-Дону
crm-93;СЕРГЕЕВ ЕГОР ЕВГЕНЬЕВИЧ;8-982-9820425618;;12.12.1957;г. Новосибирск
crm-2107;Попов Станислав Андреевич;+79310012942;user1507.стан@mail.ru;1955-02-28;Воронеж
crm-1522;МИХАЙЛОВ БОРИС АЛЕКСАНДРОВИЧ;; USER1087.БОРИ@MAIL.RU ;09.07.1988;г. Уфа
crm-1234;НИКОЛАЕВ ПЁТР ПЕТРОВИЧ;;USER876.ПEТР@MAIL.RU;26.3.1996;Волгоград г.
crm-2262;Семёнов Пётр Петрович;+79422662129;user1621.пeтр@mail.ru;1964-03-12;Омск
crm-438;Воробьёв Иван Михайлович;+79528034035;user309.иван@mail.ru;1963-02-03;Волгоград
crm-2381;Пётр Кузнецов;;USER1700.ПEТР@MAIL.RU;27.07.1988;ЕКАТЕРИНБУРГ
crm-2015;Никитин Юрий Игоревич;+79628617061;user1437.юрий@mail.ru;1959-02-28;Волгоград
crm-1909;Васильева Екатерина Андреевна;+79611290490;user1365.екат@mail.ru;1983-04-23;Пермь
crm-3703;Соловьёва Елена Ивановна;+79800711185;user2627.елен@mail.ru;1990-12-06;Новосибирск
crm-4109;Петров-Водкин Владимир Дмитриевич;+79727091848;user2921.влад@mail.ru;1992-10-23;Санкт-Петербург
crm-2210;АЛЕКСЕЕВА КСЕНИЯ БОРИСОВНА;+79355235667; USER1582.КСЕН@MAIL.RU ;1965-09-27;КАЗАНЬ
crm-1406;Алексеев  Тимофей  Олегович;8 (967) 103-15-37; USER1005.ТИМО@MAIL.RU ;13/02/1987;КРАСНОЯРСК
crm-2855;ЛЕБЕДЕВ ВИКТОР ИГОРЕВИЧ;79066817903; USER2025.ВИКТ@MAIL.RU ;1996-07-06;г. Омск
crm-233;Попов Владимир Сергеевич;+79633134867;user161.влад@mail.ru;1974-09-26;Нижний Новгород
crm-2904;Смирнов Евгений Петрович;+79819763607;user2056.евге@mail.ru;1987-12-05;Омск
crm-2896;Смирнова София Сергеевна;+79032189079;user2051.софи@mail.ru;1962-07-10;Новосибирск
crm-1548;Степанов Никита Борисович;+79290650553;user1106.ники@mail.ru;1967-03-04;Краснодар
crm-4204;Петров-Водкин Полина Петровна;+79729081664;user2983.поли@mail.ru;1959-11-04;Краснодар
crm-2793;Павлов Николай Евгеньевич;+79026784993;user1983.нико@mail.ru;1980-08-27;Краснодар
crm-3305;Алексеева  Светлана  Николаевна;958 939 35 87;USER2349.СВЕТ@MAIL.RU;11/05/1998;Казань г.
crm-3572;Лебедев Иван Иванович;+79619025109;user2539.иван@mail.ru;1974-08-23;Воронеж
crm-614;Макарова  Мария  Алексеевна;8-960-9605433484; USER435.МАРИ@MAIL.RU ;1969-01-06;г. Нижний Новгород
crm-3215;Ксения Попова;8-900-9001486811;USER2287.КСЕН@MAIL.RU;1956-06-05;г. Екатеринбург
crm-2404;Алексеева Ольга Алексеевна;+79392297927;user1714.ольг@mail.ru;1977-08-16;Казань
crm-254;Кузнецов Алексей Игоревич;+79211932786;user178.алек@mail.ru;1997-08-13;Ростов-на-Дону
crm-1189;Новикова Полина Ивановна;+79191292973;user844.поли@mail.ru;1998-01-26;Нижний Новгород
crm-963;Фролова Татьяна Дмитриевна;+79619526215;user680.тать@mail.ru;1984-08-05;Уфа
crm-601;Фёдоров Алексей Николаевич;+79603915608;user425.алек@mail.ru;1985-02-24;Омск
crm-2993;Александров Лев Игоревич;+79722407501;user2114.лев@mail.ru;1975-11-09;Воронеж
crm-1443;Кузнецов Роман Юрьевич;+79632191109;user1029.рома@mail.ru;1996-03-25;Волгоград
crm-721;Андреев Михаил Юрьевич;+79857966681;user515.миха@mail.ru;1961-12-23;Красноярск
crm-2546;Петров  Станислав  Игоревич;; USER1814.СТАН@MAIL.RU ;1970-04-01;САМАРА
crm-2463;Орлов Григорий Михайлович;+79515144397;user1757.григ@mail.ru;1977-04-02;Новосибирск
crm-3752;ФЁДОРОВА ЛЮДМИЛА АЛЕКСЕЕВНА;8-946-9460307715; USER2664.ЛЮДМ@MAIL.RU ;15.08.1995;г. Нижний Новгород
crm-943;Фёдорова Полина;+79202002247;USER667.ПОЛИ@MAIL.RU;03.12.1962;г. Пермь
crm-1535;Яковлев Денис Дмитриевич;+79271797344;user1095.дени@mail.ru;1970-05-23;Воронеж
crm-3139;Алексеева Наталья Васильевна;+79035348644;user2225.ната@mail.ru;1955-09-05;Самара
crm-3094;Яковлев Артём Юрьевич;+79576846120;user2189.артe@mail.ru;1981-09-02;Уфа
crm-422;Григорьев  Владимир  Андреевич;;USER297.ВЛАД@MAIL.RU;08/11/1968;г. Воронеж
crm-2182;Римский-Корсаков Наталья Сергеевна;+79814383381;user1563.ната@mail.ru;1988-06-03;Ростов-на-Дону
crm-4107;Макаров Михаил Юрьевич;+79510387517;user2919.миха@mail.ru;1994-12-18;Москва
crm-3578;Пётров Иван Борисович;79399698117; USER2541.ИВАН@MAIL.RU ;18/07/1977;г. Самара
crm-3664;Кузнецов  Даниил  Васильевич;+79927620621;USER2596.ДАНИ@MAIL.RU;21.4.1994;г. Нижний Новгород
crm-2976;Соловьёва  Юлия  Алексеевна;; USER2101.ЮЛИЯ@MAIL.RU ;09.04.1992;КАЗАНЬ
crm-3237;ИВАНОВА ВЕРА АЛЕКСЕЕВНА;989 749 91 38; USER2299.ВЕРА@MAIL.RU ;1985-05-28;г. Омск
crm-3836;Яковлев Виктор Павлович;+79039973401;user2724.викт@mail.ru;1957-07-25;Пермь
crm-1502;Степанова Екатерина Евгеньевна;+79712874124;user1070.екат@mail.ru;1958-11-12;Ростов-на-Дону
crm-1147;Фролов  Тимофей  Павлович;+79356019601;USER813.ТИМО@MAIL.RU;1972-02-23;НОВОСИБИРСК
crm-5;Борисов Вадим Евгеньевич;+79270700034;user5.вади@mail.ru;1998-09-04;Красноярск
crm-4198;Иванов Даниил Сергеевич;+79648216757;user2977.дани@mail.ru;1971-06-22;Пермь
crm-1660;Новиков Даниил Владимирович;+79726120167;user1186.дани@mail.ru;1956-01-24;Волгоград
crm-3688;Захарова Галина Владимировна;+79841629010;user2616.гали@mail.ru;1993-11-26;Волгоград
crm-59;Алексеев Игорь Дмитриевич;+79518221458;user38.игор@mail.ru;1988-01-23;Воронеж
crm-3759;Новиков Игорь Игоревич;+79205587225;user2670.игор@mail.ru;1971-11-04;Ростов-на-Дону
crm-3277;Лебедев Антон Николаевич;+79244127743;user2327.анто@mail.ru;1958-11-27;Волгоград
crm-3680;Васильев Даниил Юрьевич;+79437852603;user2608.дани@mail.ru;1986-03-15;Ростов-на-Дону
crm-2311;Павлова Дарья Олеговна;+79788879687;user1653.дарь@mail.ru;1982-09-12;Новосибирск
crm-2840;новиков андрей игоревич;79307921754; USER2018.АНДР@MAIL.RU ;06.01.1982;г. Омск
crm-2860;Морозова Екатерина Сергеевна;+79840585314;user2028.екат@mail.ru;1994-09-03;Омск
crm-4098;Семёнов Сергей Александрович;+79328700071;user2911.серг@mail.ru;1958-08-28;Самара
crm-1346;Соловьёв Фёдор Васильевич;+79347509494;user954.фeдо@mail.ru;1972-12-18;Уфа
crm-3851;Сергеев Ярослав Васильевич;+79119229271;user2732.ярос@mail.ru;1958-04-10;Казань
crm-653;Никитин Владимир Михайлович;+79186791855;user465.влад@mail.ru;1960-09-02;Волгоград
crm-1991;Захаров Андрей Владимирович;+79733878216;user1418.андр@mail.ru;1984-07-24;Самара
crm-2420;соколов вадим евгеньевич;8 (996) 320-19-10; USER1726.ВАДИ@MAIL.RU ;02/11/1970;г. Пермь
crm-3303;АЛЕКСЕЕВА СВЕТЛАНА НИКОЛАЕВНА;79589393587; USER2349.СВЕТ@MAIL.RU ;11.05.1998;г. Казань
crm-2059;Волков Евгений Евгеньевич;+79543950993;user1473.евге@mail.ru;1988-04-12;Казань
crm-4018;Смирнова Светлана Павловна;+79700320394;user2854.свет@mail.ru;1981-05-16;Омск
crm-1436;Петров Дмитрий Павлович;+79047444848;user1026.дмит@mail.ru;1971-04-14;Краснодар
crm-3953;Попов Егор Петрович;+79537917630;user2810.егор@mail.ru;1992-12-10;Новосибирск
crm-972;Яковлев Даниил Олегович;+79288419379;user684.дани@mail.ru;1962-06-23;Уфа
crm-3932;Петров-Водкин Григорий Николаевич;+79755916931;user2789.григ@mail.ru;1966-02-26;Уфа
crm-1137;ПЕТРОВ БОРИС ВАСИЛЬЕВИЧ;8 (987) 677-19-85;;1955-04-14;Самара г.
crm-3625;Захаров Вадим Владимирович;+79910742801;user2572.вади@mail.ru;1996-09-08;Уфа
crm-2773;Максим Фёдоров;;USER1966.МАКС@MAIL.RU;1986-09-16;САНКТ-ПЕТЕРБУРГ
crm-106;Сёргёёв Дмитрий Васильёвич;; USER72.ДМИТ@MAIL.RU ;1963-06-14;г. Волгоград
crm-2970;Захаров Олег Евгеньевич;+79002720703;user2099.олег@mail.ru;1964-07-26;Краснодар
crm-3567;Петров-Водкин Глеб Евгеньевич;+79256187382;user2534.глеб@mail.ru;1998-02-25;Краснодар
crm-2242;Григорьев Вадим Александрович;+79141499906;user1605.вади@mail.ru;1957-08-11;Санкт-Петербург
crm-3359;Андреев Никита Михайлович;+79483723164;user2380.ники@mail.ru;1956-02-26;Екатеринбург
crm-2250;Васильев Юрий Евгеньевич;+79496653482;user1612.юрий@mail.ru;1992-04-27;Омск
crm-700;Орлов Лев Андреевич;+79925361560;user499.лев@mail.ru;1960-11-22;Нижний Новгород
crm-1122;Васильев Николай Владимирович;+79946094287;user794.нико@mail.ru;1956-01-20;Ростов-на-Дону
crm-2674;ЗАХАРОВ ДЕНИС АНДРЕЕВИЧ;8 (989) 919-62-55;USER1899.ДЕНИ@MAIL.RU;03/02/1973;Пермь г.
crm-1473;Павлова Виктория Павловна;+79104597736;user1046.викт@mail.ru;1991-11-03;Волгоград
crm-3429;КОЗЛОВ МАКСИМ ВИКТОРОВИЧ;+79863132727; USER2434.МАКС@MAIL.RU ;08/04/1988;г. Воронеж
crm-4042;Петров Борис Сергеевич;+79575484438;user2869.бори@mail.ru;1955-06-22;Ростов-на-Дону
crm-2539;Смирнова Галина Алексеевна;+79163382345;user1813.гали@mail.ru;1999-05-08;Уфа
crm-2036;Павлов Михаил Викторович;; USER1455.МИХА@MAIL.RU ;1969-01-01;Волгоград г.
crm-3458;Кузнецов Станислав Сергеевич;+79687286168;user2459.стан@mail.ru;1999-12-18;Нижний Новгород
crm-2304;Павлов Илья Павлович;+79377173742;user1648.илья@mail.ru;1961-10-04;Нижний Новгород
crm-2607;Алексеев Фёдор Евгеньевич;+79962214180;user1856.фeдо@mail.ru;1955-10-21;Санкт-Петербург
crm-2788;Зайцева Валентина Олеговна;+79171338058;user1978.вале@mail.ru;1958-12-24;Нижний Новгород
crm-1239;Яковлев Александр Борисович;+79401188201;user881.алек@mail.ru;1995-01-02;Омск
crm-3151;Макаров Валентин Олегович;+79286534174;user2235.вале@mail.ru;1999-07-28;Краснодар
crm-1110;Макаров Тимофей Борисович;+79082717524;user785.тимо@mail.ru;1978-02-07;Уфа
crm-1499;Андреев Евгений Николаевич;+79490089282;user1067.евге@mail.ru;1963-04-10;Екатеринбург
crm-3579;Васильев Кирилл Михайлович;+79762436329;user2542.кири@mail.ru;1958-09-18;Казань
crm-4244;???;;;31.02.1990;
crm-2456;Соколов Ярослав;79056374483; USER1750.ЯРОС@MAIL.RU ;19/06/1966;г. Красноярск
crm-1870;Егоров Андрей Михайлович;+79521644787;user1337.андр@mail.ru;1965-08-09;Краснодар
crm-1008;Козлова Светлана;964 212 69 58;;06/01/1975;Санкт-Петербург г.
crm-2405;Яковлев Евгений Дмитриевич;+79008487138;user1715.евге@mail.ru;1960-03-21;Москва
crm-1528;Романова Галина Сергеевна;+79294679679;user1091.гали@mail.ru;1966-02-26;Новосибирск
crm-220;Борисов Александр Викторович;+79088922205;user153.алек@mail.ru;1968-10-08;Пермь
crm-1948;Новикова Ксения Павловна;+79535952215;user1387.ксен@mail.ru;1990-10-21;Волгоград
crm-2369;Воробьёва Юлия Алексеевна;+79562573871;user1693.юлия@mail.ru;1989-09-03;Самара
crm-1857;Борисов Александр Николаевич;+79751274487;user1329.алек@mail.ru;1984-02-09;Новосибирск
crm-290;Зайцева Наталья Васильевна;+79585192562;user201.ната@mail.ru;1971-11-20;Москва
crm-2400;ПЕТРОВ-ВОДКИН АЛЕКСАНДР СЕРГЕЕВИЧ;980 063 73 00; USER1710.АЛЕК@MAIL.RU ;1986-05-18;г. Волгоград
crm-4118;Васильева Татьяна Андреевна;+79556474130;user2925.тать@mail.ru;1986-09-02;Волгоград
crm-841;Николаев Егор Александрович;+79485915920;user600.егор@mail.ru;1993-02-11;Волгоград
crm-1872;Егоров Андрей;952 164 47 87;USER1337.АНДР@MAIL.RU;1965-08-09;КРАСНОДАР
crm-2258;Римский-Корсаков Константин Александрович;+79282441443;user1617.конс@mail.ru;1957-10-26;Новосибирск
crm-3443;Лебедев Александр Сергеевич;+79122508664;user2448.алек@mail.ru;1977-05-17;Красноярск
crm-4314;???;12345;;99.99.9999;
crm-1301;Михайлов Даниил Владимирович;+79914327462;user924.дани@mail.ru;1964-04-11;Самара
crm-3170;ВОРОБЬЁВ ТИМОФЕЙ БОРИСОВИЧ;+79220504922; USER2250.ТИМО@MAIL.RU ;28.12.1995;ВОРОНЕЖ
crm-3508;Соколов Борис Андреевич;+79879916257;user2495.бори@mail.ru;1999-11-16;Красноярск
crm-4242;;;;99.99.9999;
crm-2630;Васильева Дарья Михайловна;+79125703893;user1868.дарь@mail.ru;1995-09-02;Нижний Новгород
crm-411;Светлана Римский-Корсаков;79367676764;;05.12.1999;Казань г.
crm-3661;Новиков Вадим Сергеевич;+79512584472;user2595.вади@mail.ru;1994-08-24;Нижний Новгород
crm-1497;Алексеев Константин Сергеевич;+79661212204;user1066.конс@mail.ru;1998-05-18;Нижний Новгород
crm-633;Семёнов Кирилл Сергеевич;+79385985800;user451.кири@mail.ru;1997-01-21;Нижний Новгород
crm-609;Петрова Татьяна Викторовна;+79870511067;user431.тать@mail.ru;1955-06-14;Пермь
crm-726;Романов Кирилл Сергеевич;+79894456896;user519.кири@mail.ru;1983-05-19;Казань
crm-336;СЕРГЕЕВ ПАВЕЛ ПАВЛОВИЧ;+79535864913;;1986-02-21;Санкт-Петербург г.
crm-4029;Лебедев Владимир Сергеевич;+79616659913;user2860.влад@mail.ru;1988-01-16;Санкт-Петербург
crm-4245;;;;99.99.9999;
crm-3959;Фролова  Екатерина  Олеговна;; USER2813.ЕКАТ@MAIL.RU ;2.10.1985;г. Волгоград
crm-1069;Кузнецова Виктория Васильевна;+79943665997;user752.викт@mail.ru;1999-07-24;Москва
crm-1343;Козлов Глеб Андреевич;+79092128759;user951.глеб@mail.ru;1992-01-20;Красноярск
crm-2276;Петров-Водкин Елена;; USER1631.ЕЛЕН@MAIL.RU ;1980-07-15;г. Самара
crm-4028;Павлов Борис Андреевич;+79731092960;user2859.бори@mail.ru;1986-02-11;Омск
crm-1064;Римский-Корсаков  Светлана  Борисовна;8-931-9317628120;;04/12/1995;г. Воронеж
crm-1096;Волков Лев Васильевич;+79236967525;user771.лев@mail.ru;1980-09-01;Воронеж
crm-1577;Римский-Корсаков Дмитрий;8 (908) 195-21-82;;21.7.1992;г. Пермь
crm-3287;Павлова Людмила Игоревна;+79720949756;user2337.людм@mail.ru;1971-03-16;Самара
crm-3101;Соколов Пётр Олегович;+79867577865;user2195.пeтр@mail.ru;1960-08-11;Воронеж
crm-1538;Никитин Лев Алексеевич;+79614131813;user1098.лев@mail.ru;1985-10-09;Воронеж
crm-2375;Фролова Юлия Васильевна;+79788240359;user1698.юлия@mail.ru;1972-05-01;Москва
crm-3339;Захарова Ольга Владимировна;+79654657665;user2369.ольг@mail.ru;1979-12-09;Новосибирск
crm-4179;ВОРОБЬЁВ ФЁДОР МИХАЙЛОВИЧ;+79041224568;;28/11/1984;Воронеж г.
crm-3434;Попов Денис Николаевич;+79426013684;user2439.дени@mail.ru;1955-03-26;Пермь
crm-2063;Борисов  Олег  Борисович;79113034983;USER1476.ОЛЕГ@MAIL.RU;07.10.1965;Красноярск г.
crm-2760;Попова Галина Васильевна;+79094341293;user1955.гали@mail.ru;1970-07-21;Краснодар
crm-2324;Андреева Людмила Борисовна;+79690699662;user1666.людм@mail.ru;1965-10-20;Омск
crm-1859;Егоров Иван;995 369 32 58; USER1330.ИВАН@MAIL.RU ;1979-01-05;ОМСК
crm-4229;???;;;31.02.1990;
crm-2371;Кузнецов Михаил Сергеевич;+79064292291;user1695.миха@mail.ru;1976-01-14;Нижний Новгород
crm-4083;ВОЛКОВА ОЛЬГА ЮРЬЕВНА;+79359120828; USER2901.ОЛЬГ@MAIL.RU ;21/05/1967;г. Омск
crm-623;Петров-Водкин Вера Петровна;+79052906908;user443.вера@mail.ru;1997-10-01;Пермь
